<?xml version="1.0" encoding="UTF-8"?>
<kml xmlns="http://www.opengis.net/kml/2.2">
<Document>
<name>050 Risovac-Krupa</name>
<Style id="polygonStyle">
  <LineStyle>
    <color>ff0000ff</color>
    <width>2</width>
  </LineStyle>
  <PolyStyle>
    <color>330000ff</color>
  </PolyStyle>
</Style>
<Style id="polygonLabel">
  <LabelStyle>
    <color>ff0000ff</color>
    <scale>1.2</scale>
  </LabelStyle>
</Style>
<Placemark>
<name>241</name>
<Point>
<coordinates>16.084958,44.760917</coordinates>
</Point>
</Placemark>
<Placemark>
<name>242</name>
<Point>
<coordinates>16.085052,44.760957</coordinates>
</Point>
</Placemark>
<Placemark>
<name>243</name>
<Point>
<coordinates>16.085405,44.761035</coordinates>
</Point>
</Placemark>
<Placemark>
<name>244</name>
<Point>
<coordinates>16.085520,44.761102</coordinates>
</Point>
</Placemark>
<Placemark>
<name>245</name>
<Point>
<coordinates>16.085653,44.761162</coordinates>
</Point>
</Placemark>
<Placemark>
<name>246</name>
<Point>
<coordinates>16.085790,44.761235</coordinates>
</Point>
</Placemark>
<Placemark>
<name>475</name>
<Point>
<coordinates>16.085947,44.761325</coordinates>
</Point>
</Placemark>
<Placemark>
<name>476</name>
<Point>
<coordinates>16.085902,44.761387</coordinates>
</Point>
</Placemark>
<Placemark>
<name>477</name>
<Point>
<coordinates>16.085777,44.761320</coordinates>
</Point>
</Placemark>
<Placemark>
<name>478</name>
<Point>
<coordinates>16.085585,44.761457</coordinates>
</Point>
</Placemark>
<Placemark>
<name>479</name>
<Point>
<coordinates>16.085667,44.761577</coordinates>
</Point>
</Placemark>
<Placemark>
<name>480</name>
<Point>
<coordinates>16.085467,44.761480</coordinates>
</Point>
</Placemark>
<Placemark>
<name>469</name>
<Point>
<coordinates>16.086772,44.761060</coordinates>
</Point>
</Placemark>
<Placemark>
<name>470</name>
<Point>
<coordinates>16.086452,44.761128</coordinates>
</Point>
</Placemark>
<Placemark>
<name>471</name>
<Point>
<coordinates>16.086345,44.761108</coordinates>
</Point>
</Placemark>
<Placemark>
<name>472</name>
<Point>
<coordinates>16.086133,44.761255</coordinates>
</Point>
</Placemark>
<Placemark>
<name>473</name>
<Point>
<coordinates>16.086098,44.761253</coordinates>
</Point>
</Placemark>
<Placemark>
<name>474</name>
<Point>
<coordinates>16.086113,44.761257</coordinates>
</Point>
</Placemark>
<Placemark>
<name>463</name>
<Point>
<coordinates>16.086538,44.761403</coordinates>
</Point>
</Placemark>
<Placemark>
<name>464</name>
<Point>
<coordinates>16.086605,44.761262</coordinates>
</Point>
</Placemark>
<Placemark>
<name>465</name>
<Point>
<coordinates>16.086672,44.761247</coordinates>
</Point>
</Placemark>
<Placemark>
<name>466</name>
<Point>
<coordinates>16.086748,44.761187</coordinates>
</Point>
</Placemark>
<Placemark>
<name>467</name>
<Point>
<coordinates>16.086660,44.761102</coordinates>
</Point>
</Placemark>
<Placemark>
<name>468</name>
<Point>
<coordinates>16.086772,44.761060</coordinates>
</Point>
</Placemark>
<Placemark>
<name>457</name>
<Point>
<coordinates>16.086345,44.761982</coordinates>
</Point>
</Placemark>
<Placemark>
<name>458</name>
<Point>
<coordinates>16.086387,44.761928</coordinates>
</Point>
</Placemark>
<Placemark>
<name>459</name>
<Point>
<coordinates>16.086288,44.761875</coordinates>
</Point>
</Placemark>
<Placemark>
<name>460</name>
<Point>
<coordinates>16.086228,44.761708</coordinates>
</Point>
</Placemark>
<Placemark>
<name>461</name>
<Point>
<coordinates>16.086487,44.761492</coordinates>
</Point>
</Placemark>
<Placemark>
<name>462</name>
<Point>
<coordinates>16.086535,44.761413</coordinates>
</Point>
</Placemark>
<Placemark>
<name>451</name>
<Point>
<coordinates>16.086288,44.762162</coordinates>
</Point>
</Placemark>
<Placemark>
<name>452</name>
<Point>
<coordinates>16.086253,44.762058</coordinates>
</Point>
</Placemark>
<Placemark>
<name>453</name>
<Point>
<coordinates>16.086253,44.762058</coordinates>
</Point>
</Placemark>
<Placemark>
<name>454</name>
<Point>
<coordinates>16.086253,44.762058</coordinates>
</Point>
</Placemark>
<Placemark>
<name>455</name>
<Point>
<coordinates>16.086253,44.762058</coordinates>
</Point>
</Placemark>
<Placemark>
<name>456</name>
<Point>
<coordinates>16.086345,44.761982</coordinates>
</Point>
</Placemark>
<Placemark>
<name>445</name>
<Point>
<coordinates>16.086213,44.762233</coordinates>
</Point>
</Placemark>
<Placemark>
<name>446</name>
<Point>
<coordinates>16.086213,44.762233</coordinates>
</Point>
</Placemark>
<Placemark>
<name>447</name>
<Point>
<coordinates>16.086288,44.762162</coordinates>
</Point>
</Placemark>
<Placemark>
<name>448</name>
<Point>
<coordinates>16.086288,44.762162</coordinates>
</Point>
</Placemark>
<Placemark>
<name>449</name>
<Point>
<coordinates>16.086288,44.762162</coordinates>
</Point>
</Placemark>
<Placemark>
<name>450</name>
<Point>
<coordinates>16.086288,44.762162</coordinates>
</Point>
</Placemark>
<Placemark>
<name>439</name>
<Point>
<coordinates>16.085590,44.762707</coordinates>
</Point>
</Placemark>
<Placemark>
<name>440</name>
<Point>
<coordinates>16.085625,44.762595</coordinates>
</Point>
</Placemark>
<Placemark>
<name>441</name>
<Point>
<coordinates>16.085852,44.762582</coordinates>
</Point>
</Placemark>
<Placemark>
<name>442</name>
<Point>
<coordinates>16.085988,44.762388</coordinates>
</Point>
</Placemark>
<Placemark>
<name>443</name>
<Point>
<coordinates>16.086097,44.762313</coordinates>
</Point>
</Placemark>
<Placemark>
<name>444</name>
<Point>
<coordinates>16.086107,44.762290</coordinates>
</Point>
</Placemark>
<Placemark>
<name>433</name>
<Point>
<coordinates>16.085675,44.763000</coordinates>
</Point>
</Placemark>
<Placemark>
<name>434</name>
<Point>
<coordinates>16.085675,44.763000</coordinates>
</Point>
</Placemark>
<Placemark>
<name>435</name>
<Point>
<coordinates>16.085705,44.762897</coordinates>
</Point>
</Placemark>
<Placemark>
<name>436</name>
<Point>
<coordinates>16.085687,44.762847</coordinates>
</Point>
</Placemark>
<Placemark>
<name>437</name>
<Point>
<coordinates>16.085687,44.762847</coordinates>
</Point>
</Placemark>
<Placemark>
<name>438</name>
<Point>
<coordinates>16.085687,44.762847</coordinates>
</Point>
</Placemark>
<Placemark>
<name>427</name>
<Point>
<coordinates>16.084963,44.763378</coordinates>
</Point>
</Placemark>
<Placemark>
<name>428</name>
<Point>
<coordinates>16.084963,44.763378</coordinates>
</Point>
</Placemark>
<Placemark>
<name>429</name>
<Point>
<coordinates>16.085043,44.763252</coordinates>
</Point>
</Placemark>
<Placemark>
<name>430</name>
<Point>
<coordinates>16.085295,44.763120</coordinates>
</Point>
</Placemark>
<Placemark>
<name>431</name>
<Point>
<coordinates>16.085550,44.763047</coordinates>
</Point>
</Placemark>
<Placemark>
<name>432</name>
<Point>
<coordinates>16.085633,44.763040</coordinates>
</Point>
</Placemark>
<Placemark>
<name>421</name>
<Point>
<coordinates>16.085123,44.763607</coordinates>
</Point>
</Placemark>
<Placemark>
<name>422</name>
<Point>
<coordinates>16.085132,44.763512</coordinates>
</Point>
</Placemark>
<Placemark>
<name>423</name>
<Point>
<coordinates>16.084963,44.763378</coordinates>
</Point>
</Placemark>
<Placemark>
<name>424</name>
<Point>
<coordinates>16.084963,44.763378</coordinates>
</Point>
</Placemark>
<Placemark>
<name>425</name>
<Point>
<coordinates>16.084963,44.763378</coordinates>
</Point>
</Placemark>
<Placemark>
<name>426</name>
<Point>
<coordinates>16.084963,44.763378</coordinates>
</Point>
</Placemark>
<Placemark>
<name>415</name>
<Point>
<coordinates>16.084778,44.763835</coordinates>
</Point>
</Placemark>
<Placemark>
<name>416</name>
<Point>
<coordinates>16.084778,44.763835</coordinates>
</Point>
</Placemark>
<Placemark>
<name>417</name>
<Point>
<coordinates>16.084857,44.763803</coordinates>
</Point>
</Placemark>
<Placemark>
<name>418</name>
<Point>
<coordinates>16.084947,44.763698</coordinates>
</Point>
</Placemark>
<Placemark>
<name>419</name>
<Point>
<coordinates>16.084947,44.763698</coordinates>
</Point>
</Placemark>
<Placemark>
<name>420</name>
<Point>
<coordinates>16.084947,44.763698</coordinates>
</Point>
</Placemark>
<Placemark>
<name>409</name>
<Point>
<coordinates>16.084468,44.764007</coordinates>
</Point>
</Placemark>
<Placemark>
<name>410</name>
<Point>
<coordinates>16.084468,44.764007</coordinates>
</Point>
</Placemark>
<Placemark>
<name>411</name>
<Point>
<coordinates>16.084468,44.764007</coordinates>
</Point>
</Placemark>
<Placemark>
<name>412</name>
<Point>
<coordinates>16.084752,44.763880</coordinates>
</Point>
</Placemark>
<Placemark>
<name>413</name>
<Point>
<coordinates>16.084752,44.763880</coordinates>
</Point>
</Placemark>
<Placemark>
<name>414</name>
<Point>
<coordinates>16.084770,44.763843</coordinates>
</Point>
</Placemark>
<Placemark>
<name>403</name>
<Point>
<coordinates>16.083613,44.764097</coordinates>
</Point>
</Placemark>
<Placemark>
<name>404</name>
<Point>
<coordinates>16.083637,44.764098</coordinates>
</Point>
</Placemark>
<Placemark>
<name>405</name>
<Point>
<coordinates>16.083637,44.764098</coordinates>
</Point>
</Placemark>
<Placemark>
<name>406</name>
<Point>
<coordinates>16.083550,44.764015</coordinates>
</Point>
</Placemark>
<Placemark>
<name>407</name>
<Point>
<coordinates>16.083753,44.764007</coordinates>
</Point>
</Placemark>
<Placemark>
<name>408</name>
<Point>
<coordinates>16.084463,44.763910</coordinates>
</Point>
</Placemark>
<Placemark>
<name>397</name>
<Point>
<coordinates>16.083433,44.764390</coordinates>
</Point>
</Placemark>
<Placemark>
<name>398</name>
<Point>
<coordinates>16.083433,44.764390</coordinates>
</Point>
</Placemark>
<Placemark>
<name>399</name>
<Point>
<coordinates>16.083433,44.764390</coordinates>
</Point>
</Placemark>
<Placemark>
<name>400</name>
<Point>
<coordinates>16.083433,44.764390</coordinates>
</Point>
</Placemark>
<Placemark>
<name>401</name>
<Point>
<coordinates>16.083588,44.764332</coordinates>
</Point>
</Placemark>
<Placemark>
<name>402</name>
<Point>
<coordinates>16.083588,44.764332</coordinates>
</Point>
</Placemark>
<Placemark>
<name>391</name>
<Point>
<coordinates>16.083357,44.764553</coordinates>
</Point>
</Placemark>
<Placemark>
<name>392</name>
<Point>
<coordinates>16.083357,44.764553</coordinates>
</Point>
</Placemark>
<Placemark>
<name>393</name>
<Point>
<coordinates>16.083307,44.764518</coordinates>
</Point>
</Placemark>
<Placemark>
<name>394</name>
<Point>
<coordinates>16.083433,44.764390</coordinates>
</Point>
</Placemark>
<Placemark>
<name>395</name>
<Point>
<coordinates>16.083433,44.764390</coordinates>
</Point>
</Placemark>
<Placemark>
<name>396</name>
<Point>
<coordinates>16.083433,44.764390</coordinates>
</Point>
</Placemark>
<Placemark>
<name>385</name>
<Point>
<coordinates>16.083043,44.765047</coordinates>
</Point>
</Placemark>
<Placemark>
<name>386</name>
<Point>
<coordinates>16.083118,44.765020</coordinates>
</Point>
</Placemark>
<Placemark>
<name>387</name>
<Point>
<coordinates>16.083160,44.764993</coordinates>
</Point>
</Placemark>
<Placemark>
<name>388</name>
<Point>
<coordinates>16.083173,44.764987</coordinates>
</Point>
</Placemark>
<Placemark>
<name>389</name>
<Point>
<coordinates>16.083220,44.764853</coordinates>
</Point>
</Placemark>
<Placemark>
<name>390</name>
<Point>
<coordinates>16.083280,44.764758</coordinates>
</Point>
</Placemark>
<Placemark>
<name>379</name>
<Point>
<coordinates>16.082950,44.765363</coordinates>
</Point>
</Placemark>
<Placemark>
<name>380</name>
<Point>
<coordinates>16.082907,44.765303</coordinates>
</Point>
</Placemark>
<Placemark>
<name>381</name>
<Point>
<coordinates>16.082860,44.765233</coordinates>
</Point>
</Placemark>
<Placemark>
<name>382</name>
<Point>
<coordinates>16.082860,44.765233</coordinates>
</Point>
</Placemark>
<Placemark>
<name>383</name>
<Point>
<coordinates>16.082938,44.765145</coordinates>
</Point>
</Placemark>
<Placemark>
<name>384</name>
<Point>
<coordinates>16.082938,44.765145</coordinates>
</Point>
</Placemark>
<Placemark>
<name>373</name>
<Point>
<coordinates>16.082880,44.765777</coordinates>
</Point>
</Placemark>
<Placemark>
<name>374</name>
<Point>
<coordinates>16.082663,44.765593</coordinates>
</Point>
</Placemark>
<Placemark>
<name>375</name>
<Point>
<coordinates>16.082663,44.765593</coordinates>
</Point>
</Placemark>
<Placemark>
<name>376</name>
<Point>
<coordinates>16.082823,44.765577</coordinates>
</Point>
</Placemark>
<Placemark>
<name>377</name>
<Point>
<coordinates>16.082837,44.765483</coordinates>
</Point>
</Placemark>
<Placemark>
<name>378</name>
<Point>
<coordinates>16.082837,44.765483</coordinates>
</Point>
</Placemark>
<Placemark>
<name>367</name>
<Point>
<coordinates>16.082780,44.766308</coordinates>
</Point>
</Placemark>
<Placemark>
<name>368</name>
<Point>
<coordinates>16.082910,44.766130</coordinates>
</Point>
</Placemark>
<Placemark>
<name>369</name>
<Point>
<coordinates>16.082910,44.766130</coordinates>
</Point>
</Placemark>
<Placemark>
<name>370</name>
<Point>
<coordinates>16.082743,44.765978</coordinates>
</Point>
</Placemark>
<Placemark>
<name>371</name>
<Point>
<coordinates>16.082863,44.765803</coordinates>
</Point>
</Placemark>
<Placemark>
<name>372</name>
<Point>
<coordinates>16.082887,44.765785</coordinates>
</Point>
</Placemark>
<Placemark>
<name>361</name>
<Point>
<coordinates>16.082925,44.766483</coordinates>
</Point>
</Placemark>
<Placemark>
<name>362</name>
<Point>
<coordinates>16.082865,44.766497</coordinates>
</Point>
</Placemark>
<Placemark>
<name>363</name>
<Point>
<coordinates>16.082862,44.766445</coordinates>
</Point>
</Placemark>
<Placemark>
<name>364</name>
<Point>
<coordinates>16.082857,44.766387</coordinates>
</Point>
</Placemark>
<Placemark>
<name>365</name>
<Point>
<coordinates>16.082780,44.766308</coordinates>
</Point>
</Placemark>
<Placemark>
<name>366</name>
<Point>
<coordinates>16.082780,44.766308</coordinates>
</Point>
</Placemark>
<Placemark>
<name>355</name>
<Point>
<coordinates>16.082592,44.766693</coordinates>
</Point>
</Placemark>
<Placemark>
<name>356</name>
<Point>
<coordinates>16.082677,44.766715</coordinates>
</Point>
</Placemark>
<Placemark>
<name>357</name>
<Point>
<coordinates>16.082728,44.766720</coordinates>
</Point>
</Placemark>
<Placemark>
<name>358</name>
<Point>
<coordinates>16.082773,44.766708</coordinates>
</Point>
</Placemark>
<Placemark>
<name>359</name>
<Point>
<coordinates>16.082855,44.766630</coordinates>
</Point>
</Placemark>
<Placemark>
<name>360</name>
<Point>
<coordinates>16.082855,44.766630</coordinates>
</Point>
</Placemark>
<Placemark>
<name>349</name>
<Point>
<coordinates>16.082392,44.766263</coordinates>
</Point>
</Placemark>
<Placemark>
<name>350</name>
<Point>
<coordinates>16.082392,44.766263</coordinates>
</Point>
</Placemark>
<Placemark>
<name>351</name>
<Point>
<coordinates>16.082440,44.766363</coordinates>
</Point>
</Placemark>
<Placemark>
<name>352</name>
<Point>
<coordinates>16.082442,44.766533</coordinates>
</Point>
</Placemark>
<Placemark>
<name>353</name>
<Point>
<coordinates>16.082442,44.766533</coordinates>
</Point>
</Placemark>
<Placemark>
<name>354</name>
<Point>
<coordinates>16.082442,44.766533</coordinates>
</Point>
</Placemark>
<Placemark>
<name>343</name>
<Point>
<coordinates>16.082205,44.765892</coordinates>
</Point>
</Placemark>
<Placemark>
<name>344</name>
<Point>
<coordinates>16.082205,44.765892</coordinates>
</Point>
</Placemark>
<Placemark>
<name>345</name>
<Point>
<coordinates>16.082183,44.765912</coordinates>
</Point>
</Placemark>
<Placemark>
<name>346</name>
<Point>
<coordinates>16.082260,44.766112</coordinates>
</Point>
</Placemark>
<Placemark>
<name>347</name>
<Point>
<coordinates>16.082375,44.766150</coordinates>
</Point>
</Placemark>
<Placemark>
<name>348</name>
<Point>
<coordinates>16.082420,44.766232</coordinates>
</Point>
</Placemark>
<Placemark>
<name>337</name>
<Point>
<coordinates>16.082433,44.765517</coordinates>
</Point>
</Placemark>
<Placemark>
<name>338</name>
<Point>
<coordinates>16.082333,44.765490</coordinates>
</Point>
</Placemark>
<Placemark>
<name>339</name>
<Point>
<coordinates>16.082403,44.765678</coordinates>
</Point>
</Placemark>
<Placemark>
<name>340</name>
<Point>
<coordinates>16.082333,44.765792</coordinates>
</Point>
</Placemark>
<Placemark>
<name>341</name>
<Point>
<coordinates>16.082333,44.765792</coordinates>
</Point>
</Placemark>
<Placemark>
<name>342</name>
<Point>
<coordinates>16.082205,44.765892</coordinates>
</Point>
</Placemark>
<Placemark>
<name>331</name>
<Point>
<coordinates>16.082580,44.765288</coordinates>
</Point>
</Placemark>
<Placemark>
<name>332</name>
<Point>
<coordinates>16.082540,44.765323</coordinates>
</Point>
</Placemark>
<Placemark>
<name>333</name>
<Point>
<coordinates>16.082527,44.765367</coordinates>
</Point>
</Placemark>
<Placemark>
<name>334</name>
<Point>
<coordinates>16.082462,44.765397</coordinates>
</Point>
</Placemark>
<Placemark>
<name>335</name>
<Point>
<coordinates>16.082462,44.765397</coordinates>
</Point>
</Placemark>
<Placemark>
<name>336</name>
<Point>
<coordinates>16.082462,44.765397</coordinates>
</Point>
</Placemark>
<Placemark>
<name>325</name>
<Point>
<coordinates>16.082742,44.764970</coordinates>
</Point>
</Placemark>
<Placemark>
<name>326</name>
<Point>
<coordinates>16.082643,44.765138</coordinates>
</Point>
</Placemark>
<Placemark>
<name>327</name>
<Point>
<coordinates>16.082635,44.765147</coordinates>
</Point>
</Placemark>
<Placemark>
<name>328</name>
<Point>
<coordinates>16.082635,44.765147</coordinates>
</Point>
</Placemark>
<Placemark>
<name>329</name>
<Point>
<coordinates>16.082638,44.765222</coordinates>
</Point>
</Placemark>
<Placemark>
<name>330</name>
<Point>
<coordinates>16.082580,44.765288</coordinates>
</Point>
</Placemark>
<Placemark>
<name>319</name>
<Point>
<coordinates>16.082838,44.764782</coordinates>
</Point>
</Placemark>
<Placemark>
<name>320</name>
<Point>
<coordinates>16.082717,44.764872</coordinates>
</Point>
</Placemark>
<Placemark>
<name>321</name>
<Point>
<coordinates>16.082703,44.764863</coordinates>
</Point>
</Placemark>
<Placemark>
<name>322</name>
<Point>
<coordinates>16.082703,44.764863</coordinates>
</Point>
</Placemark>
<Placemark>
<name>323</name>
<Point>
<coordinates>16.082750,44.764920</coordinates>
</Point>
</Placemark>
<Placemark>
<name>324</name>
<Point>
<coordinates>16.082742,44.764970</coordinates>
</Point>
</Placemark>
<Placemark>
<name>313</name>
<Point>
<coordinates>16.082863,44.764690</coordinates>
</Point>
</Placemark>
<Placemark>
<name>314</name>
<Point>
<coordinates>16.082865,44.764710</coordinates>
</Point>
</Placemark>
<Placemark>
<name>315</name>
<Point>
<coordinates>16.082825,44.764758</coordinates>
</Point>
</Placemark>
<Placemark>
<name>316</name>
<Point>
<coordinates>16.082838,44.764782</coordinates>
</Point>
</Placemark>
<Placemark>
<name>317</name>
<Point>
<coordinates>16.082838,44.764782</coordinates>
</Point>
</Placemark>
<Placemark>
<name>318</name>
<Point>
<coordinates>16.082838,44.764782</coordinates>
</Point>
</Placemark>
<Placemark>
<name>307</name>
<Point>
<coordinates>16.082983,44.764100</coordinates>
</Point>
</Placemark>
<Placemark>
<name>308</name>
<Point>
<coordinates>16.082915,44.764252</coordinates>
</Point>
</Placemark>
<Placemark>
<name>309</name>
<Point>
<coordinates>16.082950,44.764378</coordinates>
</Point>
</Placemark>
<Placemark>
<name>310</name>
<Point>
<coordinates>16.082977,44.764475</coordinates>
</Point>
</Placemark>
<Placemark>
<name>311</name>
<Point>
<coordinates>16.082915,44.764587</coordinates>
</Point>
</Placemark>
<Placemark>
<name>312</name>
<Point>
<coordinates>16.082862,44.764607</coordinates>
</Point>
</Placemark>
<Placemark>
<name>301</name>
<Point>
<coordinates>16.083267,44.763858</coordinates>
</Point>
</Placemark>
<Placemark>
<name>302</name>
<Point>
<coordinates>16.083252,44.763882</coordinates>
</Point>
</Placemark>
<Placemark>
<name>303</name>
<Point>
<coordinates>16.083117,44.763952</coordinates>
</Point>
</Placemark>
<Placemark>
<name>304</name>
<Point>
<coordinates>16.083023,44.764022</coordinates>
</Point>
</Placemark>
<Placemark>
<name>305</name>
<Point>
<coordinates>16.082992,44.764092</coordinates>
</Point>
</Placemark>
<Placemark>
<name>306</name>
<Point>
<coordinates>16.082983,44.764100</coordinates>
</Point>
</Placemark>
<Placemark>
<name>295</name>
<Point>
<coordinates>16.083875,44.763473</coordinates>
</Point>
</Placemark>
<Placemark>
<name>296</name>
<Point>
<coordinates>16.083783,44.763600</coordinates>
</Point>
</Placemark>
<Placemark>
<name>297</name>
<Point>
<coordinates>16.083770,44.763608</coordinates>
</Point>
</Placemark>
<Placemark>
<name>298</name>
<Point>
<coordinates>16.083753,44.763750</coordinates>
</Point>
</Placemark>
<Placemark>
<name>299</name>
<Point>
<coordinates>16.083713,44.763750</coordinates>
</Point>
</Placemark>
<Placemark>
<name>300</name>
<Point>
<coordinates>16.083577,44.763808</coordinates>
</Point>
</Placemark>
<Placemark>
<name>289</name>
<Point>
<coordinates>16.084185,44.763355</coordinates>
</Point>
</Placemark>
<Placemark>
<name>290</name>
<Point>
<coordinates>16.084188,44.763345</coordinates>
</Point>
</Placemark>
<Placemark>
<name>291</name>
<Point>
<coordinates>16.084048,44.763392</coordinates>
</Point>
</Placemark>
<Placemark>
<name>292</name>
<Point>
<coordinates>16.083963,44.763442</coordinates>
</Point>
</Placemark>
<Placemark>
<name>293</name>
<Point>
<coordinates>16.083875,44.763473</coordinates>
</Point>
</Placemark>
<Placemark>
<name>294</name>
<Point>
<coordinates>16.083875,44.763473</coordinates>
</Point>
</Placemark>
<Placemark>
<name>283</name>
<Point>
<coordinates>16.084737,44.763083</coordinates>
</Point>
</Placemark>
<Placemark>
<name>284</name>
<Point>
<coordinates>16.084718,44.763082</coordinates>
</Point>
</Placemark>
<Placemark>
<name>285</name>
<Point>
<coordinates>16.084525,44.763112</coordinates>
</Point>
</Placemark>
<Placemark>
<name>286</name>
<Point>
<coordinates>16.084415,44.763278</coordinates>
</Point>
</Placemark>
<Placemark>
<name>287</name>
<Point>
<coordinates>16.084267,44.763338</coordinates>
</Point>
</Placemark>
<Placemark>
<name>288</name>
<Point>
<coordinates>16.084240,44.763320</coordinates>
</Point>
</Placemark>
<Placemark>
<name>277</name>
<Point>
<coordinates>16.085225,44.762822</coordinates>
</Point>
</Placemark>
<Placemark>
<name>278</name>
<Point>
<coordinates>16.085062,44.762880</coordinates>
</Point>
</Placemark>
<Placemark>
<name>279</name>
<Point>
<coordinates>16.084893,44.762875</coordinates>
</Point>
</Placemark>
<Placemark>
<name>280</name>
<Point>
<coordinates>16.084900,44.762868</coordinates>
</Point>
</Placemark>
<Placemark>
<name>281</name>
<Point>
<coordinates>16.084918,44.762842</coordinates>
</Point>
</Placemark>
<Placemark>
<name>282</name>
<Point>
<coordinates>16.084883,44.762875</coordinates>
</Point>
</Placemark>
<Placemark>
<name>271</name>
<Point>
<coordinates>16.085707,44.762468</coordinates>
</Point>
</Placemark>
<Placemark>
<name>272</name>
<Point>
<coordinates>16.085618,44.762590</coordinates>
</Point>
</Placemark>
<Placemark>
<name>273</name>
<Point>
<coordinates>16.085560,44.762617</coordinates>
</Point>
</Placemark>
<Placemark>
<name>274</name>
<Point>
<coordinates>16.085387,44.762588</coordinates>
</Point>
</Placemark>
<Placemark>
<name>275</name>
<Point>
<coordinates>16.085297,44.762697</coordinates>
</Point>
</Placemark>
<Placemark>
<name>276</name>
<Point>
<coordinates>16.085215,44.762752</coordinates>
</Point>
</Placemark>
<Placemark>
<name>265</name>
<Point>
<coordinates>16.085893,44.762275</coordinates>
</Point>
</Placemark>
<Placemark>
<name>266</name>
<Point>
<coordinates>16.085895,44.762263</coordinates>
</Point>
</Placemark>
<Placemark>
<name>267</name>
<Point>
<coordinates>16.085853,44.762352</coordinates>
</Point>
</Placemark>
<Placemark>
<name>268</name>
<Point>
<coordinates>16.085847,44.762335</coordinates>
</Point>
</Placemark>
<Placemark>
<name>269</name>
<Point>
<coordinates>16.085860,44.762328</coordinates>
</Point>
</Placemark>
<Placemark>
<name>270</name>
<Point>
<coordinates>16.085860,44.762328</coordinates>
</Point>
</Placemark>
<Placemark>
<name>259</name>
<Point>
<coordinates>16.085863,44.761882</coordinates>
</Point>
</Placemark>
<Placemark>
<name>260</name>
<Point>
<coordinates>16.085863,44.761882</coordinates>
</Point>
</Placemark>
<Placemark>
<name>261</name>
<Point>
<coordinates>16.085857,44.761978</coordinates>
</Point>
</Placemark>
<Placemark>
<name>262</name>
<Point>
<coordinates>16.085857,44.761978</coordinates>
</Point>
</Placemark>
<Placemark>
<name>263</name>
<Point>
<coordinates>16.085802,44.761972</coordinates>
</Point>
</Placemark>
<Placemark>
<name>264</name>
<Point>
<coordinates>16.085945,44.762210</coordinates>
</Point>
</Placemark>
<Placemark>
<name>253</name>
<Point>
<coordinates>16.085855,44.761537</coordinates>
</Point>
</Placemark>
<Placemark>
<name>254</name>
<Point>
<coordinates>16.085855,44.761537</coordinates>
</Point>
</Placemark>
<Placemark>
<name>255</name>
<Point>
<coordinates>16.085817,44.761698</coordinates>
</Point>
</Placemark>
<Placemark>
<name>256</name>
<Point>
<coordinates>16.085827,44.761742</coordinates>
</Point>
</Placemark>
<Placemark>
<name>257</name>
<Point>
<coordinates>16.085815,44.761742</coordinates>
</Point>
</Placemark>
<Placemark>
<name>258</name>
<Point>
<coordinates>16.085888,44.761902</coordinates>
</Point>
</Placemark>
<Placemark>
<name>247</name>
<Point>
<coordinates>16.085795,44.761317</coordinates>
</Point>
</Placemark>
<Placemark>
<name>248</name>
<Point>
<coordinates>16.085892,44.761337</coordinates>
</Point>
</Placemark>
<Placemark>
<name>249</name>
<Point>
<coordinates>16.085893,44.761487</coordinates>
</Point>
</Placemark>
<Placemark>
<name>250</name>
<Point>
<coordinates>16.085880,44.761600</coordinates>
</Point>
</Placemark>
<Placemark>
<name>251</name>
<Point>
<coordinates>16.086040,44.761652</coordinates>
</Point>
</Placemark>
<Placemark>
<name>252</name>
<Point>
<coordinates>16.085850,44.761617</coordinates>
</Point>
</Placemark>
<Placemark>
<name>1</name>
<Point>
<coordinates>16.085277,44.761083</coordinates>
</Point>
</Placemark>
<Placemark>
<name>2</name>
<Point>
<coordinates>16.085277,44.761083</coordinates>
</Point>
</Placemark>
<Placemark>
<name>3</name>
<Point>
<coordinates>16.085448,44.761152</coordinates>
</Point>
</Placemark>
<Placemark>
<name>4</name>
<Point>
<coordinates>16.085540,44.761362</coordinates>
</Point>
</Placemark>
<Placemark>
<name>5</name>
<Point>
<coordinates>16.085540,44.761362</coordinates>
</Point>
</Placemark>
<Placemark>
<name>6</name>
<Point>
<coordinates>16.085630,44.761440</coordinates>
</Point>
</Placemark>
<Placemark>
<name>235</name>
<Point>
<coordinates>16.087342,44.761478</coordinates>
</Point>
</Placemark>
<Placemark>
<name>236</name>
<Point>
<coordinates>16.087597,44.761677</coordinates>
</Point>
</Placemark>
<Placemark>
<name>237</name>
<Point>
<coordinates>16.087297,44.761813</coordinates>
</Point>
</Placemark>
<Placemark>
<name>238</name>
<Point>
<coordinates>16.087112,44.761903</coordinates>
</Point>
</Placemark>
<Placemark>
<name>239</name>
<Point>
<coordinates>16.087133,44.761930</coordinates>
</Point>
</Placemark>
<Placemark>
<name>240</name>
<Point>
<coordinates>16.087008,44.762053</coordinates>
</Point>
</Placemark>
<Placemark>
<name>229</name>
<Point>
<coordinates>16.086960,44.761152</coordinates>
</Point>
</Placemark>
<Placemark>
<name>230</name>
<Point>
<coordinates>16.087060,44.761252</coordinates>
</Point>
</Placemark>
<Placemark>
<name>231</name>
<Point>
<coordinates>16.087170,44.761222</coordinates>
</Point>
</Placemark>
<Placemark>
<name>232</name>
<Point>
<coordinates>16.087227,44.761208</coordinates>
</Point>
</Placemark>
<Placemark>
<name>233</name>
<Point>
<coordinates>16.087463,44.761292</coordinates>
</Point>
</Placemark>
<Placemark>
<name>234</name>
<Point>
<coordinates>16.087337,44.761358</coordinates>
</Point>
</Placemark>
<Placemark>
<name>223</name>
<Point>
<coordinates>16.086838,44.761562</coordinates>
</Point>
</Placemark>
<Placemark>
<name>224</name>
<Point>
<coordinates>16.086978,44.761517</coordinates>
</Point>
</Placemark>
<Placemark>
<name>225</name>
<Point>
<coordinates>16.087012,44.761372</coordinates>
</Point>
</Placemark>
<Placemark>
<name>226</name>
<Point>
<coordinates>16.087043,44.761272</coordinates>
</Point>
</Placemark>
<Placemark>
<name>227</name>
<Point>
<coordinates>16.087043,44.761272</coordinates>
</Point>
</Placemark>
<Placemark>
<name>228</name>
<Point>
<coordinates>16.086960,44.761152</coordinates>
</Point>
</Placemark>
<Placemark>
<name>217</name>
<Point>
<coordinates>16.086818,44.761718</coordinates>
</Point>
</Placemark>
<Placemark>
<name>218</name>
<Point>
<coordinates>16.086818,44.761718</coordinates>
</Point>
</Placemark>
<Placemark>
<name>219</name>
<Point>
<coordinates>16.086818,44.761718</coordinates>
</Point>
</Placemark>
<Placemark>
<name>220</name>
<Point>
<coordinates>16.086818,44.761718</coordinates>
</Point>
</Placemark>
<Placemark>
<name>221</name>
<Point>
<coordinates>16.086798,44.761680</coordinates>
</Point>
</Placemark>
<Placemark>
<name>222</name>
<Point>
<coordinates>16.086837,44.761682</coordinates>
</Point>
</Placemark>
<Placemark>
<name>211</name>
<Point>
<coordinates>16.086493,44.762202</coordinates>
</Point>
</Placemark>
<Placemark>
<name>212</name>
<Point>
<coordinates>16.086542,44.762030</coordinates>
</Point>
</Placemark>
<Placemark>
<name>213</name>
<Point>
<coordinates>16.086633,44.761908</coordinates>
</Point>
</Placemark>
<Placemark>
<name>214</name>
<Point>
<coordinates>16.086652,44.761890</coordinates>
</Point>
</Placemark>
<Placemark>
<name>215</name>
<Point>
<coordinates>16.086722,44.761797</coordinates>
</Point>
</Placemark>
<Placemark>
<name>216</name>
<Point>
<coordinates>16.086722,44.761797</coordinates>
</Point>
</Placemark>
<Placemark>
<name>205</name>
<Point>
<coordinates>16.086245,44.762490</coordinates>
</Point>
</Placemark>
<Placemark>
<name>206</name>
<Point>
<coordinates>16.086353,44.762378</coordinates>
</Point>
</Placemark>
<Placemark>
<name>207</name>
<Point>
<coordinates>16.086607,44.762238</coordinates>
</Point>
</Placemark>
<Placemark>
<name>208</name>
<Point>
<coordinates>16.086528,44.762292</coordinates>
</Point>
</Placemark>
<Placemark>
<name>209</name>
<Point>
<coordinates>16.086368,44.762255</coordinates>
</Point>
</Placemark>
<Placemark>
<name>210</name>
<Point>
<coordinates>16.086398,44.762190</coordinates>
</Point>
</Placemark>
<Placemark>
<name>199</name>
<Point>
<coordinates>16.086005,44.762702</coordinates>
</Point>
</Placemark>
<Placemark>
<name>200</name>
<Point>
<coordinates>16.086098,44.762695</coordinates>
</Point>
</Placemark>
<Placemark>
<name>201</name>
<Point>
<coordinates>16.086102,44.762698</coordinates>
</Point>
</Placemark>
<Placemark>
<name>202</name>
<Point>
<coordinates>16.086112,44.762660</coordinates>
</Point>
</Placemark>
<Placemark>
<name>203</name>
<Point>
<coordinates>16.086112,44.762660</coordinates>
</Point>
</Placemark>
<Placemark>
<name>204</name>
<Point>
<coordinates>16.086247,44.762500</coordinates>
</Point>
</Placemark>
<Placemark>
<name>193</name>
<Point>
<coordinates>16.085623,44.763158</coordinates>
</Point>
</Placemark>
<Placemark>
<name>194</name>
<Point>
<coordinates>16.085623,44.763158</coordinates>
</Point>
</Placemark>
<Placemark>
<name>195</name>
<Point>
<coordinates>16.085727,44.763170</coordinates>
</Point>
</Placemark>
<Placemark>
<name>196</name>
<Point>
<coordinates>16.085940,44.763130</coordinates>
</Point>
</Placemark>
<Placemark>
<name>197</name>
<Point>
<coordinates>16.086037,44.763058</coordinates>
</Point>
</Placemark>
<Placemark>
<name>198</name>
<Point>
<coordinates>16.086040,44.762942</coordinates>
</Point>
</Placemark>
<Placemark>
<name>187</name>
<Point>
<coordinates>16.085328,44.763323</coordinates>
</Point>
</Placemark>
<Placemark>
<name>188</name>
<Point>
<coordinates>16.085328,44.763323</coordinates>
</Point>
</Placemark>
<Placemark>
<name>189</name>
<Point>
<coordinates>16.085143,44.763227</coordinates>
</Point>
</Placemark>
<Placemark>
<name>190</name>
<Point>
<coordinates>16.085318,44.763102</coordinates>
</Point>
</Placemark>
<Placemark>
<name>191</name>
<Point>
<coordinates>16.085343,44.763087</coordinates>
</Point>
</Placemark>
<Placemark>
<name>192</name>
<Point>
<coordinates>16.085495,44.763130</coordinates>
</Point>
</Placemark>
<Placemark>
<name>181</name>
<Point>
<coordinates>16.085515,44.763625</coordinates>
</Point>
</Placemark>
<Placemark>
<name>182</name>
<Point>
<coordinates>16.085515,44.763625</coordinates>
</Point>
</Placemark>
<Placemark>
<name>183</name>
<Point>
<coordinates>16.085498,44.763505</coordinates>
</Point>
</Placemark>
<Placemark>
<name>184</name>
<Point>
<coordinates>16.085498,44.763505</coordinates>
</Point>
</Placemark>
<Placemark>
<name>185</name>
<Point>
<coordinates>16.085445,44.763430</coordinates>
</Point>
</Placemark>
<Placemark>
<name>186</name>
<Point>
<coordinates>16.085328,44.763323</coordinates>
</Point>
</Placemark>
<Placemark>
<name>175</name>
<Point>
<coordinates>16.085108,44.763962</coordinates>
</Point>
</Placemark>
<Placemark>
<name>176</name>
<Point>
<coordinates>16.085212,44.763910</coordinates>
</Point>
</Placemark>
<Placemark>
<name>177</name>
<Point>
<coordinates>16.085355,44.763803</coordinates>
</Point>
</Placemark>
<Placemark>
<name>178</name>
<Point>
<coordinates>16.085355,44.763803</coordinates>
</Point>
</Placemark>
<Placemark>
<name>179</name>
<Point>
<coordinates>16.085340,44.763790</coordinates>
</Point>
</Placemark>
<Placemark>
<name>180</name>
<Point>
<coordinates>16.085353,44.763790</coordinates>
</Point>
</Placemark>
<Placemark>
<name>169</name>
<Point>
<coordinates>16.084432,44.764018</coordinates>
</Point>
</Placemark>
<Placemark>
<name>170</name>
<Point>
<coordinates>16.084625,44.764107</coordinates>
</Point>
</Placemark>
<Placemark>
<name>171</name>
<Point>
<coordinates>16.084682,44.764132</coordinates>
</Point>
</Placemark>
<Placemark>
<name>172</name>
<Point>
<coordinates>16.084833,44.764050</coordinates>
</Point>
</Placemark>
<Placemark>
<name>173</name>
<Point>
<coordinates>16.084897,44.764030</coordinates>
</Point>
</Placemark>
<Placemark>
<name>174</name>
<Point>
<coordinates>16.085063,44.763990</coordinates>
</Point>
</Placemark>
<Placemark>
<name>163</name>
<Point>
<coordinates>16.083595,44.764917</coordinates>
</Point>
</Placemark>
<Placemark>
<name>164</name>
<Point>
<coordinates>16.083595,44.764917</coordinates>
</Point>
</Placemark>
<Placemark>
<name>165</name>
<Point>
<coordinates>16.083595,44.764917</coordinates>
</Point>
</Placemark>
<Placemark>
<name>166</name>
<Point>
<coordinates>16.083595,44.764917</coordinates>
</Point>
</Placemark>
<Placemark>
<name>167</name>
<Point>
<coordinates>16.084180,44.763868</coordinates>
</Point>
</Placemark>
<Placemark>
<name>168</name>
<Point>
<coordinates>16.084447,44.763983</coordinates>
</Point>
</Placemark>
<Placemark>
<name>157</name>
<Point>
<coordinates>16.083595,44.764917</coordinates>
</Point>
</Placemark>
<Placemark>
<name>158</name>
<Point>
<coordinates>16.083595,44.764917</coordinates>
</Point>
</Placemark>
<Placemark>
<name>159</name>
<Point>
<coordinates>16.083595,44.764917</coordinates>
</Point>
</Placemark>
<Placemark>
<name>160</name>
<Point>
<coordinates>16.083595,44.764917</coordinates>
</Point>
</Placemark>
<Placemark>
<name>161</name>
<Point>
<coordinates>16.083595,44.764917</coordinates>
</Point>
</Placemark>
<Placemark>
<name>162</name>
<Point>
<coordinates>16.083595,44.764917</coordinates>
</Point>
</Placemark>
<Placemark>
<name>151</name>
<Point>
<coordinates>16.083595,44.764917</coordinates>
</Point>
</Placemark>
<Placemark>
<name>152</name>
<Point>
<coordinates>16.083595,44.764917</coordinates>
</Point>
</Placemark>
<Placemark>
<name>153</name>
<Point>
<coordinates>16.083595,44.764917</coordinates>
</Point>
</Placemark>
<Placemark>
<name>154</name>
<Point>
<coordinates>16.083595,44.764917</coordinates>
</Point>
</Placemark>
<Placemark>
<name>155</name>
<Point>
<coordinates>16.083595,44.764917</coordinates>
</Point>
</Placemark>
<Placemark>
<name>156</name>
<Point>
<coordinates>16.083595,44.764917</coordinates>
</Point>
</Placemark>
<Placemark>
<name>145</name>
<Point>
<coordinates>16.083068,44.766382</coordinates>
</Point>
</Placemark>
<Placemark>
<name>146</name>
<Point>
<coordinates>16.083068,44.766382</coordinates>
</Point>
</Placemark>
<Placemark>
<name>147</name>
<Point>
<coordinates>16.083068,44.766382</coordinates>
</Point>
</Placemark>
<Placemark>
<name>148</name>
<Point>
<coordinates>16.083068,44.766382</coordinates>
</Point>
</Placemark>
<Placemark>
<name>149</name>
<Point>
<coordinates>16.083595,44.764917</coordinates>
</Point>
</Placemark>
<Placemark>
<name>150</name>
<Point>
<coordinates>16.083595,44.764917</coordinates>
</Point>
</Placemark>
<Placemark>
<name>139</name>
<Point>
<coordinates>16.083068,44.766382</coordinates>
</Point>
</Placemark>
<Placemark>
<name>140</name>
<Point>
<coordinates>16.083068,44.766382</coordinates>
</Point>
</Placemark>
<Placemark>
<name>141</name>
<Point>
<coordinates>16.083068,44.766382</coordinates>
</Point>
</Placemark>
<Placemark>
<name>142</name>
<Point>
<coordinates>16.083068,44.766382</coordinates>
</Point>
</Placemark>
<Placemark>
<name>143</name>
<Point>
<coordinates>16.083068,44.766382</coordinates>
</Point>
</Placemark>
<Placemark>
<name>144</name>
<Point>
<coordinates>16.083068,44.766382</coordinates>
</Point>
</Placemark>
<Placemark>
<name>133</name>
<Point>
<coordinates>16.083068,44.766382</coordinates>
</Point>
</Placemark>
<Placemark>
<name>134</name>
<Point>
<coordinates>16.083068,44.766382</coordinates>
</Point>
</Placemark>
<Placemark>
<name>135</name>
<Point>
<coordinates>16.083068,44.766382</coordinates>
</Point>
</Placemark>
<Placemark>
<name>136</name>
<Point>
<coordinates>16.083068,44.766382</coordinates>
</Point>
</Placemark>
<Placemark>
<name>137</name>
<Point>
<coordinates>16.083068,44.766382</coordinates>
</Point>
</Placemark>
<Placemark>
<name>138</name>
<Point>
<coordinates>16.083068,44.766382</coordinates>
</Point>
</Placemark>
<Placemark>
<name>127</name>
<Point>
<coordinates>16.083068,44.766382</coordinates>
</Point>
</Placemark>
<Placemark>
<name>128</name>
<Point>
<coordinates>16.083068,44.766382</coordinates>
</Point>
</Placemark>
<Placemark>
<name>129</name>
<Point>
<coordinates>16.083068,44.766382</coordinates>
</Point>
</Placemark>
<Placemark>
<name>130</name>
<Point>
<coordinates>16.083068,44.766382</coordinates>
</Point>
</Placemark>
<Placemark>
<name>131</name>
<Point>
<coordinates>16.083068,44.766382</coordinates>
</Point>
</Placemark>
<Placemark>
<name>132</name>
<Point>
<coordinates>16.083068,44.766382</coordinates>
</Point>
</Placemark>
<Placemark>
<name>121</name>
<Point>
<coordinates>16.082485,44.766760</coordinates>
</Point>
</Placemark>
<Placemark>
<name>122</name>
<Point>
<coordinates>16.083068,44.766382</coordinates>
</Point>
</Placemark>
<Placemark>
<name>123</name>
<Point>
<coordinates>16.083068,44.766382</coordinates>
</Point>
</Placemark>
<Placemark>
<name>124</name>
<Point>
<coordinates>16.083068,44.766382</coordinates>
</Point>
</Placemark>
<Placemark>
<name>125</name>
<Point>
<coordinates>16.083068,44.766382</coordinates>
</Point>
</Placemark>
<Placemark>
<name>126</name>
<Point>
<coordinates>16.083068,44.766382</coordinates>
</Point>
</Placemark>
<Placemark>
<name>115</name>
<Point>
<coordinates>16.082163,44.766763</coordinates>
</Point>
</Placemark>
<Placemark>
<name>116</name>
<Point>
<coordinates>16.082163,44.766763</coordinates>
</Point>
</Placemark>
<Placemark>
<name>117</name>
<Point>
<coordinates>16.082103,44.766803</coordinates>
</Point>
</Placemark>
<Placemark>
<name>118</name>
<Point>
<coordinates>16.082087,44.766742</coordinates>
</Point>
</Placemark>
<Placemark>
<name>119</name>
<Point>
<coordinates>16.082080,44.766697</coordinates>
</Point>
</Placemark>
<Placemark>
<name>120</name>
<Point>
<coordinates>16.081848,44.766588</coordinates>
</Point>
</Placemark>
<Placemark>
<name>109</name>
<Point>
<coordinates>16.082063,44.766455</coordinates>
</Point>
</Placemark>
<Placemark>
<name>110</name>
<Point>
<coordinates>16.082073,44.766548</coordinates>
</Point>
</Placemark>
<Placemark>
<name>111</name>
<Point>
<coordinates>16.082073,44.766548</coordinates>
</Point>
</Placemark>
<Placemark>
<name>112</name>
<Point>
<coordinates>16.082200,44.766585</coordinates>
</Point>
</Placemark>
<Placemark>
<name>113</name>
<Point>
<coordinates>16.082200,44.766585</coordinates>
</Point>
</Placemark>
<Placemark>
<name>114</name>
<Point>
<coordinates>16.082110,44.766667</coordinates>
</Point>
</Placemark>
<Placemark>
<name>103</name>
<Point>
<coordinates>16.081995,44.766138</coordinates>
</Point>
</Placemark>
<Placemark>
<name>104</name>
<Point>
<coordinates>16.081842,44.766290</coordinates>
</Point>
</Placemark>
<Placemark>
<name>105</name>
<Point>
<coordinates>16.081818,44.766548</coordinates>
</Point>
</Placemark>
<Placemark>
<name>106</name>
<Point>
<coordinates>16.081947,44.766473</coordinates>
</Point>
</Placemark>
<Placemark>
<name>107</name>
<Point>
<coordinates>16.082007,44.766502</coordinates>
</Point>
</Placemark>
<Placemark>
<name>108</name>
<Point>
<coordinates>16.082063,44.766455</coordinates>
</Point>
</Placemark>
<Placemark>
<name>97</name>
<Point>
<coordinates>16.081772,44.765842</coordinates>
</Point>
</Placemark>
<Placemark>
<name>98</name>
<Point>
<coordinates>16.081772,44.765842</coordinates>
</Point>
</Placemark>
<Placemark>
<name>99</name>
<Point>
<coordinates>16.081857,44.766072</coordinates>
</Point>
</Placemark>
<Placemark>
<name>100</name>
<Point>
<coordinates>16.081857,44.766072</coordinates>
</Point>
</Placemark>
<Placemark>
<name>101</name>
<Point>
<coordinates>16.081857,44.766072</coordinates>
</Point>
</Placemark>
<Placemark>
<name>102</name>
<Point>
<coordinates>16.081997,44.766127</coordinates>
</Point>
</Placemark>
<Placemark>
<name>91</name>
<Point>
<coordinates>16.082190,44.765160</coordinates>
</Point>
</Placemark>
<Placemark>
<name>92</name>
<Point>
<coordinates>16.082070,44.765347</coordinates>
</Point>
</Placemark>
<Placemark>
<name>93</name>
<Point>
<coordinates>16.081925,44.765450</coordinates>
</Point>
</Placemark>
<Placemark>
<name>94</name>
<Point>
<coordinates>16.081925,44.765450</coordinates>
</Point>
</Placemark>
<Placemark>
<name>95</name>
<Point>
<coordinates>16.081767,44.765625</coordinates>
</Point>
</Placemark>
<Placemark>
<name>96</name>
<Point>
<coordinates>16.081820,44.765807</coordinates>
</Point>
</Placemark>
<Placemark>
<name>85</name>
<Point>
<coordinates>16.082362,44.764937</coordinates>
</Point>
</Placemark>
<Placemark>
<name>86</name>
<Point>
<coordinates>16.082335,44.764953</coordinates>
</Point>
</Placemark>
<Placemark>
<name>87</name>
<Point>
<coordinates>16.082335,44.764953</coordinates>
</Point>
</Placemark>
<Placemark>
<name>88</name>
<Point>
<coordinates>16.082263,44.765005</coordinates>
</Point>
</Placemark>
<Placemark>
<name>89</name>
<Point>
<coordinates>16.082190,44.765160</coordinates>
</Point>
</Placemark>
<Placemark>
<name>90</name>
<Point>
<coordinates>16.082190,44.765160</coordinates>
</Point>
</Placemark>
<Placemark>
<name>79</name>
<Point>
<coordinates>16.082362,44.764937</coordinates>
</Point>
</Placemark>
<Placemark>
<name>80</name>
<Point>
<coordinates>16.082362,44.764937</coordinates>
</Point>
</Placemark>
<Placemark>
<name>81</name>
<Point>
<coordinates>16.082362,44.764937</coordinates>
</Point>
</Placemark>
<Placemark>
<name>82</name>
<Point>
<coordinates>16.082362,44.764937</coordinates>
</Point>
</Placemark>
<Placemark>
<name>83</name>
<Point>
<coordinates>16.082362,44.764937</coordinates>
</Point>
</Placemark>
<Placemark>
<name>84</name>
<Point>
<coordinates>16.082362,44.764937</coordinates>
</Point>
</Placemark>
<Placemark>
<name>73</name>
<Point>
<coordinates>16.082470,44.764623</coordinates>
</Point>
</Placemark>
<Placemark>
<name>74</name>
<Point>
<coordinates>16.082470,44.764623</coordinates>
</Point>
</Placemark>
<Placemark>
<name>75</name>
<Point>
<coordinates>16.082408,44.764765</coordinates>
</Point>
</Placemark>
<Placemark>
<name>76</name>
<Point>
<coordinates>16.082408,44.764765</coordinates>
</Point>
</Placemark>
<Placemark>
<name>77</name>
<Point>
<coordinates>16.082388,44.764913</coordinates>
</Point>
</Placemark>
<Placemark>
<name>78</name>
<Point>
<coordinates>16.082362,44.764937</coordinates>
</Point>
</Placemark>
<Placemark>
<name>67</name>
<Point>
<coordinates>16.082667,44.763887</coordinates>
</Point>
</Placemark>
<Placemark>
<name>68</name>
<Point>
<coordinates>16.082663,44.763898</coordinates>
</Point>
</Placemark>
<Placemark>
<name>69</name>
<Point>
<coordinates>16.082582,44.764248</coordinates>
</Point>
</Placemark>
<Placemark>
<name>70</name>
<Point>
<coordinates>16.082562,44.764290</coordinates>
</Point>
</Placemark>
<Placemark>
<name>71</name>
<Point>
<coordinates>16.082485,44.764372</coordinates>
</Point>
</Placemark>
<Placemark>
<name>72</name>
<Point>
<coordinates>16.082467,44.764413</coordinates>
</Point>
</Placemark>
<Placemark>
<name>61</name>
<Point>
<coordinates>16.082780,44.763847</coordinates>
</Point>
</Placemark>
<Placemark>
<name>62</name>
<Point>
<coordinates>16.082780,44.763847</coordinates>
</Point>
</Placemark>
<Placemark>
<name>63</name>
<Point>
<coordinates>16.082780,44.763847</coordinates>
</Point>
</Placemark>
<Placemark>
<name>64</name>
<Point>
<coordinates>16.082782,44.763835</coordinates>
</Point>
</Placemark>
<Placemark>
<name>65</name>
<Point>
<coordinates>16.082890,44.763802</coordinates>
</Point>
</Placemark>
<Placemark>
<name>66</name>
<Point>
<coordinates>16.082740,44.763815</coordinates>
</Point>
</Placemark>
<Placemark>
<name>55</name>
<Point>
<coordinates>16.083457,44.763528</coordinates>
</Point>
</Placemark>
<Placemark>
<name>56</name>
<Point>
<coordinates>16.083330,44.763478</coordinates>
</Point>
</Placemark>
<Placemark>
<name>57</name>
<Point>
<coordinates>16.083185,44.763482</coordinates>
</Point>
</Placemark>
<Placemark>
<name>58</name>
<Point>
<coordinates>16.083185,44.763482</coordinates>
</Point>
</Placemark>
<Placemark>
<name>59</name>
<Point>
<coordinates>16.082822,44.763628</coordinates>
</Point>
</Placemark>
<Placemark>
<name>60</name>
<Point>
<coordinates>16.082700,44.763765</coordinates>
</Point>
</Placemark>
<Placemark>
<name>49</name>
<Point>
<coordinates>16.083725,44.763455</coordinates>
</Point>
</Placemark>
<Placemark>
<name>50</name>
<Point>
<coordinates>16.083642,44.763488</coordinates>
</Point>
</Placemark>
<Placemark>
<name>51</name>
<Point>
<coordinates>16.083642,44.763488</coordinates>
</Point>
</Placemark>
<Placemark>
<name>52</name>
<Point>
<coordinates>16.083642,44.763488</coordinates>
</Point>
</Placemark>
<Placemark>
<name>53</name>
<Point>
<coordinates>16.083457,44.763528</coordinates>
</Point>
</Placemark>
<Placemark>
<name>54</name>
<Point>
<coordinates>16.083457,44.763528</coordinates>
</Point>
</Placemark>
<Placemark>
<name>43</name>
<Point>
<coordinates>16.084092,44.763263</coordinates>
</Point>
</Placemark>
<Placemark>
<name>44</name>
<Point>
<coordinates>16.084092,44.763263</coordinates>
</Point>
</Placemark>
<Placemark>
<name>45</name>
<Point>
<coordinates>16.083990,44.763260</coordinates>
</Point>
</Placemark>
<Placemark>
<name>46</name>
<Point>
<coordinates>16.083990,44.763260</coordinates>
</Point>
</Placemark>
<Placemark>
<name>47</name>
<Point>
<coordinates>16.083835,44.763332</coordinates>
</Point>
</Placemark>
<Placemark>
<name>48</name>
<Point>
<coordinates>16.083725,44.763455</coordinates>
</Point>
</Placemark>
<Placemark>
<name>37</name>
<Point>
<coordinates>16.084577,44.762947</coordinates>
</Point>
</Placemark>
<Placemark>
<name>38</name>
<Point>
<coordinates>16.084482,44.763097</coordinates>
</Point>
</Placemark>
<Placemark>
<name>39</name>
<Point>
<coordinates>16.084367,44.763210</coordinates>
</Point>
</Placemark>
<Placemark>
<name>40</name>
<Point>
<coordinates>16.084308,44.763198</coordinates>
</Point>
</Placemark>
<Placemark>
<name>41</name>
<Point>
<coordinates>16.084313,44.763207</coordinates>
</Point>
</Placemark>
<Placemark>
<name>42</name>
<Point>
<coordinates>16.084313,44.763207</coordinates>
</Point>
</Placemark>
<Placemark>
<name>31</name>
<Point>
<coordinates>16.084708,44.762693</coordinates>
</Point>
</Placemark>
<Placemark>
<name>32</name>
<Point>
<coordinates>16.084913,44.762788</coordinates>
</Point>
</Placemark>
<Placemark>
<name>33</name>
<Point>
<coordinates>16.084747,44.762818</coordinates>
</Point>
</Placemark>
<Placemark>
<name>34</name>
<Point>
<coordinates>16.084747,44.762818</coordinates>
</Point>
</Placemark>
<Placemark>
<name>35</name>
<Point>
<coordinates>16.084702,44.762910</coordinates>
</Point>
</Placemark>
<Placemark>
<name>36</name>
<Point>
<coordinates>16.084702,44.762910</coordinates>
</Point>
</Placemark>
<Placemark>
<name>25</name>
<Point>
<coordinates>16.085478,44.762332</coordinates>
</Point>
</Placemark>
<Placemark>
<name>26</name>
<Point>
<coordinates>16.085478,44.762332</coordinates>
</Point>
</Placemark>
<Placemark>
<name>27</name>
<Point>
<coordinates>16.085312,44.762397</coordinates>
</Point>
</Placemark>
<Placemark>
<name>28</name>
<Point>
<coordinates>16.085225,44.762510</coordinates>
</Point>
</Placemark>
<Placemark>
<name>29</name>
<Point>
<coordinates>16.085153,44.762555</coordinates>
</Point>
</Placemark>
<Placemark>
<name>30</name>
<Point>
<coordinates>16.085153,44.762555</coordinates>
</Point>
</Placemark>
<Placemark>
<name>19</name>
<Point>
<coordinates>16.085398,44.761863</coordinates>
</Point>
</Placemark>
<Placemark>
<name>20</name>
<Point>
<coordinates>16.085467,44.761883</coordinates>
</Point>
</Placemark>
<Placemark>
<name>21</name>
<Point>
<coordinates>16.085558,44.761938</coordinates>
</Point>
</Placemark>
<Placemark>
<name>22</name>
<Point>
<coordinates>16.085457,44.762228</coordinates>
</Point>
</Placemark>
<Placemark>
<name>23</name>
<Point>
<coordinates>16.085478,44.762332</coordinates>
</Point>
</Placemark>
<Placemark>
<name>24</name>
<Point>
<coordinates>16.085478,44.762332</coordinates>
</Point>
</Placemark>
<Placemark>
<name>13</name>
<Point>
<coordinates>16.085592,44.761642</coordinates>
</Point>
</Placemark>
<Placemark>
<name>14</name>
<Point>
<coordinates>16.085592,44.761642</coordinates>
</Point>
</Placemark>
<Placemark>
<name>15</name>
<Point>
<coordinates>16.085547,44.761647</coordinates>
</Point>
</Placemark>
<Placemark>
<name>16</name>
<Point>
<coordinates>16.085547,44.761647</coordinates>
</Point>
</Placemark>
<Placemark>
<name>17</name>
<Point>
<coordinates>16.085518,44.761712</coordinates>
</Point>
</Placemark>
<Placemark>
<name>18</name>
<Point>
<coordinates>16.085518,44.761712</coordinates>
</Point>
</Placemark>
<Placemark>
<name>7</name>
<Point>
<coordinates>16.085577,44.761598</coordinates>
</Point>
</Placemark>
<Placemark>
<name>8</name>
<Point>
<coordinates>16.085573,44.761622</coordinates>
</Point>
</Placemark>
<Placemark>
<name>9</name>
<Point>
<coordinates>16.085592,44.761642</coordinates>
</Point>
</Placemark>
<Placemark>
<name>10</name>
<Point>
<coordinates>16.085592,44.761642</coordinates>
</Point>
</Placemark>
<Placemark>
<name>11</name>
<Point>
<coordinates>16.085592,44.761642</coordinates>
</Point>
</Placemark>
<Placemark>
<name>12</name>
<Point>
<coordinates>16.085592,44.761642</coordinates>
</Point>
</Placemark>
<Placemark>
<name>961</name>
<Point>
<coordinates>16.087273,44.761057</coordinates>
</Point>
</Placemark>
<Placemark>
<name>962</name>
<Point>
<coordinates>16.087988,44.761142</coordinates>
</Point>
</Placemark>
<Placemark>
<name>963</name>
<Point>
<coordinates>16.088157,44.761170</coordinates>
</Point>
</Placemark>
<Placemark>
<name>964</name>
<Point>
<coordinates>16.088563,44.761207</coordinates>
</Point>
</Placemark>
<Placemark>
<name>965</name>
<Point>
<coordinates>16.088733,44.761285</coordinates>
</Point>
</Placemark>
<Placemark>
<name>966</name>
<Point>
<coordinates>16.088808,44.761312</coordinates>
</Point>
</Placemark>
<Placemark>
<name>1195</name>
<Point>
<coordinates>16.098497,44.764198</coordinates>
</Point>
</Placemark>
<Placemark>
<name>1196</name>
<Point>
<coordinates>16.098448,44.764068</coordinates>
</Point>
</Placemark>
<Placemark>
<name>1197</name>
<Point>
<coordinates>16.098415,44.764012</coordinates>
</Point>
</Placemark>
<Placemark>
<name>1198</name>
<Point>
<coordinates>16.098415,44.764012</coordinates>
</Point>
</Placemark>
<Placemark>
<name>1199</name>
<Point>
<coordinates>16.098480,44.764035</coordinates>
</Point>
</Placemark>
<Placemark>
<name>1200</name>
<Point>
<coordinates>16.098480,44.764035</coordinates>
</Point>
</Placemark>
<Placemark>
<name>1189</name>
<Point>
<coordinates>16.098900,44.764388</coordinates>
</Point>
</Placemark>
<Placemark>
<name>1190</name>
<Point>
<coordinates>16.098712,44.764367</coordinates>
</Point>
</Placemark>
<Placemark>
<name>1191</name>
<Point>
<coordinates>16.098675,44.764347</coordinates>
</Point>
</Placemark>
<Placemark>
<name>1192</name>
<Point>
<coordinates>16.098642,44.764260</coordinates>
</Point>
</Placemark>
<Placemark>
<name>1193</name>
<Point>
<coordinates>16.098642,44.764260</coordinates>
</Point>
</Placemark>
<Placemark>
<name>1194</name>
<Point>
<coordinates>16.098497,44.764198</coordinates>
</Point>
</Placemark>
<Placemark>
<name>1183</name>
<Point>
<coordinates>16.098957,44.764030</coordinates>
</Point>
</Placemark>
<Placemark>
<name>1184</name>
<Point>
<coordinates>16.099085,44.764170</coordinates>
</Point>
</Placemark>
<Placemark>
<name>1185</name>
<Point>
<coordinates>16.099007,44.764250</coordinates>
</Point>
</Placemark>
<Placemark>
<name>1186</name>
<Point>
<coordinates>16.099013,44.764325</coordinates>
</Point>
</Placemark>
<Placemark>
<name>1187</name>
<Point>
<coordinates>16.099003,44.764420</coordinates>
</Point>
</Placemark>
<Placemark>
<name>1188</name>
<Point>
<coordinates>16.099003,44.764420</coordinates>
</Point>
</Placemark>
<Placemark>
<name>1177</name>
<Point>
<coordinates>16.098535,44.763737</coordinates>
</Point>
</Placemark>
<Placemark>
<name>1178</name>
<Point>
<coordinates>16.098683,44.763725</coordinates>
</Point>
</Placemark>
<Placemark>
<name>1179</name>
<Point>
<coordinates>16.098753,44.763745</coordinates>
</Point>
</Placemark>
<Placemark>
<name>1180</name>
<Point>
<coordinates>16.098895,44.763932</coordinates>
</Point>
</Placemark>
<Placemark>
<name>1181</name>
<Point>
<coordinates>16.098868,44.763953</coordinates>
</Point>
</Placemark>
<Placemark>
<name>1182</name>
<Point>
<coordinates>16.098833,44.763955</coordinates>
</Point>
</Placemark>
<Placemark>
<name>1171</name>
<Point>
<coordinates>16.098283,44.763573</coordinates>
</Point>
</Placemark>
<Placemark>
<name>1172</name>
<Point>
<coordinates>16.098317,44.763575</coordinates>
</Point>
</Placemark>
<Placemark>
<name>1173</name>
<Point>
<coordinates>16.098467,44.763533</coordinates>
</Point>
</Placemark>
<Placemark>
<name>1174</name>
<Point>
<coordinates>16.098467,44.763533</coordinates>
</Point>
</Placemark>
<Placemark>
<name>1175</name>
<Point>
<coordinates>16.098507,44.763637</coordinates>
</Point>
</Placemark>
<Placemark>
<name>1176</name>
<Point>
<coordinates>16.098535,44.763737</coordinates>
</Point>
</Placemark>
<Placemark>
<name>1165</name>
<Point>
<coordinates>16.097815,44.763530</coordinates>
</Point>
</Placemark>
<Placemark>
<name>1166</name>
<Point>
<coordinates>16.097815,44.763622</coordinates>
</Point>
</Placemark>
<Placemark>
<name>1167</name>
<Point>
<coordinates>16.097815,44.763622</coordinates>
</Point>
</Placemark>
<Placemark>
<name>1168</name>
<Point>
<coordinates>16.097948,44.763725</coordinates>
</Point>
</Placemark>
<Placemark>
<name>1169</name>
<Point>
<coordinates>16.098008,44.763615</coordinates>
</Point>
</Placemark>
<Placemark>
<name>1170</name>
<Point>
<coordinates>16.098125,44.763528</coordinates>
</Point>
</Placemark>
<Placemark>
<name>1159</name>
<Point>
<coordinates>16.097248,44.763253</coordinates>
</Point>
</Placemark>
<Placemark>
<name>1160</name>
<Point>
<coordinates>16.097555,44.763270</coordinates>
</Point>
</Placemark>
<Placemark>
<name>1161</name>
<Point>
<coordinates>16.097627,44.763278</coordinates>
</Point>
</Placemark>
<Placemark>
<name>1162</name>
<Point>
<coordinates>16.097718,44.763258</coordinates>
</Point>
</Placemark>
<Placemark>
<name>1163</name>
<Point>
<coordinates>16.097718,44.763258</coordinates>
</Point>
</Placemark>
<Placemark>
<name>1164</name>
<Point>
<coordinates>16.097815,44.763530</coordinates>
</Point>
</Placemark>
<Placemark>
<name>1153</name>
<Point>
<coordinates>16.096712,44.763202</coordinates>
</Point>
</Placemark>
<Placemark>
<name>1154</name>
<Point>
<coordinates>16.096712,44.763202</coordinates>
</Point>
</Placemark>
<Placemark>
<name>1155</name>
<Point>
<coordinates>16.096822,44.763295</coordinates>
</Point>
</Placemark>
<Placemark>
<name>1156</name>
<Point>
<coordinates>16.096918,44.763278</coordinates>
</Point>
</Placemark>
<Placemark>
<name>1157</name>
<Point>
<coordinates>16.097097,44.763292</coordinates>
</Point>
</Placemark>
<Placemark>
<name>1158</name>
<Point>
<coordinates>16.097248,44.763253</coordinates>
</Point>
</Placemark>
<Placemark>
<name>1147</name>
<Point>
<coordinates>16.096747,44.762500</coordinates>
</Point>
</Placemark>
<Placemark>
<name>1148</name>
<Point>
<coordinates>16.096687,44.762598</coordinates>
</Point>
</Placemark>
<Placemark>
<name>1149</name>
<Point>
<coordinates>16.096618,44.762680</coordinates>
</Point>
</Placemark>
<Placemark>
<name>1150</name>
<Point>
<coordinates>16.096582,44.762827</coordinates>
</Point>
</Placemark>
<Placemark>
<name>1151</name>
<Point>
<coordinates>16.096582,44.762827</coordinates>
</Point>
</Placemark>
<Placemark>
<name>1152</name>
<Point>
<coordinates>16.096568,44.763095</coordinates>
</Point>
</Placemark>
<Placemark>
<name>1141</name>
<Point>
<coordinates>16.097517,44.762825</coordinates>
</Point>
</Placemark>
<Placemark>
<name>1142</name>
<Point>
<coordinates>16.097565,44.762757</coordinates>
</Point>
</Placemark>
<Placemark>
<name>1143</name>
<Point>
<coordinates>16.097337,44.762490</coordinates>
</Point>
</Placemark>
<Placemark>
<name>1144</name>
<Point>
<coordinates>16.097200,44.762397</coordinates>
</Point>
</Placemark>
<Placemark>
<name>1145</name>
<Point>
<coordinates>16.097077,44.762317</coordinates>
</Point>
</Placemark>
<Placemark>
<name>1146</name>
<Point>
<coordinates>16.096987,44.762228</coordinates>
</Point>
</Placemark>
<Placemark>
<name>1135</name>
<Point>
<coordinates>16.097707,44.762550</coordinates>
</Point>
</Placemark>
<Placemark>
<name>1136</name>
<Point>
<coordinates>16.097518,44.762637</coordinates>
</Point>
</Placemark>
<Placemark>
<name>1137</name>
<Point>
<coordinates>16.097518,44.762752</coordinates>
</Point>
</Placemark>
<Placemark>
<name>1138</name>
<Point>
<coordinates>16.097518,44.762752</coordinates>
</Point>
</Placemark>
<Placemark>
<name>1139</name>
<Point>
<coordinates>16.097407,44.762913</coordinates>
</Point>
</Placemark>
<Placemark>
<name>1140</name>
<Point>
<coordinates>16.097465,44.762947</coordinates>
</Point>
</Placemark>
<Placemark>
<name>1129</name>
<Point>
<coordinates>16.098128,44.763185</coordinates>
</Point>
</Placemark>
<Placemark>
<name>1130</name>
<Point>
<coordinates>16.098070,44.763170</coordinates>
</Point>
</Placemark>
<Placemark>
<name>1131</name>
<Point>
<coordinates>16.097913,44.763032</coordinates>
</Point>
</Placemark>
<Placemark>
<name>1132</name>
<Point>
<coordinates>16.097912,44.762922</coordinates>
</Point>
</Placemark>
<Placemark>
<name>1133</name>
<Point>
<coordinates>16.097915,44.762738</coordinates>
</Point>
</Placemark>
<Placemark>
<name>1134</name>
<Point>
<coordinates>16.097915,44.762738</coordinates>
</Point>
</Placemark>
<Placemark>
<name>1123</name>
<Point>
<coordinates>16.099347,44.763373</coordinates>
</Point>
</Placemark>
<Placemark>
<name>1124</name>
<Point>
<coordinates>16.099238,44.763472</coordinates>
</Point>
</Placemark>
<Placemark>
<name>1125</name>
<Point>
<coordinates>16.099117,44.763412</coordinates>
</Point>
</Placemark>
<Placemark>
<name>1126</name>
<Point>
<coordinates>16.098995,44.763463</coordinates>
</Point>
</Placemark>
<Placemark>
<name>1127</name>
<Point>
<coordinates>16.098847,44.763270</coordinates>
</Point>
</Placemark>
<Placemark>
<name>1128</name>
<Point>
<coordinates>16.098402,44.763182</coordinates>
</Point>
</Placemark>
<Placemark>
<name>1117</name>
<Point>
<coordinates>16.098920,44.763217</coordinates>
</Point>
</Placemark>
<Placemark>
<name>1118</name>
<Point>
<coordinates>16.098950,44.763273</coordinates>
</Point>
</Placemark>
<Placemark>
<name>1119</name>
<Point>
<coordinates>16.098970,44.763273</coordinates>
</Point>
</Placemark>
<Placemark>
<name>1120</name>
<Point>
<coordinates>16.099150,44.763297</coordinates>
</Point>
</Placemark>
<Placemark>
<name>1121</name>
<Point>
<coordinates>16.099187,44.763330</coordinates>
</Point>
</Placemark>
<Placemark>
<name>1122</name>
<Point>
<coordinates>16.099263,44.763345</coordinates>
</Point>
</Placemark>
<Placemark>
<name>1111</name>
<Point>
<coordinates>16.098912,44.762780</coordinates>
</Point>
</Placemark>
<Placemark>
<name>1112</name>
<Point>
<coordinates>16.098765,44.762745</coordinates>
</Point>
</Placemark>
<Placemark>
<name>1113</name>
<Point>
<coordinates>16.098723,44.763057</coordinates>
</Point>
</Placemark>
<Placemark>
<name>1114</name>
<Point>
<coordinates>16.098723,44.763057</coordinates>
</Point>
</Placemark>
<Placemark>
<name>1115</name>
<Point>
<coordinates>16.098723,44.763057</coordinates>
</Point>
</Placemark>
<Placemark>
<name>1116</name>
<Point>
<coordinates>16.098820,44.763127</coordinates>
</Point>
</Placemark>
<Placemark>
<name>1105</name>
<Point>
<coordinates>16.099075,44.762467</coordinates>
</Point>
</Placemark>
<Placemark>
<name>1106</name>
<Point>
<coordinates>16.099163,44.762370</coordinates>
</Point>
</Placemark>
<Placemark>
<name>1107</name>
<Point>
<coordinates>16.099422,44.762765</coordinates>
</Point>
</Placemark>
<Placemark>
<name>1108</name>
<Point>
<coordinates>16.099448,44.762887</coordinates>
</Point>
</Placemark>
<Placemark>
<name>1109</name>
<Point>
<coordinates>16.099440,44.762933</coordinates>
</Point>
</Placemark>
<Placemark>
<name>1110</name>
<Point>
<coordinates>16.099087,44.762838</coordinates>
</Point>
</Placemark>
<Placemark>
<name>1099</name>
<Point>
<coordinates>16.098528,44.762482</coordinates>
</Point>
</Placemark>
<Placemark>
<name>1100</name>
<Point>
<coordinates>16.098642,44.762517</coordinates>
</Point>
</Placemark>
<Placemark>
<name>1101</name>
<Point>
<coordinates>16.098715,44.762563</coordinates>
</Point>
</Placemark>
<Placemark>
<name>1102</name>
<Point>
<coordinates>16.098850,44.762562</coordinates>
</Point>
</Placemark>
<Placemark>
<name>1103</name>
<Point>
<coordinates>16.098968,44.762488</coordinates>
</Point>
</Placemark>
<Placemark>
<name>1104</name>
<Point>
<coordinates>16.099075,44.762467</coordinates>
</Point>
</Placemark>
<Placemark>
<name>1093</name>
<Point>
<coordinates>16.098290,44.761897</coordinates>
</Point>
</Placemark>
<Placemark>
<name>1094</name>
<Point>
<coordinates>16.098372,44.761932</coordinates>
</Point>
</Placemark>
<Placemark>
<name>1095</name>
<Point>
<coordinates>16.098417,44.762018</coordinates>
</Point>
</Placemark>
<Placemark>
<name>1096</name>
<Point>
<coordinates>16.098370,44.762117</coordinates>
</Point>
</Placemark>
<Placemark>
<name>1097</name>
<Point>
<coordinates>16.098317,44.762283</coordinates>
</Point>
</Placemark>
<Placemark>
<name>1098</name>
<Point>
<coordinates>16.098453,44.762513</coordinates>
</Point>
</Placemark>
<Placemark>
<name>1087</name>
<Point>
<coordinates>16.097652,44.762353</coordinates>
</Point>
</Placemark>
<Placemark>
<name>1088</name>
<Point>
<coordinates>16.097753,44.762308</coordinates>
</Point>
</Placemark>
<Placemark>
<name>1089</name>
<Point>
<coordinates>16.097767,44.762285</coordinates>
</Point>
</Placemark>
<Placemark>
<name>1090</name>
<Point>
<coordinates>16.097870,44.762143</coordinates>
</Point>
</Placemark>
<Placemark>
<name>1091</name>
<Point>
<coordinates>16.097948,44.761867</coordinates>
</Point>
</Placemark>
<Placemark>
<name>1092</name>
<Point>
<coordinates>16.098075,44.761817</coordinates>
</Point>
</Placemark>
<Placemark>
<name>1081</name>
<Point>
<coordinates>16.097452,44.761827</coordinates>
</Point>
</Placemark>
<Placemark>
<name>1082</name>
<Point>
<coordinates>16.097507,44.761930</coordinates>
</Point>
</Placemark>
<Placemark>
<name>1083</name>
<Point>
<coordinates>16.097553,44.762088</coordinates>
</Point>
</Placemark>
<Placemark>
<name>1084</name>
<Point>
<coordinates>16.097542,44.762095</coordinates>
</Point>
</Placemark>
<Placemark>
<name>1085</name>
<Point>
<coordinates>16.097542,44.762095</coordinates>
</Point>
</Placemark>
<Placemark>
<name>1086</name>
<Point>
<coordinates>16.097658,44.762317</coordinates>
</Point>
</Placemark>
<Placemark>
<name>1075</name>
<Point>
<coordinates>16.097067,44.762065</coordinates>
</Point>
</Placemark>
<Placemark>
<name>1076</name>
<Point>
<coordinates>16.097067,44.762065</coordinates>
</Point>
</Placemark>
<Placemark>
<name>1077</name>
<Point>
<coordinates>16.097090,44.761930</coordinates>
</Point>
</Placemark>
<Placemark>
<name>1078</name>
<Point>
<coordinates>16.097090,44.761930</coordinates>
</Point>
</Placemark>
<Placemark>
<name>1079</name>
<Point>
<coordinates>16.097172,44.761838</coordinates>
</Point>
</Placemark>
<Placemark>
<name>1080</name>
<Point>
<coordinates>16.097140,44.761728</coordinates>
</Point>
</Placemark>
<Placemark>
<name>1069</name>
<Point>
<coordinates>16.096783,44.762163</coordinates>
</Point>
</Placemark>
<Placemark>
<name>1070</name>
<Point>
<coordinates>16.096783,44.762163</coordinates>
</Point>
</Placemark>
<Placemark>
<name>1071</name>
<Point>
<coordinates>16.096987,44.762212</coordinates>
</Point>
</Placemark>
<Placemark>
<name>1072</name>
<Point>
<coordinates>16.096980,44.762197</coordinates>
</Point>
</Placemark>
<Placemark>
<name>1073</name>
<Point>
<coordinates>16.097077,44.762080</coordinates>
</Point>
</Placemark>
<Placemark>
<name>1074</name>
<Point>
<coordinates>16.097067,44.762065</coordinates>
</Point>
</Placemark>
<Placemark>
<name>1063</name>
<Point>
<coordinates>16.096733,44.762023</coordinates>
</Point>
</Placemark>
<Placemark>
<name>1064</name>
<Point>
<coordinates>16.096642,44.762023</coordinates>
</Point>
</Placemark>
<Placemark>
<name>1065</name>
<Point>
<coordinates>16.096728,44.762082</coordinates>
</Point>
</Placemark>
<Placemark>
<name>1066</name>
<Point>
<coordinates>16.096750,44.762087</coordinates>
</Point>
</Placemark>
<Placemark>
<name>1067</name>
<Point>
<coordinates>16.096750,44.762087</coordinates>
</Point>
</Placemark>
<Placemark>
<name>1068</name>
<Point>
<coordinates>16.096750,44.762087</coordinates>
</Point>
</Placemark>
<Placemark>
<name>1057</name>
<Point>
<coordinates>16.096797,44.761837</coordinates>
</Point>
</Placemark>
<Placemark>
<name>1058</name>
<Point>
<coordinates>16.096875,44.761927</coordinates>
</Point>
</Placemark>
<Placemark>
<name>1059</name>
<Point>
<coordinates>16.096892,44.761990</coordinates>
</Point>
</Placemark>
<Placemark>
<name>1060</name>
<Point>
<coordinates>16.096893,44.761998</coordinates>
</Point>
</Placemark>
<Placemark>
<name>1061</name>
<Point>
<coordinates>16.096853,44.762033</coordinates>
</Point>
</Placemark>
<Placemark>
<name>1062</name>
<Point>
<coordinates>16.096733,44.762023</coordinates>
</Point>
</Placemark>
<Placemark>
<name>1051</name>
<Point>
<coordinates>16.096108,44.762023</coordinates>
</Point>
</Placemark>
<Placemark>
<name>1052</name>
<Point>
<coordinates>16.096050,44.761910</coordinates>
</Point>
</Placemark>
<Placemark>
<name>1053</name>
<Point>
<coordinates>16.096138,44.761718</coordinates>
</Point>
</Placemark>
<Placemark>
<name>1054</name>
<Point>
<coordinates>16.096390,44.761775</coordinates>
</Point>
</Placemark>
<Placemark>
<name>1055</name>
<Point>
<coordinates>16.096498,44.761817</coordinates>
</Point>
</Placemark>
<Placemark>
<name>1056</name>
<Point>
<coordinates>16.096772,44.761810</coordinates>
</Point>
</Placemark>
<Placemark>
<name>1045</name>
<Point>
<coordinates>16.095385,44.761735</coordinates>
</Point>
</Placemark>
<Placemark>
<name>1046</name>
<Point>
<coordinates>16.095595,44.761783</coordinates>
</Point>
</Placemark>
<Placemark>
<name>1047</name>
<Point>
<coordinates>16.095802,44.762117</coordinates>
</Point>
</Placemark>
<Placemark>
<name>1048</name>
<Point>
<coordinates>16.095857,44.761947</coordinates>
</Point>
</Placemark>
<Placemark>
<name>1049</name>
<Point>
<coordinates>16.096108,44.762023</coordinates>
</Point>
</Placemark>
<Placemark>
<name>1050</name>
<Point>
<coordinates>16.096108,44.762023</coordinates>
</Point>
</Placemark>
<Placemark>
<name>1039</name>
<Point>
<coordinates>16.095138,44.761898</coordinates>
</Point>
</Placemark>
<Placemark>
<name>1040</name>
<Point>
<coordinates>16.095193,44.761948</coordinates>
</Point>
</Placemark>
<Placemark>
<name>1041</name>
<Point>
<coordinates>16.095193,44.761948</coordinates>
</Point>
</Placemark>
<Placemark>
<name>1042</name>
<Point>
<coordinates>16.095280,44.762025</coordinates>
</Point>
</Placemark>
<Placemark>
<name>1043</name>
<Point>
<coordinates>16.095328,44.761925</coordinates>
</Point>
</Placemark>
<Placemark>
<name>1044</name>
<Point>
<coordinates>16.095402,44.761868</coordinates>
</Point>
</Placemark>
<Placemark>
<name>1033</name>
<Point>
<coordinates>16.094663,44.761707</coordinates>
</Point>
</Placemark>
<Placemark>
<name>1034</name>
<Point>
<coordinates>16.094697,44.761912</coordinates>
</Point>
</Placemark>
<Placemark>
<name>1035</name>
<Point>
<coordinates>16.094787,44.761993</coordinates>
</Point>
</Placemark>
<Placemark>
<name>1036</name>
<Point>
<coordinates>16.094788,44.761983</coordinates>
</Point>
</Placemark>
<Placemark>
<name>1037</name>
<Point>
<coordinates>16.094868,44.761995</coordinates>
</Point>
</Placemark>
<Placemark>
<name>1038</name>
<Point>
<coordinates>16.095002,44.761733</coordinates>
</Point>
</Placemark>
<Placemark>
<name>1027</name>
<Point>
<coordinates>16.094193,44.761740</coordinates>
</Point>
</Placemark>
<Placemark>
<name>1028</name>
<Point>
<coordinates>16.094300,44.761760</coordinates>
</Point>
</Placemark>
<Placemark>
<name>1029</name>
<Point>
<coordinates>16.094460,44.761712</coordinates>
</Point>
</Placemark>
<Placemark>
<name>1030</name>
<Point>
<coordinates>16.094590,44.761643</coordinates>
</Point>
</Placemark>
<Placemark>
<name>1031</name>
<Point>
<coordinates>16.094590,44.761643</coordinates>
</Point>
</Placemark>
<Placemark>
<name>1032</name>
<Point>
<coordinates>16.094590,44.761643</coordinates>
</Point>
</Placemark>
<Placemark>
<name>1021</name>
<Point>
<coordinates>16.093768,44.761605</coordinates>
</Point>
</Placemark>
<Placemark>
<name>1022</name>
<Point>
<coordinates>16.093827,44.761620</coordinates>
</Point>
</Placemark>
<Placemark>
<name>1023</name>
<Point>
<coordinates>16.093817,44.761638</coordinates>
</Point>
</Placemark>
<Placemark>
<name>1024</name>
<Point>
<coordinates>16.093975,44.761673</coordinates>
</Point>
</Placemark>
<Placemark>
<name>1025</name>
<Point>
<coordinates>16.093975,44.761673</coordinates>
</Point>
</Placemark>
<Placemark>
<name>1026</name>
<Point>
<coordinates>16.094073,44.761747</coordinates>
</Point>
</Placemark>
<Placemark>
<name>1015</name>
<Point>
<coordinates>16.093635,44.761883</coordinates>
</Point>
</Placemark>
<Placemark>
<name>1016</name>
<Point>
<coordinates>16.093752,44.761865</coordinates>
</Point>
</Placemark>
<Placemark>
<name>1017</name>
<Point>
<coordinates>16.093837,44.761837</coordinates>
</Point>
</Placemark>
<Placemark>
<name>1018</name>
<Point>
<coordinates>16.093845,44.761722</coordinates>
</Point>
</Placemark>
<Placemark>
<name>1019</name>
<Point>
<coordinates>16.093862,44.761717</coordinates>
</Point>
</Placemark>
<Placemark>
<name>1020</name>
<Point>
<coordinates>16.093767,44.761637</coordinates>
</Point>
</Placemark>
<Placemark>
<name>1009</name>
<Point>
<coordinates>16.092957,44.761580</coordinates>
</Point>
</Placemark>
<Placemark>
<name>1010</name>
<Point>
<coordinates>16.093422,44.761392</coordinates>
</Point>
</Placemark>
<Placemark>
<name>1011</name>
<Point>
<coordinates>16.093588,44.761375</coordinates>
</Point>
</Placemark>
<Placemark>
<name>1012</name>
<Point>
<coordinates>16.093537,44.761690</coordinates>
</Point>
</Placemark>
<Placemark>
<name>1013</name>
<Point>
<coordinates>16.093542,44.761692</coordinates>
</Point>
</Placemark>
<Placemark>
<name>1014</name>
<Point>
<coordinates>16.093645,44.761777</coordinates>
</Point>
</Placemark>
<Placemark>
<name>1003</name>
<Point>
<coordinates>16.092583,44.761545</coordinates>
</Point>
</Placemark>
<Placemark>
<name>1004</name>
<Point>
<coordinates>16.092607,44.761695</coordinates>
</Point>
</Placemark>
<Placemark>
<name>1005</name>
<Point>
<coordinates>16.092607,44.761695</coordinates>
</Point>
</Placemark>
<Placemark>
<name>1006</name>
<Point>
<coordinates>16.092607,44.761695</coordinates>
</Point>
</Placemark>
<Placemark>
<name>1007</name>
<Point>
<coordinates>16.092838,44.761578</coordinates>
</Point>
</Placemark>
<Placemark>
<name>1008</name>
<Point>
<coordinates>16.092957,44.761580</coordinates>
</Point>
</Placemark>
<Placemark>
<name>997</name>
<Point>
<coordinates>16.092143,44.761342</coordinates>
</Point>
</Placemark>
<Placemark>
<name>998</name>
<Point>
<coordinates>16.092228,44.761475</coordinates>
</Point>
</Placemark>
<Placemark>
<name>999</name>
<Point>
<coordinates>16.092232,44.761537</coordinates>
</Point>
</Placemark>
<Placemark>
<name>1000</name>
<Point>
<coordinates>16.092233,44.761527</coordinates>
</Point>
</Placemark>
<Placemark>
<name>1001</name>
<Point>
<coordinates>16.092427,44.761432</coordinates>
</Point>
</Placemark>
<Placemark>
<name>1002</name>
<Point>
<coordinates>16.092427,44.761432</coordinates>
</Point>
</Placemark>
<Placemark>
<name>991</name>
<Point>
<coordinates>16.091362,44.761537</coordinates>
</Point>
</Placemark>
<Placemark>
<name>992</name>
<Point>
<coordinates>16.091455,44.761592</coordinates>
</Point>
</Placemark>
<Placemark>
<name>993</name>
<Point>
<coordinates>16.091608,44.761573</coordinates>
</Point>
</Placemark>
<Placemark>
<name>994</name>
<Point>
<coordinates>16.091758,44.761510</coordinates>
</Point>
</Placemark>
<Placemark>
<name>995</name>
<Point>
<coordinates>16.091858,44.761438</coordinates>
</Point>
</Placemark>
<Placemark>
<name>996</name>
<Point>
<coordinates>16.092007,44.761313</coordinates>
</Point>
</Placemark>
<Placemark>
<name>985</name>
<Point>
<coordinates>16.090833,44.761250</coordinates>
</Point>
</Placemark>
<Placemark>
<name>986</name>
<Point>
<coordinates>16.090908,44.761277</coordinates>
</Point>
</Placemark>
<Placemark>
<name>987</name>
<Point>
<coordinates>16.091100,44.761365</coordinates>
</Point>
</Placemark>
<Placemark>
<name>988</name>
<Point>
<coordinates>16.091100,44.761365</coordinates>
</Point>
</Placemark>
<Placemark>
<name>989</name>
<Point>
<coordinates>16.091153,44.761422</coordinates>
</Point>
</Placemark>
<Placemark>
<name>990</name>
<Point>
<coordinates>16.091220,44.761492</coordinates>
</Point>
</Placemark>
<Placemark>
<name>979</name>
<Point>
<coordinates>16.090300,44.761322</coordinates>
</Point>
</Placemark>
<Placemark>
<name>980</name>
<Point>
<coordinates>16.090583,44.761443</coordinates>
</Point>
</Placemark>
<Placemark>
<name>981</name>
<Point>
<coordinates>16.090658,44.761397</coordinates>
</Point>
</Placemark>
<Placemark>
<name>982</name>
<Point>
<coordinates>16.090643,44.761393</coordinates>
</Point>
</Placemark>
<Placemark>
<name>983</name>
<Point>
<coordinates>16.090773,44.761342</coordinates>
</Point>
</Placemark>
<Placemark>
<name>984</name>
<Point>
<coordinates>16.090813,44.761255</coordinates>
</Point>
</Placemark>
<Placemark>
<name>973</name>
<Point>
<coordinates>16.089402,44.761267</coordinates>
</Point>
</Placemark>
<Placemark>
<name>974</name>
<Point>
<coordinates>16.089518,44.761255</coordinates>
</Point>
</Placemark>
<Placemark>
<name>975</name>
<Point>
<coordinates>16.089782,44.761235</coordinates>
</Point>
</Placemark>
<Placemark>
<name>976</name>
<Point>
<coordinates>16.089893,44.761258</coordinates>
</Point>
</Placemark>
<Placemark>
<name>977</name>
<Point>
<coordinates>16.090053,44.761328</coordinates>
</Point>
</Placemark>
<Placemark>
<name>978</name>
<Point>
<coordinates>16.090300,44.761322</coordinates>
</Point>
</Placemark>
<Placemark>
<name>967</name>
<Point>
<coordinates>16.088998,44.761375</coordinates>
</Point>
</Placemark>
<Placemark>
<name>968</name>
<Point>
<coordinates>16.089108,44.761348</coordinates>
</Point>
</Placemark>
<Placemark>
<name>969</name>
<Point>
<coordinates>16.089198,44.761320</coordinates>
</Point>
</Placemark>
<Placemark>
<name>970</name>
<Point>
<coordinates>16.089380,44.761278</coordinates>
</Point>
</Placemark>
<Placemark>
<name>971</name>
<Point>
<coordinates>16.089402,44.761267</coordinates>
</Point>
</Placemark>
<Placemark>
<name>972</name>
<Point>
<coordinates>16.089402,44.761267</coordinates>
</Point>
</Placemark>
<Placemark>
<name>715</name>
<Point>
<coordinates>16.088123,44.761725</coordinates>
</Point>
</Placemark>
<Placemark>
<name>716</name>
<Point>
<coordinates>16.088123,44.761725</coordinates>
</Point>
</Placemark>
<Placemark>
<name>717</name>
<Point>
<coordinates>16.088123,44.761725</coordinates>
</Point>
</Placemark>
<Placemark>
<name>718</name>
<Point>
<coordinates>16.088102,44.761657</coordinates>
</Point>
</Placemark>
<Placemark>
<name>719</name>
<Point>
<coordinates>16.088163,44.761572</coordinates>
</Point>
</Placemark>
<Placemark>
<name>720</name>
<Point>
<coordinates>16.088163,44.761572</coordinates>
</Point>
</Placemark>
<Placemark>
<name>709</name>
<Point>
<coordinates>16.088123,44.761725</coordinates>
</Point>
</Placemark>
<Placemark>
<name>710</name>
<Point>
<coordinates>16.088123,44.761725</coordinates>
</Point>
</Placemark>
<Placemark>
<name>711</name>
<Point>
<coordinates>16.088123,44.761725</coordinates>
</Point>
</Placemark>
<Placemark>
<name>712</name>
<Point>
<coordinates>16.088123,44.761725</coordinates>
</Point>
</Placemark>
<Placemark>
<name>713</name>
<Point>
<coordinates>16.088123,44.761725</coordinates>
</Point>
</Placemark>
<Placemark>
<name>714</name>
<Point>
<coordinates>16.088123,44.761725</coordinates>
</Point>
</Placemark>
<Placemark>
<name>703</name>
<Point>
<coordinates>16.088140,44.761932</coordinates>
</Point>
</Placemark>
<Placemark>
<name>704</name>
<Point>
<coordinates>16.088140,44.761932</coordinates>
</Point>
</Placemark>
<Placemark>
<name>705</name>
<Point>
<coordinates>16.088132,44.761830</coordinates>
</Point>
</Placemark>
<Placemark>
<name>706</name>
<Point>
<coordinates>16.088132,44.761830</coordinates>
</Point>
</Placemark>
<Placemark>
<name>707</name>
<Point>
<coordinates>16.088132,44.761830</coordinates>
</Point>
</Placemark>
<Placemark>
<name>708</name>
<Point>
<coordinates>16.088132,44.761830</coordinates>
</Point>
</Placemark>
<Placemark>
<name>697</name>
<Point>
<coordinates>16.088152,44.762037</coordinates>
</Point>
</Placemark>
<Placemark>
<name>698</name>
<Point>
<coordinates>16.088152,44.762037</coordinates>
</Point>
</Placemark>
<Placemark>
<name>699</name>
<Point>
<coordinates>16.088152,44.762037</coordinates>
</Point>
</Placemark>
<Placemark>
<name>700</name>
<Point>
<coordinates>16.088140,44.761932</coordinates>
</Point>
</Placemark>
<Placemark>
<name>701</name>
<Point>
<coordinates>16.088140,44.761932</coordinates>
</Point>
</Placemark>
<Placemark>
<name>702</name>
<Point>
<coordinates>16.088140,44.761932</coordinates>
</Point>
</Placemark>
<Placemark>
<name>691</name>
<Point>
<coordinates>16.088138,44.762097</coordinates>
</Point>
</Placemark>
<Placemark>
<name>692</name>
<Point>
<coordinates>16.088138,44.762097</coordinates>
</Point>
</Placemark>
<Placemark>
<name>693</name>
<Point>
<coordinates>16.088138,44.762097</coordinates>
</Point>
</Placemark>
<Placemark>
<name>694</name>
<Point>
<coordinates>16.088117,44.762103</coordinates>
</Point>
</Placemark>
<Placemark>
<name>695</name>
<Point>
<coordinates>16.088152,44.762037</coordinates>
</Point>
</Placemark>
<Placemark>
<name>696</name>
<Point>
<coordinates>16.088152,44.762037</coordinates>
</Point>
</Placemark>
<Placemark>
<name>685</name>
<Point>
<coordinates>16.087870,44.762398</coordinates>
</Point>
</Placemark>
<Placemark>
<name>686</name>
<Point>
<coordinates>16.087962,44.762287</coordinates>
</Point>
</Placemark>
<Placemark>
<name>687</name>
<Point>
<coordinates>16.087835,44.762175</coordinates>
</Point>
</Placemark>
<Placemark>
<name>688</name>
<Point>
<coordinates>16.087950,44.762127</coordinates>
</Point>
</Placemark>
<Placemark>
<name>689</name>
<Point>
<coordinates>16.087992,44.762092</coordinates>
</Point>
</Placemark>
<Placemark>
<name>690</name>
<Point>
<coordinates>16.087992,44.762092</coordinates>
</Point>
</Placemark>
<Placemark>
<name>679</name>
<Point>
<coordinates>16.087435,44.762495</coordinates>
</Point>
</Placemark>
<Placemark>
<name>680</name>
<Point>
<coordinates>16.087435,44.762495</coordinates>
</Point>
</Placemark>
<Placemark>
<name>681</name>
<Point>
<coordinates>16.087328,44.762402</coordinates>
</Point>
</Placemark>
<Placemark>
<name>682</name>
<Point>
<coordinates>16.087598,44.762403</coordinates>
</Point>
</Placemark>
<Placemark>
<name>683</name>
<Point>
<coordinates>16.087772,44.762425</coordinates>
</Point>
</Placemark>
<Placemark>
<name>684</name>
<Point>
<coordinates>16.087772,44.762425</coordinates>
</Point>
</Placemark>
<Placemark>
<name>673</name>
<Point>
<coordinates>16.087223,44.762902</coordinates>
</Point>
</Placemark>
<Placemark>
<name>674</name>
<Point>
<coordinates>16.087310,44.762875</coordinates>
</Point>
</Placemark>
<Placemark>
<name>675</name>
<Point>
<coordinates>16.087310,44.762875</coordinates>
</Point>
</Placemark>
<Placemark>
<name>676</name>
<Point>
<coordinates>16.087310,44.762875</coordinates>
</Point>
</Placemark>
<Placemark>
<name>677</name>
<Point>
<coordinates>16.087493,44.762650</coordinates>
</Point>
</Placemark>
<Placemark>
<name>678</name>
<Point>
<coordinates>16.087463,44.762573</coordinates>
</Point>
</Placemark>
<Placemark>
<name>667</name>
<Point>
<coordinates>16.087248,44.763248</coordinates>
</Point>
</Placemark>
<Placemark>
<name>668</name>
<Point>
<coordinates>16.087248,44.763248</coordinates>
</Point>
</Placemark>
<Placemark>
<name>669</name>
<Point>
<coordinates>16.087340,44.763153</coordinates>
</Point>
</Placemark>
<Placemark>
<name>670</name>
<Point>
<coordinates>16.087405,44.763033</coordinates>
</Point>
</Placemark>
<Placemark>
<name>671</name>
<Point>
<coordinates>16.087405,44.763043</coordinates>
</Point>
</Placemark>
<Placemark>
<name>672</name>
<Point>
<coordinates>16.087367,44.762932</coordinates>
</Point>
</Placemark>
<Placemark>
<name>661</name>
<Point>
<coordinates>16.086967,44.763395</coordinates>
</Point>
</Placemark>
<Placemark>
<name>662</name>
<Point>
<coordinates>16.086967,44.763395</coordinates>
</Point>
</Placemark>
<Placemark>
<name>663</name>
<Point>
<coordinates>16.087058,44.763315</coordinates>
</Point>
</Placemark>
<Placemark>
<name>664</name>
<Point>
<coordinates>16.087090,44.763257</coordinates>
</Point>
</Placemark>
<Placemark>
<name>665</name>
<Point>
<coordinates>16.087135,44.763250</coordinates>
</Point>
</Placemark>
<Placemark>
<name>666</name>
<Point>
<coordinates>16.087248,44.763248</coordinates>
</Point>
</Placemark>
<Placemark>
<name>655</name>
<Point>
<coordinates>16.086682,44.763843</coordinates>
</Point>
</Placemark>
<Placemark>
<name>656</name>
<Point>
<coordinates>16.086780,44.763863</coordinates>
</Point>
</Placemark>
<Placemark>
<name>657</name>
<Point>
<coordinates>16.086780,44.763863</coordinates>
</Point>
</Placemark>
<Placemark>
<name>658</name>
<Point>
<coordinates>16.086832,44.763760</coordinates>
</Point>
</Placemark>
<Placemark>
<name>659</name>
<Point>
<coordinates>16.086832,44.763640</coordinates>
</Point>
</Placemark>
<Placemark>
<name>660</name>
<Point>
<coordinates>16.086932,44.763537</coordinates>
</Point>
</Placemark>
<Placemark>
<name>649</name>
<Point>
<coordinates>16.086245,44.763843</coordinates>
</Point>
</Placemark>
<Placemark>
<name>650</name>
<Point>
<coordinates>16.086307,44.763828</coordinates>
</Point>
</Placemark>
<Placemark>
<name>651</name>
<Point>
<coordinates>16.086437,44.763820</coordinates>
</Point>
</Placemark>
<Placemark>
<name>652</name>
<Point>
<coordinates>16.086437,44.763820</coordinates>
</Point>
</Placemark>
<Placemark>
<name>653</name>
<Point>
<coordinates>16.086560,44.763842</coordinates>
</Point>
</Placemark>
<Placemark>
<name>654</name>
<Point>
<coordinates>16.086637,44.763857</coordinates>
</Point>
</Placemark>
<Placemark>
<name>643</name>
<Point>
<coordinates>16.085960,44.764190</coordinates>
</Point>
</Placemark>
<Placemark>
<name>644</name>
<Point>
<coordinates>16.086103,44.764093</coordinates>
</Point>
</Placemark>
<Placemark>
<name>645</name>
<Point>
<coordinates>16.086125,44.764043</coordinates>
</Point>
</Placemark>
<Placemark>
<name>646</name>
<Point>
<coordinates>16.086122,44.763937</coordinates>
</Point>
</Placemark>
<Placemark>
<name>647</name>
<Point>
<coordinates>16.086090,44.763913</coordinates>
</Point>
</Placemark>
<Placemark>
<name>648</name>
<Point>
<coordinates>16.086087,44.763787</coordinates>
</Point>
</Placemark>
<Placemark>
<name>637</name>
<Point>
<coordinates>16.085700,44.764375</coordinates>
</Point>
</Placemark>
<Placemark>
<name>638</name>
<Point>
<coordinates>16.085700,44.764375</coordinates>
</Point>
</Placemark>
<Placemark>
<name>639</name>
<Point>
<coordinates>16.085827,44.764282</coordinates>
</Point>
</Placemark>
<Placemark>
<name>640</name>
<Point>
<coordinates>16.085863,44.764245</coordinates>
</Point>
</Placemark>
<Placemark>
<name>641</name>
<Point>
<coordinates>16.085960,44.764190</coordinates>
</Point>
</Placemark>
<Placemark>
<name>642</name>
<Point>
<coordinates>16.085960,44.764190</coordinates>
</Point>
</Placemark>
<Placemark>
<name>631</name>
<Point>
<coordinates>16.085545,44.764468</coordinates>
</Point>
</Placemark>
<Placemark>
<name>632</name>
<Point>
<coordinates>16.085542,44.764418</coordinates>
</Point>
</Placemark>
<Placemark>
<name>633</name>
<Point>
<coordinates>16.085542,44.764418</coordinates>
</Point>
</Placemark>
<Placemark>
<name>634</name>
<Point>
<coordinates>16.085602,44.764388</coordinates>
</Point>
</Placemark>
<Placemark>
<name>635</name>
<Point>
<coordinates>16.085640,44.764305</coordinates>
</Point>
</Placemark>
<Placemark>
<name>636</name>
<Point>
<coordinates>16.085727,44.764315</coordinates>
</Point>
</Placemark>
<Placemark>
<name>625</name>
<Point>
<coordinates>16.085547,44.764688</coordinates>
</Point>
</Placemark>
<Placemark>
<name>626</name>
<Point>
<coordinates>16.085608,44.764642</coordinates>
</Point>
</Placemark>
<Placemark>
<name>627</name>
<Point>
<coordinates>16.085578,44.764640</coordinates>
</Point>
</Placemark>
<Placemark>
<name>628</name>
<Point>
<coordinates>16.085578,44.764640</coordinates>
</Point>
</Placemark>
<Placemark>
<name>629</name>
<Point>
<coordinates>16.085600,44.764593</coordinates>
</Point>
</Placemark>
<Placemark>
<name>630</name>
<Point>
<coordinates>16.085600,44.764593</coordinates>
</Point>
</Placemark>
<Placemark>
<name>619</name>
<Point>
<coordinates>16.085213,44.764943</coordinates>
</Point>
</Placemark>
<Placemark>
<name>620</name>
<Point>
<coordinates>16.085213,44.764943</coordinates>
</Point>
</Placemark>
<Placemark>
<name>621</name>
<Point>
<coordinates>16.085337,44.764897</coordinates>
</Point>
</Placemark>
<Placemark>
<name>622</name>
<Point>
<coordinates>16.085408,44.764917</coordinates>
</Point>
</Placemark>
<Placemark>
<name>623</name>
<Point>
<coordinates>16.085450,44.764823</coordinates>
</Point>
</Placemark>
<Placemark>
<name>624</name>
<Point>
<coordinates>16.085547,44.764688</coordinates>
</Point>
</Placemark>
<Placemark>
<name>613</name>
<Point>
<coordinates>16.084435,44.765317</coordinates>
</Point>
</Placemark>
<Placemark>
<name>614</name>
<Point>
<coordinates>16.084333,44.765185</coordinates>
</Point>
</Placemark>
<Placemark>
<name>615</name>
<Point>
<coordinates>16.084720,44.764932</coordinates>
</Point>
</Placemark>
<Placemark>
<name>616</name>
<Point>
<coordinates>16.084720,44.764932</coordinates>
</Point>
</Placemark>
<Placemark>
<name>617</name>
<Point>
<coordinates>16.085028,44.764923</coordinates>
</Point>
</Placemark>
<Placemark>
<name>618</name>
<Point>
<coordinates>16.085028,44.764923</coordinates>
</Point>
</Placemark>
<Placemark>
<name>607</name>
<Point>
<coordinates>16.084168,44.765762</coordinates>
</Point>
</Placemark>
<Placemark>
<name>608</name>
<Point>
<coordinates>16.084215,44.765733</coordinates>
</Point>
</Placemark>
<Placemark>
<name>609</name>
<Point>
<coordinates>16.084270,44.765667</coordinates>
</Point>
</Placemark>
<Placemark>
<name>610</name>
<Point>
<coordinates>16.084270,44.765667</coordinates>
</Point>
</Placemark>
<Placemark>
<name>611</name>
<Point>
<coordinates>16.084272,44.765490</coordinates>
</Point>
</Placemark>
<Placemark>
<name>612</name>
<Point>
<coordinates>16.084328,44.765407</coordinates>
</Point>
</Placemark>
<Placemark>
<name>601</name>
<Point>
<coordinates>16.084408,44.766078</coordinates>
</Point>
</Placemark>
<Placemark>
<name>602</name>
<Point>
<coordinates>16.084383,44.766047</coordinates>
</Point>
</Placemark>
<Placemark>
<name>603</name>
<Point>
<coordinates>16.084383,44.766047</coordinates>
</Point>
</Placemark>
<Placemark>
<name>604</name>
<Point>
<coordinates>16.084383,44.766047</coordinates>
</Point>
</Placemark>
<Placemark>
<name>605</name>
<Point>
<coordinates>16.084370,44.765947</coordinates>
</Point>
</Placemark>
<Placemark>
<name>606</name>
<Point>
<coordinates>16.084192,44.765872</coordinates>
</Point>
</Placemark>
<Placemark>
<name>595</name>
<Point>
<coordinates>16.083880,44.766212</coordinates>
</Point>
</Placemark>
<Placemark>
<name>596</name>
<Point>
<coordinates>16.084027,44.766177</coordinates>
</Point>
</Placemark>
<Placemark>
<name>597</name>
<Point>
<coordinates>16.084297,44.766230</coordinates>
</Point>
</Placemark>
<Placemark>
<name>598</name>
<Point>
<coordinates>16.084430,44.766210</coordinates>
</Point>
</Placemark>
<Placemark>
<name>599</name>
<Point>
<coordinates>16.084448,44.766147</coordinates>
</Point>
</Placemark>
<Placemark>
<name>600</name>
<Point>
<coordinates>16.084448,44.766147</coordinates>
</Point>
</Placemark>
<Placemark>
<name>589</name>
<Point>
<coordinates>16.083555,44.766117</coordinates>
</Point>
</Placemark>
<Placemark>
<name>590</name>
<Point>
<coordinates>16.083550,44.766158</coordinates>
</Point>
</Placemark>
<Placemark>
<name>591</name>
<Point>
<coordinates>16.083483,44.766210</coordinates>
</Point>
</Placemark>
<Placemark>
<name>592</name>
<Point>
<coordinates>16.083650,44.766345</coordinates>
</Point>
</Placemark>
<Placemark>
<name>593</name>
<Point>
<coordinates>16.083818,44.766212</coordinates>
</Point>
</Placemark>
<Placemark>
<name>594</name>
<Point>
<coordinates>16.083810,44.766248</coordinates>
</Point>
</Placemark>
<Placemark>
<name>583</name>
<Point>
<coordinates>16.083673,44.765790</coordinates>
</Point>
</Placemark>
<Placemark>
<name>584</name>
<Point>
<coordinates>16.083673,44.765790</coordinates>
</Point>
</Placemark>
<Placemark>
<name>585</name>
<Point>
<coordinates>16.083683,44.765867</coordinates>
</Point>
</Placemark>
<Placemark>
<name>586</name>
<Point>
<coordinates>16.083673,44.765975</coordinates>
</Point>
</Placemark>
<Placemark>
<name>587</name>
<Point>
<coordinates>16.083605,44.766073</coordinates>
</Point>
</Placemark>
<Placemark>
<name>588</name>
<Point>
<coordinates>16.083555,44.766117</coordinates>
</Point>
</Placemark>
<Placemark>
<name>577</name>
<Point>
<coordinates>16.083998,44.765455</coordinates>
</Point>
</Placemark>
<Placemark>
<name>578</name>
<Point>
<coordinates>16.083850,44.765527</coordinates>
</Point>
</Placemark>
<Placemark>
<name>579</name>
<Point>
<coordinates>16.083793,44.765558</coordinates>
</Point>
</Placemark>
<Placemark>
<name>580</name>
<Point>
<coordinates>16.083750,44.765683</coordinates>
</Point>
</Placemark>
<Placemark>
<name>581</name>
<Point>
<coordinates>16.083750,44.765683</coordinates>
</Point>
</Placemark>
<Placemark>
<name>582</name>
<Point>
<coordinates>16.083750,44.765683</coordinates>
</Point>
</Placemark>
<Placemark>
<name>571</name>
<Point>
<coordinates>16.084117,44.765177</coordinates>
</Point>
</Placemark>
<Placemark>
<name>572</name>
<Point>
<coordinates>16.084073,44.765217</coordinates>
</Point>
</Placemark>
<Placemark>
<name>573</name>
<Point>
<coordinates>16.084140,44.765312</coordinates>
</Point>
</Placemark>
<Placemark>
<name>574</name>
<Point>
<coordinates>16.084060,44.765395</coordinates>
</Point>
</Placemark>
<Placemark>
<name>575</name>
<Point>
<coordinates>16.083998,44.765455</coordinates>
</Point>
</Placemark>
<Placemark>
<name>576</name>
<Point>
<coordinates>16.083998,44.765455</coordinates>
</Point>
</Placemark>
<Placemark>
<name>565</name>
<Point>
<coordinates>16.084392,44.764855</coordinates>
</Point>
</Placemark>
<Placemark>
<name>566</name>
<Point>
<coordinates>16.084242,44.764875</coordinates>
</Point>
</Placemark>
<Placemark>
<name>567</name>
<Point>
<coordinates>16.084195,44.765010</coordinates>
</Point>
</Placemark>
<Placemark>
<name>568</name>
<Point>
<coordinates>16.084122,44.765085</coordinates>
</Point>
</Placemark>
<Placemark>
<name>569</name>
<Point>
<coordinates>16.084122,44.765085</coordinates>
</Point>
</Placemark>
<Placemark>
<name>570</name>
<Point>
<coordinates>16.084122,44.765085</coordinates>
</Point>
</Placemark>
<Placemark>
<name>559</name>
<Point>
<coordinates>16.084880,44.764572</coordinates>
</Point>
</Placemark>
<Placemark>
<name>560</name>
<Point>
<coordinates>16.084815,44.764598</coordinates>
</Point>
</Placemark>
<Placemark>
<name>561</name>
<Point>
<coordinates>16.084633,44.764690</coordinates>
</Point>
</Placemark>
<Placemark>
<name>562</name>
<Point>
<coordinates>16.084633,44.764690</coordinates>
</Point>
</Placemark>
<Placemark>
<name>563</name>
<Point>
<coordinates>16.084445,44.764688</coordinates>
</Point>
</Placemark>
<Placemark>
<name>564</name>
<Point>
<coordinates>16.084413,44.764743</coordinates>
</Point>
</Placemark>
<Placemark>
<name>553</name>
<Point>
<coordinates>16.084902,44.764143</coordinates>
</Point>
</Placemark>
<Placemark>
<name>554</name>
<Point>
<coordinates>16.084902,44.764132</coordinates>
</Point>
</Placemark>
<Placemark>
<name>555</name>
<Point>
<coordinates>16.084727,44.764358</coordinates>
</Point>
</Placemark>
<Placemark>
<name>556</name>
<Point>
<coordinates>16.084818,44.764385</coordinates>
</Point>
</Placemark>
<Placemark>
<name>557</name>
<Point>
<coordinates>16.084948,44.764483</coordinates>
</Point>
</Placemark>
<Placemark>
<name>558</name>
<Point>
<coordinates>16.084880,44.764572</coordinates>
</Point>
</Placemark>
<Placemark>
<name>547</name>
<Point>
<coordinates>16.085497,44.764085</coordinates>
</Point>
</Placemark>
<Placemark>
<name>548</name>
<Point>
<coordinates>16.085325,44.764110</coordinates>
</Point>
</Placemark>
<Placemark>
<name>549</name>
<Point>
<coordinates>16.085325,44.764110</coordinates>
</Point>
</Placemark>
<Placemark>
<name>550</name>
<Point>
<coordinates>16.085325,44.764110</coordinates>
</Point>
</Placemark>
<Placemark>
<name>551</name>
<Point>
<coordinates>16.085250,44.764185</coordinates>
</Point>
</Placemark>
<Placemark>
<name>552</name>
<Point>
<coordinates>16.085108,44.764217</coordinates>
</Point>
</Placemark>
<Placemark>
<name>541</name>
<Point>
<coordinates>16.086033,44.763717</coordinates>
</Point>
</Placemark>
<Placemark>
<name>542</name>
<Point>
<coordinates>16.085898,44.763853</coordinates>
</Point>
</Placemark>
<Placemark>
<name>543</name>
<Point>
<coordinates>16.085820,44.763980</coordinates>
</Point>
</Placemark>
<Placemark>
<name>544</name>
<Point>
<coordinates>16.085820,44.763980</coordinates>
</Point>
</Placemark>
<Placemark>
<name>545</name>
<Point>
<coordinates>16.085820,44.763980</coordinates>
</Point>
</Placemark>
<Placemark>
<name>546</name>
<Point>
<coordinates>16.085562,44.764067</coordinates>
</Point>
</Placemark>
<Placemark>
<name>535</name>
<Point>
<coordinates>16.086177,44.763140</coordinates>
</Point>
</Placemark>
<Placemark>
<name>536</name>
<Point>
<coordinates>16.086112,44.763485</coordinates>
</Point>
</Placemark>
<Placemark>
<name>537</name>
<Point>
<coordinates>16.086112,44.763485</coordinates>
</Point>
</Placemark>
<Placemark>
<name>538</name>
<Point>
<coordinates>16.086095,44.763518</coordinates>
</Point>
</Placemark>
<Placemark>
<name>539</name>
<Point>
<coordinates>16.086095,44.763518</coordinates>
</Point>
</Placemark>
<Placemark>
<name>540</name>
<Point>
<coordinates>16.086055,44.763605</coordinates>
</Point>
</Placemark>
<Placemark>
<name>529</name>
<Point>
<coordinates>16.086595,44.763328</coordinates>
</Point>
</Placemark>
<Placemark>
<name>530</name>
<Point>
<coordinates>16.086452,44.763332</coordinates>
</Point>
</Placemark>
<Placemark>
<name>531</name>
<Point>
<coordinates>16.086452,44.763332</coordinates>
</Point>
</Placemark>
<Placemark>
<name>532</name>
<Point>
<coordinates>16.086282,44.763302</coordinates>
</Point>
</Placemark>
<Placemark>
<name>533</name>
<Point>
<coordinates>16.086282,44.763302</coordinates>
</Point>
</Placemark>
<Placemark>
<name>534</name>
<Point>
<coordinates>16.086177,44.763140</coordinates>
</Point>
</Placemark>
<Placemark>
<name>523</name>
<Point>
<coordinates>16.086908,44.763047</coordinates>
</Point>
</Placemark>
<Placemark>
<name>524</name>
<Point>
<coordinates>16.086930,44.763172</coordinates>
</Point>
</Placemark>
<Placemark>
<name>525</name>
<Point>
<coordinates>16.086943,44.763282</coordinates>
</Point>
</Placemark>
<Placemark>
<name>526</name>
<Point>
<coordinates>16.086727,44.763267</coordinates>
</Point>
</Placemark>
<Placemark>
<name>527</name>
<Point>
<coordinates>16.086595,44.763328</coordinates>
</Point>
</Placemark>
<Placemark>
<name>528</name>
<Point>
<coordinates>16.086595,44.763328</coordinates>
</Point>
</Placemark>
<Placemark>
<name>517</name>
<Point>
<coordinates>16.086998,44.762817</coordinates>
</Point>
</Placemark>
<Placemark>
<name>518</name>
<Point>
<coordinates>16.086998,44.762817</coordinates>
</Point>
</Placemark>
<Placemark>
<name>519</name>
<Point>
<coordinates>16.086998,44.762817</coordinates>
</Point>
</Placemark>
<Placemark>
<name>520</name>
<Point>
<coordinates>16.086835,44.762923</coordinates>
</Point>
</Placemark>
<Placemark>
<name>521</name>
<Point>
<coordinates>16.086908,44.763047</coordinates>
</Point>
</Placemark>
<Placemark>
<name>522</name>
<Point>
<coordinates>16.086908,44.763047</coordinates>
</Point>
</Placemark>
<Placemark>
<name>511</name>
<Point>
<coordinates>16.087062,44.762372</coordinates>
</Point>
</Placemark>
<Placemark>
<name>512</name>
<Point>
<coordinates>16.087062,44.762372</coordinates>
</Point>
</Placemark>
<Placemark>
<name>513</name>
<Point>
<coordinates>16.087045,44.762537</coordinates>
</Point>
</Placemark>
<Placemark>
<name>514</name>
<Point>
<coordinates>16.087082,44.762747</coordinates>
</Point>
</Placemark>
<Placemark>
<name>515</name>
<Point>
<coordinates>16.087082,44.762747</coordinates>
</Point>
</Placemark>
<Placemark>
<name>516</name>
<Point>
<coordinates>16.087082,44.762747</coordinates>
</Point>
</Placemark>
<Placemark>
<name>505</name>
<Point>
<coordinates>16.087447,44.762210</coordinates>
</Point>
</Placemark>
<Placemark>
<name>506</name>
<Point>
<coordinates>16.087347,44.762240</coordinates>
</Point>
</Placemark>
<Placemark>
<name>507</name>
<Point>
<coordinates>16.087347,44.762240</coordinates>
</Point>
</Placemark>
<Placemark>
<name>508</name>
<Point>
<coordinates>16.087347,44.762240</coordinates>
</Point>
</Placemark>
<Placemark>
<name>509</name>
<Point>
<coordinates>16.087347,44.762240</coordinates>
</Point>
</Placemark>
<Placemark>
<name>510</name>
<Point>
<coordinates>16.087190,44.762297</coordinates>
</Point>
</Placemark>
<Placemark>
<name>499</name>
<Point>
<coordinates>16.087795,44.761962</coordinates>
</Point>
</Placemark>
<Placemark>
<name>500</name>
<Point>
<coordinates>16.087703,44.762008</coordinates>
</Point>
</Placemark>
<Placemark>
<name>501</name>
<Point>
<coordinates>16.087703,44.762008</coordinates>
</Point>
</Placemark>
<Placemark>
<name>502</name>
<Point>
<coordinates>16.087627,44.762088</coordinates>
</Point>
</Placemark>
<Placemark>
<name>503</name>
<Point>
<coordinates>16.087488,44.762038</coordinates>
</Point>
</Placemark>
<Placemark>
<name>504</name>
<Point>
<coordinates>16.087505,44.762123</coordinates>
</Point>
</Placemark>
<Placemark>
<name>493</name>
<Point>
<coordinates>16.087953,44.761597</coordinates>
</Point>
</Placemark>
<Placemark>
<name>494</name>
<Point>
<coordinates>16.087953,44.761597</coordinates>
</Point>
</Placemark>
<Placemark>
<name>495</name>
<Point>
<coordinates>16.087990,44.761683</coordinates>
</Point>
</Placemark>
<Placemark>
<name>496</name>
<Point>
<coordinates>16.087997,44.761808</coordinates>
</Point>
</Placemark>
<Placemark>
<name>497</name>
<Point>
<coordinates>16.087917,44.761908</coordinates>
</Point>
</Placemark>
<Placemark>
<name>498</name>
<Point>
<coordinates>16.087917,44.761908</coordinates>
</Point>
</Placemark>
<Placemark>
<name>487</name>
<Point>
<coordinates>16.087920,44.761363</coordinates>
</Point>
</Placemark>
<Placemark>
<name>488</name>
<Point>
<coordinates>16.087968,44.761455</coordinates>
</Point>
</Placemark>
<Placemark>
<name>489</name>
<Point>
<coordinates>16.087968,44.761455</coordinates>
</Point>
</Placemark>
<Placemark>
<name>490</name>
<Point>
<coordinates>16.088077,44.761537</coordinates>
</Point>
</Placemark>
<Placemark>
<name>491</name>
<Point>
<coordinates>16.088077,44.761537</coordinates>
</Point>
</Placemark>
<Placemark>
<name>492</name>
<Point>
<coordinates>16.088077,44.761537</coordinates>
</Point>
</Placemark>
<Placemark>
<name>481</name>
<Point>
<coordinates>16.087685,44.761312</coordinates>
</Point>
</Placemark>
<Placemark>
<name>482</name>
<Point>
<coordinates>16.087558,44.761140</coordinates>
</Point>
</Placemark>
<Placemark>
<name>483</name>
<Point>
<coordinates>16.087622,44.761187</coordinates>
</Point>
</Placemark>
<Placemark>
<name>484</name>
<Point>
<coordinates>16.087760,44.761253</coordinates>
</Point>
</Placemark>
<Placemark>
<name>485</name>
<Point>
<coordinates>16.087930,44.761345</coordinates>
</Point>
</Placemark>
<Placemark>
<name>486</name>
<Point>
<coordinates>16.087920,44.761363</coordinates>
</Point>
</Placemark>
<Placemark>
<name>955</name>
<Point>
<coordinates>16.088335,44.761622</coordinates>
</Point>
</Placemark>
<Placemark>
<name>956</name>
<Point>
<coordinates>16.088335,44.761622</coordinates>
</Point>
</Placemark>
<Placemark>
<name>957</name>
<Point>
<coordinates>16.088380,44.761637</coordinates>
</Point>
</Placemark>
<Placemark>
<name>958</name>
<Point>
<coordinates>16.088170,44.761327</coordinates>
</Point>
</Placemark>
<Placemark>
<name>959</name>
<Point>
<coordinates>16.088147,44.761262</coordinates>
</Point>
</Placemark>
<Placemark>
<name>960</name>
<Point>
<coordinates>16.087795,44.761065</coordinates>
</Point>
</Placemark>
<Placemark>
<name>949</name>
<Point>
<coordinates>16.088538,44.761930</coordinates>
</Point>
</Placemark>
<Placemark>
<name>950</name>
<Point>
<coordinates>16.088538,44.761930</coordinates>
</Point>
</Placemark>
<Placemark>
<name>951</name>
<Point>
<coordinates>16.088433,44.761797</coordinates>
</Point>
</Placemark>
<Placemark>
<name>952</name>
<Point>
<coordinates>16.088437,44.761813</coordinates>
</Point>
</Placemark>
<Placemark>
<name>953</name>
<Point>
<coordinates>16.088437,44.761812</coordinates>
</Point>
</Placemark>
<Placemark>
<name>954</name>
<Point>
<coordinates>16.088412,44.761658</coordinates>
</Point>
</Placemark>
<Placemark>
<name>943</name>
<Point>
<coordinates>16.088467,44.762227</coordinates>
</Point>
</Placemark>
<Placemark>
<name>944</name>
<Point>
<coordinates>16.088467,44.762227</coordinates>
</Point>
</Placemark>
<Placemark>
<name>945</name>
<Point>
<coordinates>16.088552,44.762165</coordinates>
</Point>
</Placemark>
<Placemark>
<name>946</name>
<Point>
<coordinates>16.088512,44.762000</coordinates>
</Point>
</Placemark>
<Placemark>
<name>947</name>
<Point>
<coordinates>16.088538,44.761930</coordinates>
</Point>
</Placemark>
<Placemark>
<name>948</name>
<Point>
<coordinates>16.088538,44.761930</coordinates>
</Point>
</Placemark>
<Placemark>
<name>937</name>
<Point>
<coordinates>16.088273,44.762230</coordinates>
</Point>
</Placemark>
<Placemark>
<name>938</name>
<Point>
<coordinates>16.088273,44.762230</coordinates>
</Point>
</Placemark>
<Placemark>
<name>939</name>
<Point>
<coordinates>16.088273,44.762230</coordinates>
</Point>
</Placemark>
<Placemark>
<name>940</name>
<Point>
<coordinates>16.088273,44.762230</coordinates>
</Point>
</Placemark>
<Placemark>
<name>941</name>
<Point>
<coordinates>16.088273,44.762230</coordinates>
</Point>
</Placemark>
<Placemark>
<name>942</name>
<Point>
<coordinates>16.088273,44.762230</coordinates>
</Point>
</Placemark>
<Placemark>
<name>931</name>
<Point>
<coordinates>16.088112,44.762313</coordinates>
</Point>
</Placemark>
<Placemark>
<name>932</name>
<Point>
<coordinates>16.088165,44.762307</coordinates>
</Point>
</Placemark>
<Placemark>
<name>933</name>
<Point>
<coordinates>16.088138,44.762190</coordinates>
</Point>
</Placemark>
<Placemark>
<name>934</name>
<Point>
<coordinates>16.088138,44.762190</coordinates>
</Point>
</Placemark>
<Placemark>
<name>935</name>
<Point>
<coordinates>16.088138,44.762190</coordinates>
</Point>
</Placemark>
<Placemark>
<name>936</name>
<Point>
<coordinates>16.088138,44.762190</coordinates>
</Point>
</Placemark>
<Placemark>
<name>925</name>
<Point>
<coordinates>16.088288,44.762500</coordinates>
</Point>
</Placemark>
<Placemark>
<name>926</name>
<Point>
<coordinates>16.088432,44.762512</coordinates>
</Point>
</Placemark>
<Placemark>
<name>927</name>
<Point>
<coordinates>16.088432,44.762512</coordinates>
</Point>
</Placemark>
<Placemark>
<name>928</name>
<Point>
<coordinates>16.088432,44.762512</coordinates>
</Point>
</Placemark>
<Placemark>
<name>929</name>
<Point>
<coordinates>16.088292,44.762350</coordinates>
</Point>
</Placemark>
<Placemark>
<name>930</name>
<Point>
<coordinates>16.088292,44.762350</coordinates>
</Point>
</Placemark>
<Placemark>
<name>919</name>
<Point>
<coordinates>16.087557,44.762520</coordinates>
</Point>
</Placemark>
<Placemark>
<name>920</name>
<Point>
<coordinates>16.087573,44.762418</coordinates>
</Point>
</Placemark>
<Placemark>
<name>921</name>
<Point>
<coordinates>16.088132,44.762532</coordinates>
</Point>
</Placemark>
<Placemark>
<name>922</name>
<Point>
<coordinates>16.088255,44.762575</coordinates>
</Point>
</Placemark>
<Placemark>
<name>923</name>
<Point>
<coordinates>16.088280,44.762550</coordinates>
</Point>
</Placemark>
<Placemark>
<name>924</name>
<Point>
<coordinates>16.088210,44.762493</coordinates>
</Point>
</Placemark>
<Placemark>
<name>913</name>
<Point>
<coordinates>16.087893,44.762918</coordinates>
</Point>
</Placemark>
<Placemark>
<name>914</name>
<Point>
<coordinates>16.087893,44.762918</coordinates>
</Point>
</Placemark>
<Placemark>
<name>915</name>
<Point>
<coordinates>16.087902,44.762813</coordinates>
</Point>
</Placemark>
<Placemark>
<name>916</name>
<Point>
<coordinates>16.087892,44.762742</coordinates>
</Point>
</Placemark>
<Placemark>
<name>917</name>
<Point>
<coordinates>16.087828,44.762722</coordinates>
</Point>
</Placemark>
<Placemark>
<name>918</name>
<Point>
<coordinates>16.087523,44.762698</coordinates>
</Point>
</Placemark>
<Placemark>
<name>907</name>
<Point>
<coordinates>16.087863,44.763253</coordinates>
</Point>
</Placemark>
<Placemark>
<name>908</name>
<Point>
<coordinates>16.087772,44.763110</coordinates>
</Point>
</Placemark>
<Placemark>
<name>909</name>
<Point>
<coordinates>16.087772,44.763110</coordinates>
</Point>
</Placemark>
<Placemark>
<name>910</name>
<Point>
<coordinates>16.087682,44.762962</coordinates>
</Point>
</Placemark>
<Placemark>
<name>911</name>
<Point>
<coordinates>16.087792,44.763013</coordinates>
</Point>
</Placemark>
<Placemark>
<name>912</name>
<Point>
<coordinates>16.087848,44.763012</coordinates>
</Point>
</Placemark>
<Placemark>
<name>901</name>
<Point>
<coordinates>16.087868,44.763520</coordinates>
</Point>
</Placemark>
<Placemark>
<name>902</name>
<Point>
<coordinates>16.087868,44.763520</coordinates>
</Point>
</Placemark>
<Placemark>
<name>903</name>
<Point>
<coordinates>16.087657,44.763327</coordinates>
</Point>
</Placemark>
<Placemark>
<name>904</name>
<Point>
<coordinates>16.087657,44.763327</coordinates>
</Point>
</Placemark>
<Placemark>
<name>905</name>
<Point>
<coordinates>16.087828,44.763250</coordinates>
</Point>
</Placemark>
<Placemark>
<name>906</name>
<Point>
<coordinates>16.087863,44.763253</coordinates>
</Point>
</Placemark>
<Placemark>
<name>895</name>
<Point>
<coordinates>16.087360,44.763658</coordinates>
</Point>
</Placemark>
<Placemark>
<name>896</name>
<Point>
<coordinates>16.087360,44.763658</coordinates>
</Point>
</Placemark>
<Placemark>
<name>897</name>
<Point>
<coordinates>16.087518,44.763655</coordinates>
</Point>
</Placemark>
<Placemark>
<name>898</name>
<Point>
<coordinates>16.087643,44.763618</coordinates>
</Point>
</Placemark>
<Placemark>
<name>899</name>
<Point>
<coordinates>16.087793,44.763598</coordinates>
</Point>
</Placemark>
<Placemark>
<name>900</name>
<Point>
<coordinates>16.087868,44.763520</coordinates>
</Point>
</Placemark>
<Placemark>
<name>889</name>
<Point>
<coordinates>16.087038,44.763557</coordinates>
</Point>
</Placemark>
<Placemark>
<name>890</name>
<Point>
<coordinates>16.087038,44.763557</coordinates>
</Point>
</Placemark>
<Placemark>
<name>891</name>
<Point>
<coordinates>16.087122,44.763667</coordinates>
</Point>
</Placemark>
<Placemark>
<name>892</name>
<Point>
<coordinates>16.087218,44.763647</coordinates>
</Point>
</Placemark>
<Placemark>
<name>893</name>
<Point>
<coordinates>16.087352,44.763653</coordinates>
</Point>
</Placemark>
<Placemark>
<name>894</name>
<Point>
<coordinates>16.087360,44.763658</coordinates>
</Point>
</Placemark>
<Placemark>
<name>883</name>
<Point>
<coordinates>16.087133,44.763918</coordinates>
</Point>
</Placemark>
<Placemark>
<name>884</name>
<Point>
<coordinates>16.087125,44.763818</coordinates>
</Point>
</Placemark>
<Placemark>
<name>885</name>
<Point>
<coordinates>16.087125,44.763818</coordinates>
</Point>
</Placemark>
<Placemark>
<name>886</name>
<Point>
<coordinates>16.087048,44.763698</coordinates>
</Point>
</Placemark>
<Placemark>
<name>887</name>
<Point>
<coordinates>16.087048,44.763687</coordinates>
</Point>
</Placemark>
<Placemark>
<name>888</name>
<Point>
<coordinates>16.087048,44.763687</coordinates>
</Point>
</Placemark>
<Placemark>
<name>877</name>
<Point>
<coordinates>16.086447,44.764147</coordinates>
</Point>
</Placemark>
<Placemark>
<name>878</name>
<Point>
<coordinates>16.086620,44.764087</coordinates>
</Point>
</Placemark>
<Placemark>
<name>879</name>
<Point>
<coordinates>16.086562,44.764015</coordinates>
</Point>
</Placemark>
<Placemark>
<name>880</name>
<Point>
<coordinates>16.086562,44.764015</coordinates>
</Point>
</Placemark>
<Placemark>
<name>881</name>
<Point>
<coordinates>16.086837,44.764023</coordinates>
</Point>
</Placemark>
<Placemark>
<name>882</name>
<Point>
<coordinates>16.087015,44.764012</coordinates>
</Point>
</Placemark>
<Placemark>
<name>871</name>
<Point>
<coordinates>16.086373,44.764400</coordinates>
</Point>
</Placemark>
<Placemark>
<name>872</name>
<Point>
<coordinates>16.086102,44.764340</coordinates>
</Point>
</Placemark>
<Placemark>
<name>873</name>
<Point>
<coordinates>16.086102,44.764340</coordinates>
</Point>
</Placemark>
<Placemark>
<name>874</name>
<Point>
<coordinates>16.086298,44.764307</coordinates>
</Point>
</Placemark>
<Placemark>
<name>875</name>
<Point>
<coordinates>16.086298,44.764307</coordinates>
</Point>
</Placemark>
<Placemark>
<name>876</name>
<Point>
<coordinates>16.086437,44.764237</coordinates>
</Point>
</Placemark>
<Placemark>
<name>865</name>
<Point>
<coordinates>16.086373,44.764673</coordinates>
</Point>
</Placemark>
<Placemark>
<name>866</name>
<Point>
<coordinates>16.086390,44.764662</coordinates>
</Point>
</Placemark>
<Placemark>
<name>867</name>
<Point>
<coordinates>16.086343,44.764642</coordinates>
</Point>
</Placemark>
<Placemark>
<name>868</name>
<Point>
<coordinates>16.086395,44.764565</coordinates>
</Point>
</Placemark>
<Placemark>
<name>869</name>
<Point>
<coordinates>16.086395,44.764565</coordinates>
</Point>
</Placemark>
<Placemark>
<name>870</name>
<Point>
<coordinates>16.086395,44.764565</coordinates>
</Point>
</Placemark>
<Placemark>
<name>859</name>
<Point>
<coordinates>16.085810,44.764690</coordinates>
</Point>
</Placemark>
<Placemark>
<name>860</name>
<Point>
<coordinates>16.085797,44.764627</coordinates>
</Point>
</Placemark>
<Placemark>
<name>861</name>
<Point>
<coordinates>16.085797,44.764627</coordinates>
</Point>
</Placemark>
<Placemark>
<name>862</name>
<Point>
<coordinates>16.085973,44.764643</coordinates>
</Point>
</Placemark>
<Placemark>
<name>863</name>
<Point>
<coordinates>16.086115,44.764635</coordinates>
</Point>
</Placemark>
<Placemark>
<name>864</name>
<Point>
<coordinates>16.086323,44.764700</coordinates>
</Point>
</Placemark>
<Placemark>
<name>853</name>
<Point>
<coordinates>16.085943,44.765000</coordinates>
</Point>
</Placemark>
<Placemark>
<name>854</name>
<Point>
<coordinates>16.086040,44.764932</coordinates>
</Point>
</Placemark>
<Placemark>
<name>855</name>
<Point>
<coordinates>16.086040,44.764932</coordinates>
</Point>
</Placemark>
<Placemark>
<name>856</name>
<Point>
<coordinates>16.086040,44.764932</coordinates>
</Point>
</Placemark>
<Placemark>
<name>857</name>
<Point>
<coordinates>16.085943,44.764823</coordinates>
</Point>
</Placemark>
<Placemark>
<name>858</name>
<Point>
<coordinates>16.085882,44.764725</coordinates>
</Point>
</Placemark>
<Placemark>
<name>847</name>
<Point>
<coordinates>16.085787,44.765062</coordinates>
</Point>
</Placemark>
<Placemark>
<name>848</name>
<Point>
<coordinates>16.085860,44.765062</coordinates>
</Point>
</Placemark>
<Placemark>
<name>849</name>
<Point>
<coordinates>16.085860,44.765062</coordinates>
</Point>
</Placemark>
<Placemark>
<name>850</name>
<Point>
<coordinates>16.085860,44.765062</coordinates>
</Point>
</Placemark>
<Placemark>
<name>851</name>
<Point>
<coordinates>16.085943,44.765000</coordinates>
</Point>
</Placemark>
<Placemark>
<name>852</name>
<Point>
<coordinates>16.085943,44.765000</coordinates>
</Point>
</Placemark>
<Placemark>
<name>841</name>
<Point>
<coordinates>16.085182,44.765180</coordinates>
</Point>
</Placemark>
<Placemark>
<name>842</name>
<Point>
<coordinates>16.085480,44.765082</coordinates>
</Point>
</Placemark>
<Placemark>
<name>843</name>
<Point>
<coordinates>16.085480,44.765082</coordinates>
</Point>
</Placemark>
<Placemark>
<name>844</name>
<Point>
<coordinates>16.085622,44.765075</coordinates>
</Point>
</Placemark>
<Placemark>
<name>845</name>
<Point>
<coordinates>16.085687,44.765038</coordinates>
</Point>
</Placemark>
<Placemark>
<name>846</name>
<Point>
<coordinates>16.085787,44.765062</coordinates>
</Point>
</Placemark>
<Placemark>
<name>835</name>
<Point>
<coordinates>16.084707,44.765233</coordinates>
</Point>
</Placemark>
<Placemark>
<name>836</name>
<Point>
<coordinates>16.084622,44.765053</coordinates>
</Point>
</Placemark>
<Placemark>
<name>837</name>
<Point>
<coordinates>16.084622,44.765053</coordinates>
</Point>
</Placemark>
<Placemark>
<name>838</name>
<Point>
<coordinates>16.085048,44.765013</coordinates>
</Point>
</Placemark>
<Placemark>
<name>839</name>
<Point>
<coordinates>16.085115,44.765133</coordinates>
</Point>
</Placemark>
<Placemark>
<name>840</name>
<Point>
<coordinates>16.085115,44.765133</coordinates>
</Point>
</Placemark>
<Placemark>
<name>829</name>
<Point>
<coordinates>16.084727,44.765522</coordinates>
</Point>
</Placemark>
<Placemark>
<name>830</name>
<Point>
<coordinates>16.084590,44.765503</coordinates>
</Point>
</Placemark>
<Placemark>
<name>831</name>
<Point>
<coordinates>16.084590,44.765503</coordinates>
</Point>
</Placemark>
<Placemark>
<name>832</name>
<Point>
<coordinates>16.084692,44.765422</coordinates>
</Point>
</Placemark>
<Placemark>
<name>833</name>
<Point>
<coordinates>16.084702,44.765330</coordinates>
</Point>
</Placemark>
<Placemark>
<name>834</name>
<Point>
<coordinates>16.084702,44.765330</coordinates>
</Point>
</Placemark>
<Placemark>
<name>823</name>
<Point>
<coordinates>16.084650,44.765863</coordinates>
</Point>
</Placemark>
<Placemark>
<name>824</name>
<Point>
<coordinates>16.084605,44.765768</coordinates>
</Point>
</Placemark>
<Placemark>
<name>825</name>
<Point>
<coordinates>16.084455,44.765762</coordinates>
</Point>
</Placemark>
<Placemark>
<name>826</name>
<Point>
<coordinates>16.084597,44.765587</coordinates>
</Point>
</Placemark>
<Placemark>
<name>827</name>
<Point>
<coordinates>16.084597,44.765587</coordinates>
</Point>
</Placemark>
<Placemark>
<name>828</name>
<Point>
<coordinates>16.084660,44.765520</coordinates>
</Point>
</Placemark>
<Placemark>
<name>817</name>
<Point>
<coordinates>16.084607,44.766118</coordinates>
</Point>
</Placemark>
<Placemark>
<name>818</name>
<Point>
<coordinates>16.084607,44.766118</coordinates>
</Point>
</Placemark>
<Placemark>
<name>819</name>
<Point>
<coordinates>16.084600,44.766003</coordinates>
</Point>
</Placemark>
<Placemark>
<name>820</name>
<Point>
<coordinates>16.084600,44.766003</coordinates>
</Point>
</Placemark>
<Placemark>
<name>821</name>
<Point>
<coordinates>16.084620,44.765975</coordinates>
</Point>
</Placemark>
<Placemark>
<name>822</name>
<Point>
<coordinates>16.084620,44.765975</coordinates>
</Point>
</Placemark>
<Placemark>
<name>811</name>
<Point>
<coordinates>16.084328,44.764757</coordinates>
</Point>
</Placemark>
<Placemark>
<name>812</name>
<Point>
<coordinates>16.084328,44.764757</coordinates>
</Point>
</Placemark>
<Placemark>
<name>813</name>
<Point>
<coordinates>16.084328,44.764757</coordinates>
</Point>
</Placemark>
<Placemark>
<name>814</name>
<Point>
<coordinates>16.084328,44.764757</coordinates>
</Point>
</Placemark>
<Placemark>
<name>815</name>
<Point>
<coordinates>16.084328,44.764757</coordinates>
</Point>
</Placemark>
<Placemark>
<name>816</name>
<Point>
<coordinates>16.084437,44.766178</coordinates>
</Point>
</Placemark>
<Placemark>
<name>805</name>
<Point>
<coordinates>16.084328,44.764757</coordinates>
</Point>
</Placemark>
<Placemark>
<name>806</name>
<Point>
<coordinates>16.084328,44.764757</coordinates>
</Point>
</Placemark>
<Placemark>
<name>807</name>
<Point>
<coordinates>16.084328,44.764757</coordinates>
</Point>
</Placemark>
<Placemark>
<name>808</name>
<Point>
<coordinates>16.084328,44.764757</coordinates>
</Point>
</Placemark>
<Placemark>
<name>809</name>
<Point>
<coordinates>16.084328,44.764757</coordinates>
</Point>
</Placemark>
<Placemark>
<name>810</name>
<Point>
<coordinates>16.084328,44.764757</coordinates>
</Point>
</Placemark>
<Placemark>
<name>799</name>
<Point>
<coordinates>16.084328,44.764757</coordinates>
</Point>
</Placemark>
<Placemark>
<name>800</name>
<Point>
<coordinates>16.084328,44.764757</coordinates>
</Point>
</Placemark>
<Placemark>
<name>801</name>
<Point>
<coordinates>16.084328,44.764757</coordinates>
</Point>
</Placemark>
<Placemark>
<name>802</name>
<Point>
<coordinates>16.084328,44.764757</coordinates>
</Point>
</Placemark>
<Placemark>
<name>803</name>
<Point>
<coordinates>16.084328,44.764757</coordinates>
</Point>
</Placemark>
<Placemark>
<name>804</name>
<Point>
<coordinates>16.084328,44.764757</coordinates>
</Point>
</Placemark>
<Placemark>
<name>793</name>
<Point>
<coordinates>16.084328,44.764757</coordinates>
</Point>
</Placemark>
<Placemark>
<name>794</name>
<Point>
<coordinates>16.084328,44.764757</coordinates>
</Point>
</Placemark>
<Placemark>
<name>795</name>
<Point>
<coordinates>16.084328,44.764757</coordinates>
</Point>
</Placemark>
<Placemark>
<name>796</name>
<Point>
<coordinates>16.084328,44.764757</coordinates>
</Point>
</Placemark>
<Placemark>
<name>797</name>
<Point>
<coordinates>16.084328,44.764757</coordinates>
</Point>
</Placemark>
<Placemark>
<name>798</name>
<Point>
<coordinates>16.084328,44.764757</coordinates>
</Point>
</Placemark>
<Placemark>
<name>787</name>
<Point>
<coordinates>16.084328,44.764757</coordinates>
</Point>
</Placemark>
<Placemark>
<name>788</name>
<Point>
<coordinates>16.084328,44.764757</coordinates>
</Point>
</Placemark>
<Placemark>
<name>789</name>
<Point>
<coordinates>16.084328,44.764757</coordinates>
</Point>
</Placemark>
<Placemark>
<name>790</name>
<Point>
<coordinates>16.084328,44.764757</coordinates>
</Point>
</Placemark>
<Placemark>
<name>791</name>
<Point>
<coordinates>16.084328,44.764757</coordinates>
</Point>
</Placemark>
<Placemark>
<name>792</name>
<Point>
<coordinates>16.084328,44.764757</coordinates>
</Point>
</Placemark>
<Placemark>
<name>781</name>
<Point>
<coordinates>16.084628,44.764297</coordinates>
</Point>
</Placemark>
<Placemark>
<name>782</name>
<Point>
<coordinates>16.084522,44.764462</coordinates>
</Point>
</Placemark>
<Placemark>
<name>783</name>
<Point>
<coordinates>16.084522,44.764462</coordinates>
</Point>
</Placemark>
<Placemark>
<name>784</name>
<Point>
<coordinates>16.084153,44.764452</coordinates>
</Point>
</Placemark>
<Placemark>
<name>785</name>
<Point>
<coordinates>16.084185,44.764505</coordinates>
</Point>
</Placemark>
<Placemark>
<name>786</name>
<Point>
<coordinates>16.084328,44.764757</coordinates>
</Point>
</Placemark>
<Placemark>
<name>775</name>
<Point>
<coordinates>16.084915,44.764098</coordinates>
</Point>
</Placemark>
<Placemark>
<name>776</name>
<Point>
<coordinates>16.084915,44.764098</coordinates>
</Point>
</Placemark>
<Placemark>
<name>777</name>
<Point>
<coordinates>16.084867,44.764137</coordinates>
</Point>
</Placemark>
<Placemark>
<name>778</name>
<Point>
<coordinates>16.084747,44.764230</coordinates>
</Point>
</Placemark>
<Placemark>
<name>779</name>
<Point>
<coordinates>16.084737,44.764243</coordinates>
</Point>
</Placemark>
<Placemark>
<name>780</name>
<Point>
<coordinates>16.084653,44.764263</coordinates>
</Point>
</Placemark>
<Placemark>
<name>769</name>
<Point>
<coordinates>16.085575,44.763888</coordinates>
</Point>
</Placemark>
<Placemark>
<name>770</name>
<Point>
<coordinates>16.085490,44.763810</coordinates>
</Point>
</Placemark>
<Placemark>
<name>771</name>
<Point>
<coordinates>16.085408,44.763957</coordinates>
</Point>
</Placemark>
<Placemark>
<name>772</name>
<Point>
<coordinates>16.085408,44.763957</coordinates>
</Point>
</Placemark>
<Placemark>
<name>773</name>
<Point>
<coordinates>16.085207,44.764015</coordinates>
</Point>
</Placemark>
<Placemark>
<name>774</name>
<Point>
<coordinates>16.085015,44.764105</coordinates>
</Point>
</Placemark>
<Placemark>
<name>763</name>
<Point>
<coordinates>16.085592,44.763603</coordinates>
</Point>
</Placemark>
<Placemark>
<name>764</name>
<Point>
<coordinates>16.085592,44.763603</coordinates>
</Point>
</Placemark>
<Placemark>
<name>765</name>
<Point>
<coordinates>16.085592,44.763603</coordinates>
</Point>
</Placemark>
<Placemark>
<name>766</name>
<Point>
<coordinates>16.085542,44.763730</coordinates>
</Point>
</Placemark>
<Placemark>
<name>767</name>
<Point>
<coordinates>16.085615,44.763790</coordinates>
</Point>
</Placemark>
<Placemark>
<name>768</name>
<Point>
<coordinates>16.085615,44.763790</coordinates>
</Point>
</Placemark>
<Placemark>
<name>757</name>
<Point>
<coordinates>16.085638,44.763412</coordinates>
</Point>
</Placemark>
<Placemark>
<name>758</name>
<Point>
<coordinates>16.085638,44.763412</coordinates>
</Point>
</Placemark>
<Placemark>
<name>759</name>
<Point>
<coordinates>16.085578,44.763542</coordinates>
</Point>
</Placemark>
<Placemark>
<name>760</name>
<Point>
<coordinates>16.085640,44.763650</coordinates>
</Point>
</Placemark>
<Placemark>
<name>761</name>
<Point>
<coordinates>16.085640,44.763650</coordinates>
</Point>
</Placemark>
<Placemark>
<name>762</name>
<Point>
<coordinates>16.085640,44.763650</coordinates>
</Point>
</Placemark>
<Placemark>
<name>751</name>
<Point>
<coordinates>16.086005,44.763323</coordinates>
</Point>
</Placemark>
<Placemark>
<name>752</name>
<Point>
<coordinates>16.086005,44.763323</coordinates>
</Point>
</Placemark>
<Placemark>
<name>753</name>
<Point>
<coordinates>16.086005,44.763323</coordinates>
</Point>
</Placemark>
<Placemark>
<name>754</name>
<Point>
<coordinates>16.085933,44.763393</coordinates>
</Point>
</Placemark>
<Placemark>
<name>755</name>
<Point>
<coordinates>16.085917,44.763395</coordinates>
</Point>
</Placemark>
<Placemark>
<name>756</name>
<Point>
<coordinates>16.085638,44.763412</coordinates>
</Point>
</Placemark>
<Placemark>
<name>745</name>
<Point>
<coordinates>16.086333,44.762840</coordinates>
</Point>
</Placemark>
<Placemark>
<name>746</name>
<Point>
<coordinates>16.086323,44.762945</coordinates>
</Point>
</Placemark>
<Placemark>
<name>747</name>
<Point>
<coordinates>16.086323,44.762945</coordinates>
</Point>
</Placemark>
<Placemark>
<name>748</name>
<Point>
<coordinates>16.086323,44.762945</coordinates>
</Point>
</Placemark>
<Placemark>
<name>749</name>
<Point>
<coordinates>16.086320,44.763030</coordinates>
</Point>
</Placemark>
<Placemark>
<name>750</name>
<Point>
<coordinates>16.086337,44.763043</coordinates>
</Point>
</Placemark>
<Placemark>
<name>739</name>
<Point>
<coordinates>16.086678,44.762678</coordinates>
</Point>
</Placemark>
<Placemark>
<name>740</name>
<Point>
<coordinates>16.086678,44.762678</coordinates>
</Point>
</Placemark>
<Placemark>
<name>741</name>
<Point>
<coordinates>16.086542,44.762718</coordinates>
</Point>
</Placemark>
<Placemark>
<name>742</name>
<Point>
<coordinates>16.086542,44.762718</coordinates>
</Point>
</Placemark>
<Placemark>
<name>743</name>
<Point>
<coordinates>16.086423,44.762677</coordinates>
</Point>
</Placemark>
<Placemark>
<name>744</name>
<Point>
<coordinates>16.086300,44.762777</coordinates>
</Point>
</Placemark>
<Placemark>
<name>733</name>
<Point>
<coordinates>16.086718,44.762362</coordinates>
</Point>
</Placemark>
<Placemark>
<name>734</name>
<Point>
<coordinates>16.086718,44.762362</coordinates>
</Point>
</Placemark>
<Placemark>
<name>735</name>
<Point>
<coordinates>16.086808,44.762505</coordinates>
</Point>
</Placemark>
<Placemark>
<name>736</name>
<Point>
<coordinates>16.086725,44.762613</coordinates>
</Point>
</Placemark>
<Placemark>
<name>737</name>
<Point>
<coordinates>16.086678,44.762678</coordinates>
</Point>
</Placemark>
<Placemark>
<name>738</name>
<Point>
<coordinates>16.086678,44.762678</coordinates>
</Point>
</Placemark>
<Placemark>
<name>727</name>
<Point>
<coordinates>16.087185,44.762118</coordinates>
</Point>
</Placemark>
<Placemark>
<name>728</name>
<Point>
<coordinates>16.087185,44.762118</coordinates>
</Point>
</Placemark>
<Placemark>
<name>729</name>
<Point>
<coordinates>16.087185,44.762118</coordinates>
</Point>
</Placemark>
<Placemark>
<name>730</name>
<Point>
<coordinates>16.087085,44.762187</coordinates>
</Point>
</Placemark>
<Placemark>
<name>731</name>
<Point>
<coordinates>16.086960,44.762230</coordinates>
</Point>
</Placemark>
<Placemark>
<name>732</name>
<Point>
<coordinates>16.086855,44.762298</coordinates>
</Point>
</Placemark>
<Placemark>
<name>721</name>
<Point>
<coordinates>16.087540,44.761335</coordinates>
</Point>
</Placemark>
<Placemark>
<name>722</name>
<Point>
<coordinates>16.087578,44.761410</coordinates>
</Point>
</Placemark>
<Placemark>
<name>723</name>
<Point>
<coordinates>16.087655,44.761685</coordinates>
</Point>
</Placemark>
<Placemark>
<name>724</name>
<Point>
<coordinates>16.087552,44.761823</coordinates>
</Point>
</Placemark>
<Placemark>
<name>725</name>
<Point>
<coordinates>16.087552,44.761823</coordinates>
</Point>
</Placemark>
<Placemark>
<name>726</name>
<Point>
<coordinates>16.087193,44.762108</coordinates>
</Point>
</Placemark>
<Placemark>
<name>1435</name>
<Point>
<coordinates>16.096807,44.765902</coordinates>
</Point>
</Placemark>
<Placemark>
<name>1436</name>
<Point>
<coordinates>16.096823,44.765933</coordinates>
</Point>
</Placemark>
<Placemark>
<name>1437</name>
<Point>
<coordinates>16.096955,44.765960</coordinates>
</Point>
</Placemark>
<Placemark>
<name>1438</name>
<Point>
<coordinates>16.096955,44.765960</coordinates>
</Point>
</Placemark>
<Placemark>
<name>1439</name>
<Point>
<coordinates>16.097147,44.766040</coordinates>
</Point>
</Placemark>
<Placemark>
<name>1440</name>
<Point>
<coordinates>16.097372,44.765957</coordinates>
</Point>
</Placemark>
<Placemark>
<name>1429</name>
<Point>
<coordinates>16.096347,44.765325</coordinates>
</Point>
</Placemark>
<Placemark>
<name>1430</name>
<Point>
<coordinates>16.096463,44.765320</coordinates>
</Point>
</Placemark>
<Placemark>
<name>1431</name>
<Point>
<coordinates>16.096585,44.765387</coordinates>
</Point>
</Placemark>
<Placemark>
<name>1432</name>
<Point>
<coordinates>16.096707,44.765392</coordinates>
</Point>
</Placemark>
<Placemark>
<name>1433</name>
<Point>
<coordinates>16.096635,44.765598</coordinates>
</Point>
</Placemark>
<Placemark>
<name>1434</name>
<Point>
<coordinates>16.096672,44.765843</coordinates>
</Point>
</Placemark>
<Placemark>
<name>1423</name>
<Point>
<coordinates>16.095947,44.764870</coordinates>
</Point>
</Placemark>
<Placemark>
<name>1424</name>
<Point>
<coordinates>16.095862,44.764872</coordinates>
</Point>
</Placemark>
<Placemark>
<name>1425</name>
<Point>
<coordinates>16.095835,44.765002</coordinates>
</Point>
</Placemark>
<Placemark>
<name>1426</name>
<Point>
<coordinates>16.095782,44.765153</coordinates>
</Point>
</Placemark>
<Placemark>
<name>1427</name>
<Point>
<coordinates>16.095998,44.765287</coordinates>
</Point>
</Placemark>
<Placemark>
<name>1428</name>
<Point>
<coordinates>16.096133,44.765332</coordinates>
</Point>
</Placemark>
<Placemark>
<name>1417</name>
<Point>
<coordinates>16.096118,44.764478</coordinates>
</Point>
</Placemark>
<Placemark>
<name>1418</name>
<Point>
<coordinates>16.096123,44.764475</coordinates>
</Point>
</Placemark>
<Placemark>
<name>1419</name>
<Point>
<coordinates>16.095983,44.764508</coordinates>
</Point>
</Placemark>
<Placemark>
<name>1420</name>
<Point>
<coordinates>16.095843,44.764517</coordinates>
</Point>
</Placemark>
<Placemark>
<name>1421</name>
<Point>
<coordinates>16.095802,44.764648</coordinates>
</Point>
</Placemark>
<Placemark>
<name>1422</name>
<Point>
<coordinates>16.095940,44.764853</coordinates>
</Point>
</Placemark>
<Placemark>
<name>1411</name>
<Point>
<coordinates>16.095118,44.763913</coordinates>
</Point>
</Placemark>
<Placemark>
<name>1412</name>
<Point>
<coordinates>16.095463,44.764352</coordinates>
</Point>
</Placemark>
<Placemark>
<name>1413</name>
<Point>
<coordinates>16.095582,44.764235</coordinates>
</Point>
</Placemark>
<Placemark>
<name>1414</name>
<Point>
<coordinates>16.095832,44.764293</coordinates>
</Point>
</Placemark>
<Placemark>
<name>1415</name>
<Point>
<coordinates>16.095978,44.764393</coordinates>
</Point>
</Placemark>
<Placemark>
<name>1416</name>
<Point>
<coordinates>16.096040,44.764392</coordinates>
</Point>
</Placemark>
<Placemark>
<name>1405</name>
<Point>
<coordinates>16.094975,44.763735</coordinates>
</Point>
</Placemark>
<Placemark>
<name>1406</name>
<Point>
<coordinates>16.094952,44.763682</coordinates>
</Point>
</Placemark>
<Placemark>
<name>1407</name>
<Point>
<coordinates>16.094952,44.763682</coordinates>
</Point>
</Placemark>
<Placemark>
<name>1408</name>
<Point>
<coordinates>16.094952,44.763682</coordinates>
</Point>
</Placemark>
<Placemark>
<name>1409</name>
<Point>
<coordinates>16.094922,44.763687</coordinates>
</Point>
</Placemark>
<Placemark>
<name>1410</name>
<Point>
<coordinates>16.094972,44.763832</coordinates>
</Point>
</Placemark>
<Placemark>
<name>1399</name>
<Point>
<coordinates>16.094210,44.763625</coordinates>
</Point>
</Placemark>
<Placemark>
<name>1400</name>
<Point>
<coordinates>16.094347,44.763783</coordinates>
</Point>
</Placemark>
<Placemark>
<name>1401</name>
<Point>
<coordinates>16.094535,44.763868</coordinates>
</Point>
</Placemark>
<Placemark>
<name>1402</name>
<Point>
<coordinates>16.094815,44.763852</coordinates>
</Point>
</Placemark>
<Placemark>
<name>1403</name>
<Point>
<coordinates>16.094948,44.763805</coordinates>
</Point>
</Placemark>
<Placemark>
<name>1404</name>
<Point>
<coordinates>16.094933,44.763870</coordinates>
</Point>
</Placemark>
<Placemark>
<name>1393</name>
<Point>
<coordinates>16.093918,44.762918</coordinates>
</Point>
</Placemark>
<Placemark>
<name>1394</name>
<Point>
<coordinates>16.093970,44.763078</coordinates>
</Point>
</Placemark>
<Placemark>
<name>1395</name>
<Point>
<coordinates>16.094052,44.763088</coordinates>
</Point>
</Placemark>
<Placemark>
<name>1396</name>
<Point>
<coordinates>16.094075,44.763155</coordinates>
</Point>
</Placemark>
<Placemark>
<name>1397</name>
<Point>
<coordinates>16.094040,44.763407</coordinates>
</Point>
</Placemark>
<Placemark>
<name>1398</name>
<Point>
<coordinates>16.094197,44.763583</coordinates>
</Point>
</Placemark>
<Placemark>
<name>1387</name>
<Point>
<coordinates>16.094433,44.762173</coordinates>
</Point>
</Placemark>
<Placemark>
<name>1388</name>
<Point>
<coordinates>16.094393,44.762355</coordinates>
</Point>
</Placemark>
<Placemark>
<name>1389</name>
<Point>
<coordinates>16.094153,44.762427</coordinates>
</Point>
</Placemark>
<Placemark>
<name>1390</name>
<Point>
<coordinates>16.094072,44.762578</coordinates>
</Point>
</Placemark>
<Placemark>
<name>1391</name>
<Point>
<coordinates>16.094050,44.762653</coordinates>
</Point>
</Placemark>
<Placemark>
<name>1392</name>
<Point>
<coordinates>16.094032,44.762812</coordinates>
</Point>
</Placemark>
<Placemark>
<name>1381</name>
<Point>
<coordinates>16.095283,44.762043</coordinates>
</Point>
</Placemark>
<Placemark>
<name>1382</name>
<Point>
<coordinates>16.095268,44.762072</coordinates>
</Point>
</Placemark>
<Placemark>
<name>1383</name>
<Point>
<coordinates>16.095168,44.761960</coordinates>
</Point>
</Placemark>
<Placemark>
<name>1384</name>
<Point>
<coordinates>16.094968,44.761983</coordinates>
</Point>
</Placemark>
<Placemark>
<name>1385</name>
<Point>
<coordinates>16.094555,44.762022</coordinates>
</Point>
</Placemark>
<Placemark>
<name>1386</name>
<Point>
<coordinates>16.094430,44.762190</coordinates>
</Point>
</Placemark>
<Placemark>
<name>1375</name>
<Point>
<coordinates>16.094615,44.762838</coordinates>
</Point>
</Placemark>
<Placemark>
<name>1376</name>
<Point>
<coordinates>16.094848,44.762553</coordinates>
</Point>
</Placemark>
<Placemark>
<name>1377</name>
<Point>
<coordinates>16.095040,44.762577</coordinates>
</Point>
</Placemark>
<Placemark>
<name>1378</name>
<Point>
<coordinates>16.095025,44.762455</coordinates>
</Point>
</Placemark>
<Placemark>
<name>1379</name>
<Point>
<coordinates>16.095035,44.762355</coordinates>
</Point>
</Placemark>
<Placemark>
<name>1380</name>
<Point>
<coordinates>16.095115,44.762198</coordinates>
</Point>
</Placemark>
<Placemark>
<name>1369</name>
<Point>
<coordinates>16.096302,44.763897</coordinates>
</Point>
</Placemark>
<Placemark>
<name>1370</name>
<Point>
<coordinates>16.096252,44.763753</coordinates>
</Point>
</Placemark>
<Placemark>
<name>1371</name>
<Point>
<coordinates>16.096148,44.763730</coordinates>
</Point>
</Placemark>
<Placemark>
<name>1372</name>
<Point>
<coordinates>16.095893,44.763582</coordinates>
</Point>
</Placemark>
<Placemark>
<name>1373</name>
<Point>
<coordinates>16.094805,44.762917</coordinates>
</Point>
</Placemark>
<Placemark>
<name>1374</name>
<Point>
<coordinates>16.094615,44.762838</coordinates>
</Point>
</Placemark>
<Placemark>
<name>1363</name>
<Point>
<coordinates>16.096528,44.764637</coordinates>
</Point>
</Placemark>
<Placemark>
<name>1364</name>
<Point>
<coordinates>16.096500,44.764385</coordinates>
</Point>
</Placemark>
<Placemark>
<name>1365</name>
<Point>
<coordinates>16.096510,44.764270</coordinates>
</Point>
</Placemark>
<Placemark>
<name>1366</name>
<Point>
<coordinates>16.096472,44.764178</coordinates>
</Point>
</Placemark>
<Placemark>
<name>1367</name>
<Point>
<coordinates>16.096472,44.764178</coordinates>
</Point>
</Placemark>
<Placemark>
<name>1368</name>
<Point>
<coordinates>16.096382,44.764088</coordinates>
</Point>
</Placemark>
<Placemark>
<name>1357</name>
<Point>
<coordinates>16.096528,44.765013</coordinates>
</Point>
</Placemark>
<Placemark>
<name>1358</name>
<Point>
<coordinates>16.096613,44.764958</coordinates>
</Point>
</Placemark>
<Placemark>
<name>1359</name>
<Point>
<coordinates>16.096613,44.764958</coordinates>
</Point>
</Placemark>
<Placemark>
<name>1360</name>
<Point>
<coordinates>16.096555,44.764952</coordinates>
</Point>
</Placemark>
<Placemark>
<name>1361</name>
<Point>
<coordinates>16.096708,44.764718</coordinates>
</Point>
</Placemark>
<Placemark>
<name>1362</name>
<Point>
<coordinates>16.096693,44.764627</coordinates>
</Point>
</Placemark>
<Placemark>
<name>1351</name>
<Point>
<coordinates>16.097998,44.765350</coordinates>
</Point>
</Placemark>
<Placemark>
<name>1352</name>
<Point>
<coordinates>16.096793,44.765322</coordinates>
</Point>
</Placemark>
<Placemark>
<name>1353</name>
<Point>
<coordinates>16.096728,44.765195</coordinates>
</Point>
</Placemark>
<Placemark>
<name>1354</name>
<Point>
<coordinates>16.096665,44.765148</coordinates>
</Point>
</Placemark>
<Placemark>
<name>1355</name>
<Point>
<coordinates>16.096580,44.765062</coordinates>
</Point>
</Placemark>
<Placemark>
<name>1356</name>
<Point>
<coordinates>16.096528,44.765013</coordinates>
</Point>
</Placemark>
<Placemark>
<name>1345</name>
<Point>
<coordinates>16.096930,44.765693</coordinates>
</Point>
</Placemark>
<Placemark>
<name>1346</name>
<Point>
<coordinates>16.096957,44.765618</coordinates>
</Point>
</Placemark>
<Placemark>
<name>1347</name>
<Point>
<coordinates>16.096897,44.765587</coordinates>
</Point>
</Placemark>
<Placemark>
<name>1348</name>
<Point>
<coordinates>16.096832,44.765565</coordinates>
</Point>
</Placemark>
<Placemark>
<name>1349</name>
<Point>
<coordinates>16.096825,44.765355</coordinates>
</Point>
</Placemark>
<Placemark>
<name>1350</name>
<Point>
<coordinates>16.096825,44.765355</coordinates>
</Point>
</Placemark>
<Placemark>
<name>1339</name>
<Point>
<coordinates>16.097700,44.765742</coordinates>
</Point>
</Placemark>
<Placemark>
<name>1340</name>
<Point>
<coordinates>16.097582,44.765782</coordinates>
</Point>
</Placemark>
<Placemark>
<name>1341</name>
<Point>
<coordinates>16.097442,44.765855</coordinates>
</Point>
</Placemark>
<Placemark>
<name>1342</name>
<Point>
<coordinates>16.097285,44.765832</coordinates>
</Point>
</Placemark>
<Placemark>
<name>1343</name>
<Point>
<coordinates>16.097182,44.765795</coordinates>
</Point>
</Placemark>
<Placemark>
<name>1344</name>
<Point>
<coordinates>16.097083,44.765805</coordinates>
</Point>
</Placemark>
<Placemark>
<name>1333</name>
<Point>
<coordinates>16.098373,44.765913</coordinates>
</Point>
</Placemark>
<Placemark>
<name>1334</name>
<Point>
<coordinates>16.098108,44.766047</coordinates>
</Point>
</Placemark>
<Placemark>
<name>1335</name>
<Point>
<coordinates>16.098057,44.765948</coordinates>
</Point>
</Placemark>
<Placemark>
<name>1336</name>
<Point>
<coordinates>16.098057,44.765948</coordinates>
</Point>
</Placemark>
<Placemark>
<name>1337</name>
<Point>
<coordinates>16.098025,44.765802</coordinates>
</Point>
</Placemark>
<Placemark>
<name>1338</name>
<Point>
<coordinates>16.097907,44.765688</coordinates>
</Point>
</Placemark>
<Placemark>
<name>1327</name>
<Point>
<coordinates>16.098155,44.765393</coordinates>
</Point>
</Placemark>
<Placemark>
<name>1328</name>
<Point>
<coordinates>16.098265,44.765423</coordinates>
</Point>
</Placemark>
<Placemark>
<name>1329</name>
<Point>
<coordinates>16.098278,44.765432</coordinates>
</Point>
</Placemark>
<Placemark>
<name>1330</name>
<Point>
<coordinates>16.098403,44.765472</coordinates>
</Point>
</Placemark>
<Placemark>
<name>1331</name>
<Point>
<coordinates>16.098455,44.765535</coordinates>
</Point>
</Placemark>
<Placemark>
<name>1332</name>
<Point>
<coordinates>16.098575,44.765638</coordinates>
</Point>
</Placemark>
<Placemark>
<name>1321</name>
<Point>
<coordinates>16.097917,44.765318</coordinates>
</Point>
</Placemark>
<Placemark>
<name>1322</name>
<Point>
<coordinates>16.097928,44.765308</coordinates>
</Point>
</Placemark>
<Placemark>
<name>1323</name>
<Point>
<coordinates>16.097928,44.765308</coordinates>
</Point>
</Placemark>
<Placemark>
<name>1324</name>
<Point>
<coordinates>16.097672,44.765345</coordinates>
</Point>
</Placemark>
<Placemark>
<name>1325</name>
<Point>
<coordinates>16.097705,44.765462</coordinates>
</Point>
</Placemark>
<Placemark>
<name>1326</name>
<Point>
<coordinates>16.098118,44.765422</coordinates>
</Point>
</Placemark>
<Placemark>
<name>1315</name>
<Point>
<coordinates>16.097680,44.764597</coordinates>
</Point>
</Placemark>
<Placemark>
<name>1316</name>
<Point>
<coordinates>16.097717,44.764683</coordinates>
</Point>
</Placemark>
<Placemark>
<name>1317</name>
<Point>
<coordinates>16.097860,44.764827</coordinates>
</Point>
</Placemark>
<Placemark>
<name>1318</name>
<Point>
<coordinates>16.097808,44.764953</coordinates>
</Point>
</Placemark>
<Placemark>
<name>1319</name>
<Point>
<coordinates>16.097847,44.765137</coordinates>
</Point>
</Placemark>
<Placemark>
<name>1320</name>
<Point>
<coordinates>16.097807,44.765222</coordinates>
</Point>
</Placemark>
<Placemark>
<name>1309</name>
<Point>
<coordinates>16.097537,44.764467</coordinates>
</Point>
</Placemark>
<Placemark>
<name>1310</name>
<Point>
<coordinates>16.097537,44.764467</coordinates>
</Point>
</Placemark>
<Placemark>
<name>1311</name>
<Point>
<coordinates>16.097655,44.764525</coordinates>
</Point>
</Placemark>
<Placemark>
<name>1312</name>
<Point>
<coordinates>16.097723,44.764603</coordinates>
</Point>
</Placemark>
<Placemark>
<name>1313</name>
<Point>
<coordinates>16.097680,44.764597</coordinates>
</Point>
</Placemark>
<Placemark>
<name>1314</name>
<Point>
<coordinates>16.097680,44.764597</coordinates>
</Point>
</Placemark>
<Placemark>
<name>1303</name>
<Point>
<coordinates>16.097127,44.764272</coordinates>
</Point>
</Placemark>
<Placemark>
<name>1304</name>
<Point>
<coordinates>16.097192,44.764352</coordinates>
</Point>
</Placemark>
<Placemark>
<name>1305</name>
<Point>
<coordinates>16.097263,44.764422</coordinates>
</Point>
</Placemark>
<Placemark>
<name>1306</name>
<Point>
<coordinates>16.097263,44.764422</coordinates>
</Point>
</Placemark>
<Placemark>
<name>1307</name>
<Point>
<coordinates>16.097375,44.764403</coordinates>
</Point>
</Placemark>
<Placemark>
<name>1308</name>
<Point>
<coordinates>16.097430,44.764453</coordinates>
</Point>
</Placemark>
<Placemark>
<name>1297</name>
<Point>
<coordinates>16.097143,44.763988</coordinates>
</Point>
</Placemark>
<Placemark>
<name>1298</name>
<Point>
<coordinates>16.097208,44.764012</coordinates>
</Point>
</Placemark>
<Placemark>
<name>1299</name>
<Point>
<coordinates>16.097208,44.764012</coordinates>
</Point>
</Placemark>
<Placemark>
<name>1300</name>
<Point>
<coordinates>16.097208,44.764012</coordinates>
</Point>
</Placemark>
<Placemark>
<name>1301</name>
<Point>
<coordinates>16.097225,44.764182</coordinates>
</Point>
</Placemark>
<Placemark>
<name>1302</name>
<Point>
<coordinates>16.097183,44.764200</coordinates>
</Point>
</Placemark>
<Placemark>
<name>1291</name>
<Point>
<coordinates>16.096732,44.763833</coordinates>
</Point>
</Placemark>
<Placemark>
<name>1292</name>
<Point>
<coordinates>16.096808,44.763878</coordinates>
</Point>
</Placemark>
<Placemark>
<name>1293</name>
<Point>
<coordinates>16.096925,44.763822</coordinates>
</Point>
</Placemark>
<Placemark>
<name>1294</name>
<Point>
<coordinates>16.097003,44.763790</coordinates>
</Point>
</Placemark>
<Placemark>
<name>1295</name>
<Point>
<coordinates>16.097118,44.763778</coordinates>
</Point>
</Placemark>
<Placemark>
<name>1296</name>
<Point>
<coordinates>16.097137,44.763977</coordinates>
</Point>
</Placemark>
<Placemark>
<name>1285</name>
<Point>
<coordinates>16.096273,44.763732</coordinates>
</Point>
</Placemark>
<Placemark>
<name>1286</name>
<Point>
<coordinates>16.096273,44.763732</coordinates>
</Point>
</Placemark>
<Placemark>
<name>1287</name>
<Point>
<coordinates>16.096357,44.763802</coordinates>
</Point>
</Placemark>
<Placemark>
<name>1288</name>
<Point>
<coordinates>16.096357,44.763802</coordinates>
</Point>
</Placemark>
<Placemark>
<name>1289</name>
<Point>
<coordinates>16.096578,44.763863</coordinates>
</Point>
</Placemark>
<Placemark>
<name>1290</name>
<Point>
<coordinates>16.096732,44.763833</coordinates>
</Point>
</Placemark>
<Placemark>
<name>1279</name>
<Point>
<coordinates>16.095775,44.763598</coordinates>
</Point>
</Placemark>
<Placemark>
<name>1280</name>
<Point>
<coordinates>16.095775,44.763598</coordinates>
</Point>
</Placemark>
<Placemark>
<name>1281</name>
<Point>
<coordinates>16.095775,44.763598</coordinates>
</Point>
</Placemark>
<Placemark>
<name>1282</name>
<Point>
<coordinates>16.095972,44.763700</coordinates>
</Point>
</Placemark>
<Placemark>
<name>1283</name>
<Point>
<coordinates>16.096178,44.763678</coordinates>
</Point>
</Placemark>
<Placemark>
<name>1284</name>
<Point>
<coordinates>16.096167,44.763663</coordinates>
</Point>
</Placemark>
<Placemark>
<name>1273</name>
<Point>
<coordinates>16.095345,44.763302</coordinates>
</Point>
</Placemark>
<Placemark>
<name>1274</name>
<Point>
<coordinates>16.095518,44.763327</coordinates>
</Point>
</Placemark>
<Placemark>
<name>1275</name>
<Point>
<coordinates>16.095597,44.763420</coordinates>
</Point>
</Placemark>
<Placemark>
<name>1276</name>
<Point>
<coordinates>16.095595,44.763480</coordinates>
</Point>
</Placemark>
<Placemark>
<name>1277</name>
<Point>
<coordinates>16.095615,44.763512</coordinates>
</Point>
</Placemark>
<Placemark>
<name>1278</name>
<Point>
<coordinates>16.095615,44.763512</coordinates>
</Point>
</Placemark>
<Placemark>
<name>1267</name>
<Point>
<coordinates>16.095472,44.762833</coordinates>
</Point>
</Placemark>
<Placemark>
<name>1268</name>
<Point>
<coordinates>16.095472,44.762833</coordinates>
</Point>
</Placemark>
<Placemark>
<name>1269</name>
<Point>
<coordinates>16.095500,44.763018</coordinates>
</Point>
</Placemark>
<Placemark>
<name>1270</name>
<Point>
<coordinates>16.095325,44.763140</coordinates>
</Point>
</Placemark>
<Placemark>
<name>1271</name>
<Point>
<coordinates>16.095325,44.763140</coordinates>
</Point>
</Placemark>
<Placemark>
<name>1272</name>
<Point>
<coordinates>16.095345,44.763302</coordinates>
</Point>
</Placemark>
<Placemark>
<name>1261</name>
<Point>
<coordinates>16.095543,44.762377</coordinates>
</Point>
</Placemark>
<Placemark>
<name>1262</name>
<Point>
<coordinates>16.095508,44.762467</coordinates>
</Point>
</Placemark>
<Placemark>
<name>1263</name>
<Point>
<coordinates>16.095545,44.762525</coordinates>
</Point>
</Placemark>
<Placemark>
<name>1264</name>
<Point>
<coordinates>16.095523,44.762622</coordinates>
</Point>
</Placemark>
<Placemark>
<name>1265</name>
<Point>
<coordinates>16.095492,44.762688</coordinates>
</Point>
</Placemark>
<Placemark>
<name>1266</name>
<Point>
<coordinates>16.095428,44.762738</coordinates>
</Point>
</Placemark>
<Placemark>
<name>1255</name>
<Point>
<coordinates>16.095783,44.762192</coordinates>
</Point>
</Placemark>
<Placemark>
<name>1256</name>
<Point>
<coordinates>16.095877,44.762098</coordinates>
</Point>
</Placemark>
<Placemark>
<name>1257</name>
<Point>
<coordinates>16.095668,44.762028</coordinates>
</Point>
</Placemark>
<Placemark>
<name>1258</name>
<Point>
<coordinates>16.095560,44.762270</coordinates>
</Point>
</Placemark>
<Placemark>
<name>1259</name>
<Point>
<coordinates>16.095495,44.762317</coordinates>
</Point>
</Placemark>
<Placemark>
<name>1260</name>
<Point>
<coordinates>16.095543,44.762377</coordinates>
</Point>
</Placemark>
<Placemark>
<name>1249</name>
<Point>
<coordinates>16.096057,44.762415</coordinates>
</Point>
</Placemark>
<Placemark>
<name>1250</name>
<Point>
<coordinates>16.096073,44.762402</coordinates>
</Point>
</Placemark>
<Placemark>
<name>1251</name>
<Point>
<coordinates>16.096073,44.762402</coordinates>
</Point>
</Placemark>
<Placemark>
<name>1252</name>
<Point>
<coordinates>16.096073,44.762402</coordinates>
</Point>
</Placemark>
<Placemark>
<name>1253</name>
<Point>
<coordinates>16.096073,44.762402</coordinates>
</Point>
</Placemark>
<Placemark>
<name>1254</name>
<Point>
<coordinates>16.096033,44.762327</coordinates>
</Point>
</Placemark>
<Placemark>
<name>1243</name>
<Point>
<coordinates>16.095927,44.762815</coordinates>
</Point>
</Placemark>
<Placemark>
<name>1244</name>
<Point>
<coordinates>16.095927,44.762815</coordinates>
</Point>
</Placemark>
<Placemark>
<name>1245</name>
<Point>
<coordinates>16.095980,44.762812</coordinates>
</Point>
</Placemark>
<Placemark>
<name>1246</name>
<Point>
<coordinates>16.096053,44.762690</coordinates>
</Point>
</Placemark>
<Placemark>
<name>1247</name>
<Point>
<coordinates>16.096028,44.762578</coordinates>
</Point>
</Placemark>
<Placemark>
<name>1248</name>
<Point>
<coordinates>16.095958,44.762470</coordinates>
</Point>
</Placemark>
<Placemark>
<name>1237</name>
<Point>
<coordinates>16.096157,44.763273</coordinates>
</Point>
</Placemark>
<Placemark>
<name>1238</name>
<Point>
<coordinates>16.096028,44.763243</coordinates>
</Point>
</Placemark>
<Placemark>
<name>1239</name>
<Point>
<coordinates>16.096028,44.763243</coordinates>
</Point>
</Placemark>
<Placemark>
<name>1240</name>
<Point>
<coordinates>16.096028,44.763243</coordinates>
</Point>
</Placemark>
<Placemark>
<name>1241</name>
<Point>
<coordinates>16.095837,44.763078</coordinates>
</Point>
</Placemark>
<Placemark>
<name>1242</name>
<Point>
<coordinates>16.095837,44.763078</coordinates>
</Point>
</Placemark>
<Placemark>
<name>1231</name>
<Point>
<coordinates>16.096887,44.763468</coordinates>
</Point>
</Placemark>
<Placemark>
<name>1232</name>
<Point>
<coordinates>16.096772,44.763410</coordinates>
</Point>
</Placemark>
<Placemark>
<name>1233</name>
<Point>
<coordinates>16.096772,44.763410</coordinates>
</Point>
</Placemark>
<Placemark>
<name>1234</name>
<Point>
<coordinates>16.096707,44.763370</coordinates>
</Point>
</Placemark>
<Placemark>
<name>1235</name>
<Point>
<coordinates>16.096707,44.763370</coordinates>
</Point>
</Placemark>
<Placemark>
<name>1236</name>
<Point>
<coordinates>16.096367,44.763337</coordinates>
</Point>
</Placemark>
<Placemark>
<name>1225</name>
<Point>
<coordinates>16.097430,44.763737</coordinates>
</Point>
</Placemark>
<Placemark>
<name>1226</name>
<Point>
<coordinates>16.097383,44.763667</coordinates>
</Point>
</Placemark>
<Placemark>
<name>1227</name>
<Point>
<coordinates>16.097403,44.763660</coordinates>
</Point>
</Placemark>
<Placemark>
<name>1228</name>
<Point>
<coordinates>16.097403,44.763660</coordinates>
</Point>
</Placemark>
<Placemark>
<name>1229</name>
<Point>
<coordinates>16.097263,44.763572</coordinates>
</Point>
</Placemark>
<Placemark>
<name>1230</name>
<Point>
<coordinates>16.097173,44.763507</coordinates>
</Point>
</Placemark>
<Placemark>
<name>1219</name>
<Point>
<coordinates>16.097963,44.763933</coordinates>
</Point>
</Placemark>
<Placemark>
<name>1220</name>
<Point>
<coordinates>16.097912,44.763880</coordinates>
</Point>
</Placemark>
<Placemark>
<name>1221</name>
<Point>
<coordinates>16.097735,44.763827</coordinates>
</Point>
</Placemark>
<Placemark>
<name>1222</name>
<Point>
<coordinates>16.097592,44.763855</coordinates>
</Point>
</Placemark>
<Placemark>
<name>1223</name>
<Point>
<coordinates>16.097525,44.763800</coordinates>
</Point>
</Placemark>
<Placemark>
<name>1224</name>
<Point>
<coordinates>16.097525,44.763800</coordinates>
</Point>
</Placemark>
<Placemark>
<name>1213</name>
<Point>
<coordinates>16.098108,44.764655</coordinates>
</Point>
</Placemark>
<Placemark>
<name>1214</name>
<Point>
<coordinates>16.098183,44.764598</coordinates>
</Point>
</Placemark>
<Placemark>
<name>1215</name>
<Point>
<coordinates>16.098072,44.764542</coordinates>
</Point>
</Placemark>
<Placemark>
<name>1216</name>
<Point>
<coordinates>16.098052,44.764368</coordinates>
</Point>
</Placemark>
<Placemark>
<name>1217</name>
<Point>
<coordinates>16.097887,44.764238</coordinates>
</Point>
</Placemark>
<Placemark>
<name>1218</name>
<Point>
<coordinates>16.097858,44.764015</coordinates>
</Point>
</Placemark>
<Placemark>
<name>1207</name>
<Point>
<coordinates>16.098587,44.765037</coordinates>
</Point>
</Placemark>
<Placemark>
<name>1208</name>
<Point>
<coordinates>16.098587,44.765037</coordinates>
</Point>
</Placemark>
<Placemark>
<name>1209</name>
<Point>
<coordinates>16.098450,44.765007</coordinates>
</Point>
</Placemark>
<Placemark>
<name>1210</name>
<Point>
<coordinates>16.098450,44.765007</coordinates>
</Point>
</Placemark>
<Placemark>
<name>1211</name>
<Point>
<coordinates>16.098423,44.764837</coordinates>
</Point>
</Placemark>
<Placemark>
<name>1212</name>
<Point>
<coordinates>16.098428,44.764818</coordinates>
</Point>
</Placemark>
<Placemark>
<name>1201</name>
<Point>
<coordinates>16.099127,44.764485</coordinates>
</Point>
</Placemark>
<Placemark>
<name>1202</name>
<Point>
<coordinates>16.099033,44.764907</coordinates>
</Point>
</Placemark>
<Placemark>
<name>1203</name>
<Point>
<coordinates>16.098957,44.764992</coordinates>
</Point>
</Placemark>
<Placemark>
<name>1204</name>
<Point>
<coordinates>16.098957,44.764992</coordinates>
</Point>
</Placemark>
<Placemark>
<name>1205</name>
<Point>
<coordinates>16.098733,44.765005</coordinates>
</Point>
</Placemark>
<Placemark>
<name>1206</name>
<Point>
<coordinates>16.098587,44.765037</coordinates>
</Point>
</Placemark>
<Placemark>
<name>1663</name>
<Point>
<coordinates>16.089973,44.761602</coordinates>
</Point>
</Placemark>
<Placemark>
<name>1664</name>
<Point>
<coordinates>16.089973,44.761602</coordinates>
</Point>
</Placemark>
<Placemark>
<name>1665</name>
<Point>
<coordinates>16.089900,44.761488</coordinates>
</Point>
</Placemark>
<Placemark>
<name>1666</name>
<Point>
<coordinates>16.089815,44.761390</coordinates>
</Point>
</Placemark>
<Placemark>
<name>1657</name>
<Point>
<coordinates>16.089775,44.761848</coordinates>
</Point>
</Placemark>
<Placemark>
<name>1658</name>
<Point>
<coordinates>16.089865,44.761855</coordinates>
</Point>
</Placemark>
<Placemark>
<name>1659</name>
<Point>
<coordinates>16.089978,44.761775</coordinates>
</Point>
</Placemark>
<Placemark>
<name>1660</name>
<Point>
<coordinates>16.090032,44.761715</coordinates>
</Point>
</Placemark>
<Placemark>
<name>1661</name>
<Point>
<coordinates>16.090037,44.761705</coordinates>
</Point>
</Placemark>
<Placemark>
<name>1662</name>
<Point>
<coordinates>16.089973,44.761602</coordinates>
</Point>
</Placemark>
<Placemark>
<name>1651</name>
<Point>
<coordinates>16.089647,44.762425</coordinates>
</Point>
</Placemark>
<Placemark>
<name>1652</name>
<Point>
<coordinates>16.089647,44.762342</coordinates>
</Point>
</Placemark>
<Placemark>
<name>1653</name>
<Point>
<coordinates>16.089690,44.762172</coordinates>
</Point>
</Placemark>
<Placemark>
<name>1654</name>
<Point>
<coordinates>16.089623,44.762125</coordinates>
</Point>
</Placemark>
<Placemark>
<name>1655</name>
<Point>
<coordinates>16.089423,44.761997</coordinates>
</Point>
</Placemark>
<Placemark>
<name>1656</name>
<Point>
<coordinates>16.089582,44.761952</coordinates>
</Point>
</Placemark>
<Placemark>
<name>1645</name>
<Point>
<coordinates>16.089418,44.762908</coordinates>
</Point>
</Placemark>
<Placemark>
<name>1646</name>
<Point>
<coordinates>16.089452,44.762753</coordinates>
</Point>
</Placemark>
<Placemark>
<name>1647</name>
<Point>
<coordinates>16.089482,44.762563</coordinates>
</Point>
</Placemark>
<Placemark>
<name>1648</name>
<Point>
<coordinates>16.089482,44.762563</coordinates>
</Point>
</Placemark>
<Placemark>
<name>1649</name>
<Point>
<coordinates>16.089525,44.762525</coordinates>
</Point>
</Placemark>
<Placemark>
<name>1650</name>
<Point>
<coordinates>16.089582,44.762490</coordinates>
</Point>
</Placemark>
<Placemark>
<name>1639</name>
<Point>
<coordinates>16.089080,44.763353</coordinates>
</Point>
</Placemark>
<Placemark>
<name>1640</name>
<Point>
<coordinates>16.089168,44.763275</coordinates>
</Point>
</Placemark>
<Placemark>
<name>1641</name>
<Point>
<coordinates>16.089247,44.763267</coordinates>
</Point>
</Placemark>
<Placemark>
<name>1642</name>
<Point>
<coordinates>16.089235,44.763088</coordinates>
</Point>
</Placemark>
<Placemark>
<name>1643</name>
<Point>
<coordinates>16.089242,44.762910</coordinates>
</Point>
</Placemark>
<Placemark>
<name>1644</name>
<Point>
<coordinates>16.089242,44.762910</coordinates>
</Point>
</Placemark>
<Placemark>
<name>1633</name>
<Point>
<coordinates>16.089197,44.763875</coordinates>
</Point>
</Placemark>
<Placemark>
<name>1634</name>
<Point>
<coordinates>16.089210,44.763813</coordinates>
</Point>
</Placemark>
<Placemark>
<name>1635</name>
<Point>
<coordinates>16.089140,44.763720</coordinates>
</Point>
</Placemark>
<Placemark>
<name>1636</name>
<Point>
<coordinates>16.089220,44.763582</coordinates>
</Point>
</Placemark>
<Placemark>
<name>1637</name>
<Point>
<coordinates>16.089012,44.763430</coordinates>
</Point>
</Placemark>
<Placemark>
<name>1638</name>
<Point>
<coordinates>16.088877,44.763455</coordinates>
</Point>
</Placemark>
<Placemark>
<name>1627</name>
<Point>
<coordinates>16.088777,44.764083</coordinates>
</Point>
</Placemark>
<Placemark>
<name>1628</name>
<Point>
<coordinates>16.088777,44.764083</coordinates>
</Point>
</Placemark>
<Placemark>
<name>1629</name>
<Point>
<coordinates>16.088798,44.764022</coordinates>
</Point>
</Placemark>
<Placemark>
<name>1630</name>
<Point>
<coordinates>16.088483,44.763955</coordinates>
</Point>
</Placemark>
<Placemark>
<name>1631</name>
<Point>
<coordinates>16.088717,44.763895</coordinates>
</Point>
</Placemark>
<Placemark>
<name>1632</name>
<Point>
<coordinates>16.088918,44.763918</coordinates>
</Point>
</Placemark>
<Placemark>
<name>1621</name>
<Point>
<coordinates>16.088463,44.764300</coordinates>
</Point>
</Placemark>
<Placemark>
<name>1622</name>
<Point>
<coordinates>16.088567,44.764197</coordinates>
</Point>
</Placemark>
<Placemark>
<name>1623</name>
<Point>
<coordinates>16.088767,44.764183</coordinates>
</Point>
</Placemark>
<Placemark>
<name>1624</name>
<Point>
<coordinates>16.088767,44.764183</coordinates>
</Point>
</Placemark>
<Placemark>
<name>1625</name>
<Point>
<coordinates>16.088767,44.764183</coordinates>
</Point>
</Placemark>
<Placemark>
<name>1626</name>
<Point>
<coordinates>16.088777,44.764083</coordinates>
</Point>
</Placemark>
<Placemark>
<name>1615</name>
<Point>
<coordinates>16.088233,44.764673</coordinates>
</Point>
</Placemark>
<Placemark>
<name>1616</name>
<Point>
<coordinates>16.088233,44.764673</coordinates>
</Point>
</Placemark>
<Placemark>
<name>1617</name>
<Point>
<coordinates>16.088228,44.764650</coordinates>
</Point>
</Placemark>
<Placemark>
<name>1618</name>
<Point>
<coordinates>16.088228,44.764650</coordinates>
</Point>
</Placemark>
<Placemark>
<name>1619</name>
<Point>
<coordinates>16.088228,44.764497</coordinates>
</Point>
</Placemark>
<Placemark>
<name>1620</name>
<Point>
<coordinates>16.088365,44.764457</coordinates>
</Point>
</Placemark>
<Placemark>
<name>1609</name>
<Point>
<coordinates>16.087528,44.764903</coordinates>
</Point>
</Placemark>
<Placemark>
<name>1610</name>
<Point>
<coordinates>16.087745,44.764970</coordinates>
</Point>
</Placemark>
<Placemark>
<name>1611</name>
<Point>
<coordinates>16.087872,44.764905</coordinates>
</Point>
</Placemark>
<Placemark>
<name>1612</name>
<Point>
<coordinates>16.087962,44.764882</coordinates>
</Point>
</Placemark>
<Placemark>
<name>1613</name>
<Point>
<coordinates>16.087987,44.764907</coordinates>
</Point>
</Placemark>
<Placemark>
<name>1614</name>
<Point>
<coordinates>16.088155,44.764728</coordinates>
</Point>
</Placemark>
<Placemark>
<name>1603</name>
<Point>
<coordinates>16.087268,44.765175</coordinates>
</Point>
</Placemark>
<Placemark>
<name>1604</name>
<Point>
<coordinates>16.087268,44.765175</coordinates>
</Point>
</Placemark>
<Placemark>
<name>1605</name>
<Point>
<coordinates>16.087362,44.765180</coordinates>
</Point>
</Placemark>
<Placemark>
<name>1606</name>
<Point>
<coordinates>16.087362,44.765180</coordinates>
</Point>
</Placemark>
<Placemark>
<name>1607</name>
<Point>
<coordinates>16.087573,44.765215</coordinates>
</Point>
</Placemark>
<Placemark>
<name>1608</name>
<Point>
<coordinates>16.087640,44.765050</coordinates>
</Point>
</Placemark>
<Placemark>
<name>1597</name>
<Point>
<coordinates>16.086868,44.765505</coordinates>
</Point>
</Placemark>
<Placemark>
<name>1598</name>
<Point>
<coordinates>16.087027,44.765542</coordinates>
</Point>
</Placemark>
<Placemark>
<name>1599</name>
<Point>
<coordinates>16.087225,44.765492</coordinates>
</Point>
</Placemark>
<Placemark>
<name>1600</name>
<Point>
<coordinates>16.087287,44.765380</coordinates>
</Point>
</Placemark>
<Placemark>
<name>1601</name>
<Point>
<coordinates>16.087287,44.765380</coordinates>
</Point>
</Placemark>
<Placemark>
<name>1602</name>
<Point>
<coordinates>16.087292,44.765290</coordinates>
</Point>
</Placemark>
<Placemark>
<name>1591</name>
<Point>
<coordinates>16.086050,44.765865</coordinates>
</Point>
</Placemark>
<Placemark>
<name>1592</name>
<Point>
<coordinates>16.086168,44.765800</coordinates>
</Point>
</Placemark>
<Placemark>
<name>1593</name>
<Point>
<coordinates>16.086348,44.765857</coordinates>
</Point>
</Placemark>
<Placemark>
<name>1594</name>
<Point>
<coordinates>16.086775,44.765752</coordinates>
</Point>
</Placemark>
<Placemark>
<name>1595</name>
<Point>
<coordinates>16.086887,44.765732</coordinates>
</Point>
</Placemark>
<Placemark>
<name>1596</name>
<Point>
<coordinates>16.086878,44.765608</coordinates>
</Point>
</Placemark>
<Placemark>
<name>1585</name>
<Point>
<coordinates>16.085675,44.766017</coordinates>
</Point>
</Placemark>
<Placemark>
<name>1586</name>
<Point>
<coordinates>16.085708,44.765920</coordinates>
</Point>
</Placemark>
<Placemark>
<name>1587</name>
<Point>
<coordinates>16.085698,44.765938</coordinates>
</Point>
</Placemark>
<Placemark>
<name>1588</name>
<Point>
<coordinates>16.085698,44.765938</coordinates>
</Point>
</Placemark>
<Placemark>
<name>1589</name>
<Point>
<coordinates>16.085888,44.765920</coordinates>
</Point>
</Placemark>
<Placemark>
<name>1590</name>
<Point>
<coordinates>16.085888,44.765920</coordinates>
</Point>
</Placemark>
<Placemark>
<name>1579</name>
<Point>
<coordinates>16.085130,44.765878</coordinates>
</Point>
</Placemark>
<Placemark>
<name>1580</name>
<Point>
<coordinates>16.085130,44.765878</coordinates>
</Point>
</Placemark>
<Placemark>
<name>1581</name>
<Point>
<coordinates>16.085130,44.765878</coordinates>
</Point>
</Placemark>
<Placemark>
<name>1582</name>
<Point>
<coordinates>16.085130,44.765878</coordinates>
</Point>
</Placemark>
<Placemark>
<name>1583</name>
<Point>
<coordinates>16.085138,44.765985</coordinates>
</Point>
</Placemark>
<Placemark>
<name>1584</name>
<Point>
<coordinates>16.085168,44.766082</coordinates>
</Point>
</Placemark>
<Placemark>
<name>1573</name>
<Point>
<coordinates>16.085738,44.765707</coordinates>
</Point>
</Placemark>
<Placemark>
<name>1574</name>
<Point>
<coordinates>16.085518,44.765588</coordinates>
</Point>
</Placemark>
<Placemark>
<name>1575</name>
<Point>
<coordinates>16.085508,44.765502</coordinates>
</Point>
</Placemark>
<Placemark>
<name>1576</name>
<Point>
<coordinates>16.085207,44.765488</coordinates>
</Point>
</Placemark>
<Placemark>
<name>1577</name>
<Point>
<coordinates>16.085147,44.765703</coordinates>
</Point>
</Placemark>
<Placemark>
<name>1578</name>
<Point>
<coordinates>16.085143,44.765793</coordinates>
</Point>
</Placemark>
<Placemark>
<name>1567</name>
<Point>
<coordinates>16.086190,44.765480</coordinates>
</Point>
</Placemark>
<Placemark>
<name>1568</name>
<Point>
<coordinates>16.086193,44.765623</coordinates>
</Point>
</Placemark>
<Placemark>
<name>1569</name>
<Point>
<coordinates>16.086175,44.765683</coordinates>
</Point>
</Placemark>
<Placemark>
<name>1570</name>
<Point>
<coordinates>16.086175,44.765683</coordinates>
</Point>
</Placemark>
<Placemark>
<name>1571</name>
<Point>
<coordinates>16.085910,44.765650</coordinates>
</Point>
</Placemark>
<Placemark>
<name>1572</name>
<Point>
<coordinates>16.085738,44.765707</coordinates>
</Point>
</Placemark>
<Placemark>
<name>1561</name>
<Point>
<coordinates>16.086280,44.765263</coordinates>
</Point>
</Placemark>
<Placemark>
<name>1562</name>
<Point>
<coordinates>16.086212,44.765360</coordinates>
</Point>
</Placemark>
<Placemark>
<name>1563</name>
<Point>
<coordinates>16.086292,44.765307</coordinates>
</Point>
</Placemark>
<Placemark>
<name>1564</name>
<Point>
<coordinates>16.086180,44.765275</coordinates>
</Point>
</Placemark>
<Placemark>
<name>1565</name>
<Point>
<coordinates>16.086102,44.765270</coordinates>
</Point>
</Placemark>
<Placemark>
<name>1566</name>
<Point>
<coordinates>16.086043,44.765393</coordinates>
</Point>
</Placemark>
<Placemark>
<name>1555</name>
<Point>
<coordinates>16.086633,44.764987</coordinates>
</Point>
</Placemark>
<Placemark>
<name>1556</name>
<Point>
<coordinates>16.086613,44.765198</coordinates>
</Point>
</Placemark>
<Placemark>
<name>1557</name>
<Point>
<coordinates>16.086605,44.765207</coordinates>
</Point>
</Placemark>
<Placemark>
<name>1558</name>
<Point>
<coordinates>16.086605,44.765207</coordinates>
</Point>
</Placemark>
<Placemark>
<name>1559</name>
<Point>
<coordinates>16.086612,44.765313</coordinates>
</Point>
</Placemark>
<Placemark>
<name>1560</name>
<Point>
<coordinates>16.086330,44.765290</coordinates>
</Point>
</Placemark>
<Placemark>
<name>1549</name>
<Point>
<coordinates>16.087083,44.764928</coordinates>
</Point>
</Placemark>
<Placemark>
<name>1550</name>
<Point>
<coordinates>16.087075,44.764977</coordinates>
</Point>
</Placemark>
<Placemark>
<name>1551</name>
<Point>
<coordinates>16.087075,44.764977</coordinates>
</Point>
</Placemark>
<Placemark>
<name>1552</name>
<Point>
<coordinates>16.086917,44.765052</coordinates>
</Point>
</Placemark>
<Placemark>
<name>1553</name>
<Point>
<coordinates>16.086788,44.765013</coordinates>
</Point>
</Placemark>
<Placemark>
<name>1554</name>
<Point>
<coordinates>16.086772,44.765012</coordinates>
</Point>
</Placemark>
<Placemark>
<name>1543</name>
<Point>
<coordinates>16.086993,44.764660</coordinates>
</Point>
</Placemark>
<Placemark>
<name>1544</name>
<Point>
<coordinates>16.086925,44.764725</coordinates>
</Point>
</Placemark>
<Placemark>
<name>1545</name>
<Point>
<coordinates>16.086925,44.764715</coordinates>
</Point>
</Placemark>
<Placemark>
<name>1546</name>
<Point>
<coordinates>16.086925,44.764715</coordinates>
</Point>
</Placemark>
<Placemark>
<name>1547</name>
<Point>
<coordinates>16.087020,44.764860</coordinates>
</Point>
</Placemark>
<Placemark>
<name>1548</name>
<Point>
<coordinates>16.087020,44.764860</coordinates>
</Point>
</Placemark>
<Placemark>
<name>1537</name>
<Point>
<coordinates>16.087482,44.764598</coordinates>
</Point>
</Placemark>
<Placemark>
<name>1538</name>
<Point>
<coordinates>16.087377,44.764642</coordinates>
</Point>
</Placemark>
<Placemark>
<name>1539</name>
<Point>
<coordinates>16.087377,44.764642</coordinates>
</Point>
</Placemark>
<Placemark>
<name>1540</name>
<Point>
<coordinates>16.087258,44.764672</coordinates>
</Point>
</Placemark>
<Placemark>
<name>1541</name>
<Point>
<coordinates>16.087175,44.764650</coordinates>
</Point>
</Placemark>
<Placemark>
<name>1542</name>
<Point>
<coordinates>16.087052,44.764602</coordinates>
</Point>
</Placemark>
<Placemark>
<name>1531</name>
<Point>
<coordinates>16.087465,44.764437</coordinates>
</Point>
</Placemark>
<Placemark>
<name>1532</name>
<Point>
<coordinates>16.087582,44.764498</coordinates>
</Point>
</Placemark>
<Placemark>
<name>1533</name>
<Point>
<coordinates>16.087582,44.764498</coordinates>
</Point>
</Placemark>
<Placemark>
<name>1534</name>
<Point>
<coordinates>16.087582,44.764498</coordinates>
</Point>
</Placemark>
<Placemark>
<name>1535</name>
<Point>
<coordinates>16.087598,44.764552</coordinates>
</Point>
</Placemark>
<Placemark>
<name>1536</name>
<Point>
<coordinates>16.087482,44.764598</coordinates>
</Point>
</Placemark>
<Placemark>
<name>1525</name>
<Point>
<coordinates>16.087183,44.764430</coordinates>
</Point>
</Placemark>
<Placemark>
<name>1526</name>
<Point>
<coordinates>16.087245,44.764505</coordinates>
</Point>
</Placemark>
<Placemark>
<name>1527</name>
<Point>
<coordinates>16.087288,44.764518</coordinates>
</Point>
</Placemark>
<Placemark>
<name>1528</name>
<Point>
<coordinates>16.087472,44.764537</coordinates>
</Point>
</Placemark>
<Placemark>
<name>1529</name>
<Point>
<coordinates>16.087518,44.764528</coordinates>
</Point>
</Placemark>
<Placemark>
<name>1530</name>
<Point>
<coordinates>16.087518,44.764528</coordinates>
</Point>
</Placemark>
<Placemark>
<name>1519</name>
<Point>
<coordinates>16.087492,44.764152</coordinates>
</Point>
</Placemark>
<Placemark>
<name>1520</name>
<Point>
<coordinates>16.087262,44.764143</coordinates>
</Point>
</Placemark>
<Placemark>
<name>1521</name>
<Point>
<coordinates>16.087188,44.764162</coordinates>
</Point>
</Placemark>
<Placemark>
<name>1522</name>
<Point>
<coordinates>16.087023,44.764398</coordinates>
</Point>
</Placemark>
<Placemark>
<name>1523</name>
<Point>
<coordinates>16.087120,44.764410</coordinates>
</Point>
</Placemark>
<Placemark>
<name>1524</name>
<Point>
<coordinates>16.087183,44.764430</coordinates>
</Point>
</Placemark>
<Placemark>
<name>1513</name>
<Point>
<coordinates>16.087702,44.764218</coordinates>
</Point>
</Placemark>
<Placemark>
<name>1514</name>
<Point>
<coordinates>16.087702,44.764218</coordinates>
</Point>
</Placemark>
<Placemark>
<name>1515</name>
<Point>
<coordinates>16.087702,44.764218</coordinates>
</Point>
</Placemark>
<Placemark>
<name>1516</name>
<Point>
<coordinates>16.087702,44.764218</coordinates>
</Point>
</Placemark>
<Placemark>
<name>1517</name>
<Point>
<coordinates>16.087602,44.764113</coordinates>
</Point>
</Placemark>
<Placemark>
<name>1518</name>
<Point>
<coordinates>16.087602,44.764113</coordinates>
</Point>
</Placemark>
<Placemark>
<name>1507</name>
<Point>
<coordinates>16.087887,44.764197</coordinates>
</Point>
</Placemark>
<Placemark>
<name>1508</name>
<Point>
<coordinates>16.087887,44.764197</coordinates>
</Point>
</Placemark>
<Placemark>
<name>1509</name>
<Point>
<coordinates>16.087978,44.764138</coordinates>
</Point>
</Placemark>
<Placemark>
<name>1510</name>
<Point>
<coordinates>16.087762,44.764233</coordinates>
</Point>
</Placemark>
<Placemark>
<name>1511</name>
<Point>
<coordinates>16.087743,44.764225</coordinates>
</Point>
</Placemark>
<Placemark>
<name>1512</name>
<Point>
<coordinates>16.087702,44.764218</coordinates>
</Point>
</Placemark>
<Placemark>
<name>1501</name>
<Point>
<coordinates>16.088038,44.764215</coordinates>
</Point>
</Placemark>
<Placemark>
<name>1502</name>
<Point>
<coordinates>16.088012,44.764138</coordinates>
</Point>
</Placemark>
<Placemark>
<name>1503</name>
<Point>
<coordinates>16.088012,44.764138</coordinates>
</Point>
</Placemark>
<Placemark>
<name>1504</name>
<Point>
<coordinates>16.088012,44.764138</coordinates>
</Point>
</Placemark>
<Placemark>
<name>1505</name>
<Point>
<coordinates>16.087887,44.764197</coordinates>
</Point>
</Placemark>
<Placemark>
<name>1506</name>
<Point>
<coordinates>16.087887,44.764197</coordinates>
</Point>
</Placemark>
<Placemark>
<name>1495</name>
<Point>
<coordinates>16.088440,44.763907</coordinates>
</Point>
</Placemark>
<Placemark>
<name>1496</name>
<Point>
<coordinates>16.088388,44.763900</coordinates>
</Point>
</Placemark>
<Placemark>
<name>1497</name>
<Point>
<coordinates>16.088373,44.763880</coordinates>
</Point>
</Placemark>
<Placemark>
<name>1498</name>
<Point>
<coordinates>16.088180,44.763868</coordinates>
</Point>
</Placemark>
<Placemark>
<name>1499</name>
<Point>
<coordinates>16.087957,44.763810</coordinates>
</Point>
</Placemark>
<Placemark>
<name>1500</name>
<Point>
<coordinates>16.088080,44.764010</coordinates>
</Point>
</Placemark>
<Placemark>
<name>1489</name>
<Point>
<coordinates>16.088393,44.763463</coordinates>
</Point>
</Placemark>
<Placemark>
<name>1490</name>
<Point>
<coordinates>16.088278,44.763407</coordinates>
</Point>
</Placemark>
<Placemark>
<name>1491</name>
<Point>
<coordinates>16.088260,44.763522</coordinates>
</Point>
</Placemark>
<Placemark>
<name>1492</name>
<Point>
<coordinates>16.088500,44.763762</coordinates>
</Point>
</Placemark>
<Placemark>
<name>1493</name>
<Point>
<coordinates>16.088493,44.763820</coordinates>
</Point>
</Placemark>
<Placemark>
<name>1494</name>
<Point>
<coordinates>16.088480,44.763903</coordinates>
</Point>
</Placemark>
<Placemark>
<name>1483</name>
<Point>
<coordinates>16.088510,44.763332</coordinates>
</Point>
</Placemark>
<Placemark>
<name>1484</name>
<Point>
<coordinates>16.088548,44.763368</coordinates>
</Point>
</Placemark>
<Placemark>
<name>1485</name>
<Point>
<coordinates>16.088607,44.763452</coordinates>
</Point>
</Placemark>
<Placemark>
<name>1486</name>
<Point>
<coordinates>16.088607,44.763452</coordinates>
</Point>
</Placemark>
<Placemark>
<name>1487</name>
<Point>
<coordinates>16.088607,44.763452</coordinates>
</Point>
</Placemark>
<Placemark>
<name>1488</name>
<Point>
<coordinates>16.088477,44.763460</coordinates>
</Point>
</Placemark>
<Placemark>
<name>1477</name>
<Point>
<coordinates>16.088420,44.762840</coordinates>
</Point>
</Placemark>
<Placemark>
<name>1478</name>
<Point>
<coordinates>16.088420,44.762840</coordinates>
</Point>
</Placemark>
<Placemark>
<name>1479</name>
<Point>
<coordinates>16.088420,44.762840</coordinates>
</Point>
</Placemark>
<Placemark>
<name>1480</name>
<Point>
<coordinates>16.088397,44.762928</coordinates>
</Point>
</Placemark>
<Placemark>
<name>1481</name>
<Point>
<coordinates>16.088392,44.762942</coordinates>
</Point>
</Placemark>
<Placemark>
<name>1482</name>
<Point>
<coordinates>16.088473,44.763030</coordinates>
</Point>
</Placemark>
<Placemark>
<name>1471</name>
<Point>
<coordinates>16.088968,44.762772</coordinates>
</Point>
</Placemark>
<Placemark>
<name>1472</name>
<Point>
<coordinates>16.088857,44.762807</coordinates>
</Point>
</Placemark>
<Placemark>
<name>1473</name>
<Point>
<coordinates>16.088722,44.762847</coordinates>
</Point>
</Placemark>
<Placemark>
<name>1474</name>
<Point>
<coordinates>16.088668,44.762808</coordinates>
</Point>
</Placemark>
<Placemark>
<name>1475</name>
<Point>
<coordinates>16.088572,44.762717</coordinates>
</Point>
</Placemark>
<Placemark>
<name>1476</name>
<Point>
<coordinates>16.088487,44.762770</coordinates>
</Point>
</Placemark>
<Placemark>
<name>1465</name>
<Point>
<coordinates>16.088988,44.762562</coordinates>
</Point>
</Placemark>
<Placemark>
<name>1466</name>
<Point>
<coordinates>16.088988,44.762562</coordinates>
</Point>
</Placemark>
<Placemark>
<name>1467</name>
<Point>
<coordinates>16.089055,44.762662</coordinates>
</Point>
</Placemark>
<Placemark>
<name>1468</name>
<Point>
<coordinates>16.089055,44.762662</coordinates>
</Point>
</Placemark>
<Placemark>
<name>1469</name>
<Point>
<coordinates>16.089080,44.762752</coordinates>
</Point>
</Placemark>
<Placemark>
<name>1470</name>
<Point>
<coordinates>16.088968,44.762772</coordinates>
</Point>
</Placemark>
<Placemark>
<name>1459</name>
<Point>
<coordinates>16.089078,44.762290</coordinates>
</Point>
</Placemark>
<Placemark>
<name>1460</name>
<Point>
<coordinates>16.089078,44.762290</coordinates>
</Point>
</Placemark>
<Placemark>
<name>1461</name>
<Point>
<coordinates>16.089078,44.762290</coordinates>
</Point>
</Placemark>
<Placemark>
<name>1462</name>
<Point>
<coordinates>16.089048,44.762357</coordinates>
</Point>
</Placemark>
<Placemark>
<name>1463</name>
<Point>
<coordinates>16.089048,44.762357</coordinates>
</Point>
</Placemark>
<Placemark>
<name>1464</name>
<Point>
<coordinates>16.089062,44.762415</coordinates>
</Point>
</Placemark>
<Placemark>
<name>1453</name>
<Point>
<coordinates>16.089183,44.761958</coordinates>
</Point>
</Placemark>
<Placemark>
<name>1454</name>
<Point>
<coordinates>16.089138,44.762010</coordinates>
</Point>
</Placemark>
<Placemark>
<name>1455</name>
<Point>
<coordinates>16.089138,44.762010</coordinates>
</Point>
</Placemark>
<Placemark>
<name>1456</name>
<Point>
<coordinates>16.089108,44.762170</coordinates>
</Point>
</Placemark>
<Placemark>
<name>1457</name>
<Point>
<coordinates>16.089108,44.762170</coordinates>
</Point>
</Placemark>
<Placemark>
<name>1458</name>
<Point>
<coordinates>16.089043,44.762272</coordinates>
</Point>
</Placemark>
<Placemark>
<name>1447</name>
<Point>
<coordinates>16.089527,44.761760</coordinates>
</Point>
</Placemark>
<Placemark>
<name>1448</name>
<Point>
<coordinates>16.089527,44.761760</coordinates>
</Point>
</Placemark>
<Placemark>
<name>1449</name>
<Point>
<coordinates>16.089435,44.761787</coordinates>
</Point>
</Placemark>
<Placemark>
<name>1450</name>
<Point>
<coordinates>16.089435,44.761802</coordinates>
</Point>
</Placemark>
<Placemark>
<name>1451</name>
<Point>
<coordinates>16.089428,44.761813</coordinates>
</Point>
</Placemark>
<Placemark>
<name>1452</name>
<Point>
<coordinates>16.089272,44.761858</coordinates>
</Point>
</Placemark>
<Placemark>
<name>1441</name>
<Point>
<coordinates>16.089295,44.761343</coordinates>
</Point>
</Placemark>
<Placemark>
<name>1442</name>
<Point>
<coordinates>16.089638,44.761517</coordinates>
</Point>
</Placemark>
<Placemark>
<name>1443</name>
<Point>
<coordinates>16.089638,44.761517</coordinates>
</Point>
</Placemark>
<Placemark>
<name>1444</name>
<Point>
<coordinates>16.089638,44.761693</coordinates>
</Point>
</Placemark>
<Placemark>
<name>1445</name>
<Point>
<coordinates>16.089638,44.761693</coordinates>
</Point>
</Placemark>
<Placemark>
<name>1446</name>
<Point>
<coordinates>16.089527,44.761760</coordinates>
</Point>
</Placemark>
<Placemark>
<name>1886</name>
<Point>
<coordinates>16.090192,44.761747</coordinates>
</Point>
</Placemark>
<Placemark>
<name>1887</name>
<Point>
<coordinates>16.090192,44.761747</coordinates>
</Point>
</Placemark>
<Placemark>
<name>1888</name>
<Point>
<coordinates>16.090055,44.761752</coordinates>
</Point>
</Placemark>
<Placemark>
<name>1889</name>
<Point>
<coordinates>16.090043,44.761720</coordinates>
</Point>
</Placemark>
<Placemark>
<name>1890</name>
<Point>
<coordinates>16.090043,44.761720</coordinates>
</Point>
</Placemark>
<Placemark>
<name>1880</name>
<Point>
<coordinates>16.090722,44.761885</coordinates>
</Point>
</Placemark>
<Placemark>
<name>1881</name>
<Point>
<coordinates>16.090632,44.761780</coordinates>
</Point>
</Placemark>
<Placemark>
<name>1882</name>
<Point>
<coordinates>16.090587,44.761757</coordinates>
</Point>
</Placemark>
<Placemark>
<name>1883</name>
<Point>
<coordinates>16.090603,44.761902</coordinates>
</Point>
</Placemark>
<Placemark>
<name>1884</name>
<Point>
<coordinates>16.090395,44.761827</coordinates>
</Point>
</Placemark>
<Placemark>
<name>1885</name>
<Point>
<coordinates>16.090423,44.761835</coordinates>
</Point>
</Placemark>
<Placemark>
<name>1874</name>
<Point>
<coordinates>16.090633,44.761732</coordinates>
</Point>
</Placemark>
<Placemark>
<name>1875</name>
<Point>
<coordinates>16.090642,44.761748</coordinates>
</Point>
</Placemark>
<Placemark>
<name>1876</name>
<Point>
<coordinates>16.090660,44.761797</coordinates>
</Point>
</Placemark>
<Placemark>
<name>1877</name>
<Point>
<coordinates>16.090703,44.761830</coordinates>
</Point>
</Placemark>
<Placemark>
<name>1878</name>
<Point>
<coordinates>16.090782,44.761875</coordinates>
</Point>
</Placemark>
<Placemark>
<name>1879</name>
<Point>
<coordinates>16.090740,44.761828</coordinates>
</Point>
</Placemark>
<Placemark>
<name>1868</name>
<Point>
<coordinates>16.090405,44.761753</coordinates>
</Point>
</Placemark>
<Placemark>
<name>1869</name>
<Point>
<coordinates>16.090525,44.761662</coordinates>
</Point>
</Placemark>
<Placemark>
<name>1870</name>
<Point>
<coordinates>16.090547,44.761712</coordinates>
</Point>
</Placemark>
<Placemark>
<name>1871</name>
<Point>
<coordinates>16.090588,44.761702</coordinates>
</Point>
</Placemark>
<Placemark>
<name>1872</name>
<Point>
<coordinates>16.090665,44.761577</coordinates>
</Point>
</Placemark>
<Placemark>
<name>1873</name>
<Point>
<coordinates>16.090665,44.761577</coordinates>
</Point>
</Placemark>
<Placemark>
<name>1862</name>
<Point>
<coordinates>16.090212,44.761973</coordinates>
</Point>
</Placemark>
<Placemark>
<name>1863</name>
<Point>
<coordinates>16.090243,44.761807</coordinates>
</Point>
</Placemark>
<Placemark>
<name>1864</name>
<Point>
<coordinates>16.090307,44.761783</coordinates>
</Point>
</Placemark>
<Placemark>
<name>1865</name>
<Point>
<coordinates>16.090240,44.761800</coordinates>
</Point>
</Placemark>
<Placemark>
<name>1866</name>
<Point>
<coordinates>16.090270,44.761758</coordinates>
</Point>
</Placemark>
<Placemark>
<name>1867</name>
<Point>
<coordinates>16.090265,44.761740</coordinates>
</Point>
</Placemark>
<Placemark>
<name>1856</name>
<Point>
<coordinates>16.090165,44.762252</coordinates>
</Point>
</Placemark>
<Placemark>
<name>1857</name>
<Point>
<coordinates>16.090232,44.762128</coordinates>
</Point>
</Placemark>
<Placemark>
<name>1858</name>
<Point>
<coordinates>16.090232,44.762128</coordinates>
</Point>
</Placemark>
<Placemark>
<name>1859</name>
<Point>
<coordinates>16.090202,44.762150</coordinates>
</Point>
</Placemark>
<Placemark>
<name>1860</name>
<Point>
<coordinates>16.090202,44.762057</coordinates>
</Point>
</Placemark>
<Placemark>
<name>1861</name>
<Point>
<coordinates>16.090215,44.761995</coordinates>
</Point>
</Placemark>
<Placemark>
<name>1850</name>
<Point>
<coordinates>16.089748,44.762860</coordinates>
</Point>
</Placemark>
<Placemark>
<name>1851</name>
<Point>
<coordinates>16.089878,44.762820</coordinates>
</Point>
</Placemark>
<Placemark>
<name>1852</name>
<Point>
<coordinates>16.089998,44.762607</coordinates>
</Point>
</Placemark>
<Placemark>
<name>1853</name>
<Point>
<coordinates>16.090123,44.762510</coordinates>
</Point>
</Placemark>
<Placemark>
<name>1854</name>
<Point>
<coordinates>16.090150,44.762360</coordinates>
</Point>
</Placemark>
<Placemark>
<name>1855</name>
<Point>
<coordinates>16.090145,44.762277</coordinates>
</Point>
</Placemark>
<Placemark>
<name>1844</name>
<Point>
<coordinates>16.089502,44.763063</coordinates>
</Point>
</Placemark>
<Placemark>
<name>1845</name>
<Point>
<coordinates>16.088873,44.762575</coordinates>
</Point>
</Placemark>
<Placemark>
<name>1846</name>
<Point>
<coordinates>16.089493,44.762922</coordinates>
</Point>
</Placemark>
<Placemark>
<name>1847</name>
<Point>
<coordinates>16.089493,44.762922</coordinates>
</Point>
</Placemark>
<Placemark>
<name>1848</name>
<Point>
<coordinates>16.089493,44.762922</coordinates>
</Point>
</Placemark>
<Placemark>
<name>1849</name>
<Point>
<coordinates>16.089663,44.762890</coordinates>
</Point>
</Placemark>
<Placemark>
<name>1838</name>
<Point>
<coordinates>16.089603,44.763822</coordinates>
</Point>
</Placemark>
<Placemark>
<name>1839</name>
<Point>
<coordinates>16.089533,44.763715</coordinates>
</Point>
</Placemark>
<Placemark>
<name>1840</name>
<Point>
<coordinates>16.089482,44.763587</coordinates>
</Point>
</Placemark>
<Placemark>
<name>1841</name>
<Point>
<coordinates>16.089425,44.763495</coordinates>
</Point>
</Placemark>
<Placemark>
<name>1842</name>
<Point>
<coordinates>16.089380,44.763332</coordinates>
</Point>
</Placemark>
<Placemark>
<name>1843</name>
<Point>
<coordinates>16.089518,44.763237</coordinates>
</Point>
</Placemark>
<Placemark>
<name>1831</name>
<Point>
<coordinates>16.089357,44.764360</coordinates>
</Point>
</Placemark>
<Placemark>
<name>1833</name>
<Point>
<coordinates>16.089572,44.764250</coordinates>
</Point>
</Placemark>
<Placemark>
<name>1834</name>
<Point>
<coordinates>16.089357,44.764178</coordinates>
</Point>
</Placemark>
<Placemark>
<name>1835</name>
<Point>
<coordinates>16.089428,44.764065</coordinates>
</Point>
</Placemark>
<Placemark>
<name>1836</name>
<Point>
<coordinates>16.089497,44.763940</coordinates>
</Point>
</Placemark>
<Placemark>
<name>1837</name>
<Point>
<coordinates>16.089458,44.763910</coordinates>
</Point>
</Placemark>
<Placemark>
<name>1825</name>
<Point>
<coordinates>16.088987,44.764565</coordinates>
</Point>
</Placemark>
<Placemark>
<name>1826</name>
<Point>
<coordinates>16.089070,44.764500</coordinates>
</Point>
</Placemark>
<Placemark>
<name>1827</name>
<Point>
<coordinates>16.089030,44.764317</coordinates>
</Point>
</Placemark>
<Placemark>
<name>1828</name>
<Point>
<coordinates>16.089032,44.764313</coordinates>
</Point>
</Placemark>
<Placemark>
<name>1829</name>
<Point>
<coordinates>16.088930,44.764402</coordinates>
</Point>
</Placemark>
<Placemark>
<name>1830</name>
<Point>
<coordinates>16.089240,44.764363</coordinates>
</Point>
</Placemark>
<Placemark>
<name>1819</name>
<Point>
<coordinates>16.088823,44.764898</coordinates>
</Point>
</Placemark>
<Placemark>
<name>1820</name>
<Point>
<coordinates>16.088875,44.764970</coordinates>
</Point>
</Placemark>
<Placemark>
<name>1821</name>
<Point>
<coordinates>16.088875,44.764970</coordinates>
</Point>
</Placemark>
<Placemark>
<name>1822</name>
<Point>
<coordinates>16.088853,44.764787</coordinates>
</Point>
</Placemark>
<Placemark>
<name>1823</name>
<Point>
<coordinates>16.088740,44.764717</coordinates>
</Point>
</Placemark>
<Placemark>
<name>1824</name>
<Point>
<coordinates>16.088952,44.764645</coordinates>
</Point>
</Placemark>
<Placemark>
<name>1813</name>
<Point>
<coordinates>16.088217,44.765245</coordinates>
</Point>
</Placemark>
<Placemark>
<name>1814</name>
<Point>
<coordinates>16.088217,44.765245</coordinates>
</Point>
</Placemark>
<Placemark>
<name>1815</name>
<Point>
<coordinates>16.088348,44.765050</coordinates>
</Point>
</Placemark>
<Placemark>
<name>1816</name>
<Point>
<coordinates>16.088348,44.765073</coordinates>
</Point>
</Placemark>
<Placemark>
<name>1817</name>
<Point>
<coordinates>16.093200,44.773882</coordinates>
</Point>
</Placemark>
<Placemark>
<name>1818</name>
<Point>
<coordinates>16.088797,44.764913</coordinates>
</Point>
</Placemark>
<Placemark>
<name>1807</name>
<Point>
<coordinates>16.087687,44.765432</coordinates>
</Point>
</Placemark>
<Placemark>
<name>1808</name>
<Point>
<coordinates>16.087637,44.765318</coordinates>
</Point>
</Placemark>
<Placemark>
<name>1809</name>
<Point>
<coordinates>16.087637,44.765318</coordinates>
</Point>
</Placemark>
<Placemark>
<name>1810</name>
<Point>
<coordinates>16.087762,44.765230</coordinates>
</Point>
</Placemark>
<Placemark>
<name>1811</name>
<Point>
<coordinates>16.087857,44.765148</coordinates>
</Point>
</Placemark>
<Placemark>
<name>1812</name>
<Point>
<coordinates>16.088110,44.765318</coordinates>
</Point>
</Placemark>
<Placemark>
<name>1801</name>
<Point>
<coordinates>16.087207,44.765827</coordinates>
</Point>
</Placemark>
<Placemark>
<name>1802</name>
<Point>
<coordinates>16.087228,44.765697</coordinates>
</Point>
</Placemark>
<Placemark>
<name>1803</name>
<Point>
<coordinates>16.087453,44.765733</coordinates>
</Point>
</Placemark>
<Placemark>
<name>1804</name>
<Point>
<coordinates>16.087542,44.765743</coordinates>
</Point>
</Placemark>
<Placemark>
<name>1805</name>
<Point>
<coordinates>16.087653,44.765647</coordinates>
</Point>
</Placemark>
<Placemark>
<name>1806</name>
<Point>
<coordinates>16.087653,44.765647</coordinates>
</Point>
</Placemark>
<Placemark>
<name>1795</name>
<Point>
<coordinates>16.086875,44.766317</coordinates>
</Point>
</Placemark>
<Placemark>
<name>1796</name>
<Point>
<coordinates>16.086858,44.766213</coordinates>
</Point>
</Placemark>
<Placemark>
<name>1797</name>
<Point>
<coordinates>16.087128,44.766010</coordinates>
</Point>
</Placemark>
<Placemark>
<name>1798</name>
<Point>
<coordinates>16.087128,44.766010</coordinates>
</Point>
</Placemark>
<Placemark>
<name>1799</name>
<Point>
<coordinates>16.087212,44.765943</coordinates>
</Point>
</Placemark>
<Placemark>
<name>1800</name>
<Point>
<coordinates>16.087213,44.765920</coordinates>
</Point>
</Placemark>
<Placemark>
<name>1789</name>
<Point>
<coordinates>16.086925,44.766082</coordinates>
</Point>
</Placemark>
<Placemark>
<name>1790</name>
<Point>
<coordinates>16.086925,44.766082</coordinates>
</Point>
</Placemark>
<Placemark>
<name>1791</name>
<Point>
<coordinates>16.087008,44.766255</coordinates>
</Point>
</Placemark>
<Placemark>
<name>1792</name>
<Point>
<coordinates>16.086955,44.766418</coordinates>
</Point>
</Placemark>
<Placemark>
<name>1793</name>
<Point>
<coordinates>16.086955,44.766418</coordinates>
</Point>
</Placemark>
<Placemark>
<name>1794</name>
<Point>
<coordinates>16.086875,44.766317</coordinates>
</Point>
</Placemark>
<Placemark>
<name>1783</name>
<Point>
<coordinates>16.086185,44.765932</coordinates>
</Point>
</Placemark>
<Placemark>
<name>1784</name>
<Point>
<coordinates>16.086420,44.765920</coordinates>
</Point>
</Placemark>
<Placemark>
<name>1785</name>
<Point>
<coordinates>16.086610,44.766073</coordinates>
</Point>
</Placemark>
<Placemark>
<name>1786</name>
<Point>
<coordinates>16.086718,44.766168</coordinates>
</Point>
</Placemark>
<Placemark>
<name>1787</name>
<Point>
<coordinates>16.086718,44.766168</coordinates>
</Point>
</Placemark>
<Placemark>
<name>1788</name>
<Point>
<coordinates>16.086880,44.766180</coordinates>
</Point>
</Placemark>
<Placemark>
<name>1777</name>
<Point>
<coordinates>16.084717,44.765862</coordinates>
</Point>
</Placemark>
<Placemark>
<name>1778</name>
<Point>
<coordinates>16.084873,44.765898</coordinates>
</Point>
</Placemark>
<Placemark>
<name>1779</name>
<Point>
<coordinates>16.084815,44.766015</coordinates>
</Point>
</Placemark>
<Placemark>
<name>1780</name>
<Point>
<coordinates>16.085828,44.765943</coordinates>
</Point>
</Placemark>
<Placemark>
<name>1781</name>
<Point>
<coordinates>16.085932,44.765983</coordinates>
</Point>
</Placemark>
<Placemark>
<name>1782</name>
<Point>
<coordinates>16.085913,44.765960</coordinates>
</Point>
</Placemark>
<Placemark>
<name>1771</name>
<Point>
<coordinates>16.084985,44.765485</coordinates>
</Point>
</Placemark>
<Placemark>
<name>1772</name>
<Point>
<coordinates>16.084847,44.765465</coordinates>
</Point>
</Placemark>
<Placemark>
<name>1773</name>
<Point>
<coordinates>16.084798,44.765477</coordinates>
</Point>
</Placemark>
<Placemark>
<name>1774</name>
<Point>
<coordinates>16.084723,44.765625</coordinates>
</Point>
</Placemark>
<Placemark>
<name>1775</name>
<Point>
<coordinates>16.084708,44.765662</coordinates>
</Point>
</Placemark>
<Placemark>
<name>1776</name>
<Point>
<coordinates>16.084628,44.765747</coordinates>
</Point>
</Placemark>
<Placemark>
<name>1765</name>
<Point>
<coordinates>16.085173,44.765392</coordinates>
</Point>
</Placemark>
<Placemark>
<name>1766</name>
<Point>
<coordinates>16.085137,44.765382</coordinates>
</Point>
</Placemark>
<Placemark>
<name>1767</name>
<Point>
<coordinates>16.085137,44.765382</coordinates>
</Point>
</Placemark>
<Placemark>
<name>1768</name>
<Point>
<coordinates>16.085013,44.765473</coordinates>
</Point>
</Placemark>
<Placemark>
<name>1769</name>
<Point>
<coordinates>16.085043,44.765487</coordinates>
</Point>
</Placemark>
<Placemark>
<name>1770</name>
<Point>
<coordinates>16.084985,44.765485</coordinates>
</Point>
</Placemark>
<Placemark>
<name>1759</name>
<Point>
<coordinates>16.085858,44.765137</coordinates>
</Point>
</Placemark>
<Placemark>
<name>1760</name>
<Point>
<coordinates>16.085858,44.765137</coordinates>
</Point>
</Placemark>
<Placemark>
<name>1761</name>
<Point>
<coordinates>16.085858,44.765137</coordinates>
</Point>
</Placemark>
<Placemark>
<name>1762</name>
<Point>
<coordinates>16.085603,44.765148</coordinates>
</Point>
</Placemark>
<Placemark>
<name>1763</name>
<Point>
<coordinates>16.085382,44.765222</coordinates>
</Point>
</Placemark>
<Placemark>
<name>1764</name>
<Point>
<coordinates>16.085382,44.765222</coordinates>
</Point>
</Placemark>
<Placemark>
<name>1753</name>
<Point>
<coordinates>16.086327,44.764800</coordinates>
</Point>
</Placemark>
<Placemark>
<name>1754</name>
<Point>
<coordinates>16.086327,44.764800</coordinates>
</Point>
</Placemark>
<Placemark>
<name>1755</name>
<Point>
<coordinates>16.086233,44.764877</coordinates>
</Point>
</Placemark>
<Placemark>
<name>1756</name>
<Point>
<coordinates>16.086215,44.764853</coordinates>
</Point>
</Placemark>
<Placemark>
<name>1757</name>
<Point>
<coordinates>16.086188,44.764935</coordinates>
</Point>
</Placemark>
<Placemark>
<name>1758</name>
<Point>
<coordinates>16.086113,44.764910</coordinates>
</Point>
</Placemark>
<Placemark>
<name>1747</name>
<Point>
<coordinates>16.086528,44.764613</coordinates>
</Point>
</Placemark>
<Placemark>
<name>1748</name>
<Point>
<coordinates>16.086528,44.764613</coordinates>
</Point>
</Placemark>
<Placemark>
<name>1749</name>
<Point>
<coordinates>16.086475,44.764718</coordinates>
</Point>
</Placemark>
<Placemark>
<name>1750</name>
<Point>
<coordinates>16.086473,44.764842</coordinates>
</Point>
</Placemark>
<Placemark>
<name>1751</name>
<Point>
<coordinates>16.086397,44.764792</coordinates>
</Point>
</Placemark>
<Placemark>
<name>1752</name>
<Point>
<coordinates>16.086355,44.764768</coordinates>
</Point>
</Placemark>
<Placemark>
<name>1741</name>
<Point>
<coordinates>16.086897,44.764270</coordinates>
</Point>
</Placemark>
<Placemark>
<name>1742</name>
<Point>
<coordinates>16.086897,44.764270</coordinates>
</Point>
</Placemark>
<Placemark>
<name>1743</name>
<Point>
<coordinates>16.086798,44.764208</coordinates>
</Point>
</Placemark>
<Placemark>
<name>1744</name>
<Point>
<coordinates>16.086767,44.764353</coordinates>
</Point>
</Placemark>
<Placemark>
<name>1745</name>
<Point>
<coordinates>16.086603,44.764395</coordinates>
</Point>
</Placemark>
<Placemark>
<name>1746</name>
<Point>
<coordinates>16.086630,44.764547</coordinates>
</Point>
</Placemark>
<Placemark>
<name>1735</name>
<Point>
<coordinates>16.087288,44.764025</coordinates>
</Point>
</Placemark>
<Placemark>
<name>1736</name>
<Point>
<coordinates>16.087288,44.764025</coordinates>
</Point>
</Placemark>
<Placemark>
<name>1737</name>
<Point>
<coordinates>16.087137,44.764083</coordinates>
</Point>
</Placemark>
<Placemark>
<name>1738</name>
<Point>
<coordinates>16.086972,44.764037</coordinates>
</Point>
</Placemark>
<Placemark>
<name>1739</name>
<Point>
<coordinates>16.086888,44.764125</coordinates>
</Point>
</Placemark>
<Placemark>
<name>1740</name>
<Point>
<coordinates>16.086888,44.764125</coordinates>
</Point>
</Placemark>
<Placemark>
<name>1729</name>
<Point>
<coordinates>16.087702,44.763832</coordinates>
</Point>
</Placemark>
<Placemark>
<name>1730</name>
<Point>
<coordinates>16.087477,44.763963</coordinates>
</Point>
</Placemark>
<Placemark>
<name>1731</name>
<Point>
<coordinates>16.087462,44.763960</coordinates>
</Point>
</Placemark>
<Placemark>
<name>1732</name>
<Point>
<coordinates>16.087398,44.763890</coordinates>
</Point>
</Placemark>
<Placemark>
<name>1733</name>
<Point>
<coordinates>16.087267,44.763928</coordinates>
</Point>
</Placemark>
<Placemark>
<name>1734</name>
<Point>
<coordinates>16.087267,44.763928</coordinates>
</Point>
</Placemark>
<Placemark>
<name>1723</name>
<Point>
<coordinates>16.088017,44.763655</coordinates>
</Point>
</Placemark>
<Placemark>
<name>1724</name>
<Point>
<coordinates>16.087925,44.763647</coordinates>
</Point>
</Placemark>
<Placemark>
<name>1725</name>
<Point>
<coordinates>16.087817,44.763787</coordinates>
</Point>
</Placemark>
<Placemark>
<name>1726</name>
<Point>
<coordinates>16.087837,44.763818</coordinates>
</Point>
</Placemark>
<Placemark>
<name>1727</name>
<Point>
<coordinates>16.087837,44.763818</coordinates>
</Point>
</Placemark>
<Placemark>
<name>1728</name>
<Point>
<coordinates>16.087837,44.763818</coordinates>
</Point>
</Placemark>
<Placemark>
<name>1717</name>
<Point>
<coordinates>16.088085,44.763515</coordinates>
</Point>
</Placemark>
<Placemark>
<name>1718</name>
<Point>
<coordinates>16.088085,44.763515</coordinates>
</Point>
</Placemark>
<Placemark>
<name>1719</name>
<Point>
<coordinates>16.088003,44.763528</coordinates>
</Point>
</Placemark>
<Placemark>
<name>1720</name>
<Point>
<coordinates>16.088003,44.763528</coordinates>
</Point>
</Placemark>
<Placemark>
<name>1721</name>
<Point>
<coordinates>16.087945,44.763608</coordinates>
</Point>
</Placemark>
<Placemark>
<name>1722</name>
<Point>
<coordinates>16.088017,44.763655</coordinates>
</Point>
</Placemark>
<Placemark>
<name>1711</name>
<Point>
<coordinates>16.087997,44.763167</coordinates>
</Point>
</Placemark>
<Placemark>
<name>1712</name>
<Point>
<coordinates>16.088022,44.763318</coordinates>
</Point>
</Placemark>
<Placemark>
<name>1713</name>
<Point>
<coordinates>16.088022,44.763375</coordinates>
</Point>
</Placemark>
<Placemark>
<name>1714</name>
<Point>
<coordinates>16.088182,44.763380</coordinates>
</Point>
</Placemark>
<Placemark>
<name>1715</name>
<Point>
<coordinates>16.088182,44.763380</coordinates>
</Point>
</Placemark>
<Placemark>
<name>1716</name>
<Point>
<coordinates>16.088182,44.763380</coordinates>
</Point>
</Placemark>
<Placemark>
<name>1705</name>
<Point>
<coordinates>16.088140,44.762765</coordinates>
</Point>
</Placemark>
<Placemark>
<name>1706</name>
<Point>
<coordinates>16.088140,44.762765</coordinates>
</Point>
</Placemark>
<Placemark>
<name>1707</name>
<Point>
<coordinates>16.088153,44.762775</coordinates>
</Point>
</Placemark>
<Placemark>
<name>1708</name>
<Point>
<coordinates>16.087977,44.762825</coordinates>
</Point>
</Placemark>
<Placemark>
<name>1709</name>
<Point>
<coordinates>16.087995,44.762933</coordinates>
</Point>
</Placemark>
<Placemark>
<name>1710</name>
<Point>
<coordinates>16.087997,44.763167</coordinates>
</Point>
</Placemark>
<Placemark>
<name>1699</name>
<Point>
<coordinates>16.088687,44.762305</coordinates>
</Point>
</Placemark>
<Placemark>
<name>1700</name>
<Point>
<coordinates>16.088728,44.762457</coordinates>
</Point>
</Placemark>
<Placemark>
<name>1701</name>
<Point>
<coordinates>16.088638,44.762488</coordinates>
</Point>
</Placemark>
<Placemark>
<name>1702</name>
<Point>
<coordinates>16.088598,44.762625</coordinates>
</Point>
</Placemark>
<Placemark>
<name>1703</name>
<Point>
<coordinates>16.088598,44.762625</coordinates>
</Point>
</Placemark>
<Placemark>
<name>1704</name>
<Point>
<coordinates>16.088457,44.762612</coordinates>
</Point>
</Placemark>
<Placemark>
<name>1693</name>
<Point>
<coordinates>16.088780,44.762143</coordinates>
</Point>
</Placemark>
<Placemark>
<name>1694</name>
<Point>
<coordinates>16.088733,44.762172</coordinates>
</Point>
</Placemark>
<Placemark>
<name>1695</name>
<Point>
<coordinates>16.088675,44.762215</coordinates>
</Point>
</Placemark>
<Placemark>
<name>1696</name>
<Point>
<coordinates>16.088675,44.762215</coordinates>
</Point>
</Placemark>
<Placemark>
<name>1697</name>
<Point>
<coordinates>16.088675,44.762215</coordinates>
</Point>
</Placemark>
<Placemark>
<name>1698</name>
<Point>
<coordinates>16.088675,44.762215</coordinates>
</Point>
</Placemark>
<Placemark>
<name>1687</name>
<Point>
<coordinates>16.089098,44.761770</coordinates>
</Point>
</Placemark>
<Placemark>
<name>1688</name>
<Point>
<coordinates>16.089075,44.761872</coordinates>
</Point>
</Placemark>
<Placemark>
<name>1689</name>
<Point>
<coordinates>16.089015,44.761947</coordinates>
</Point>
</Placemark>
<Placemark>
<name>1690</name>
<Point>
<coordinates>16.089013,44.761985</coordinates>
</Point>
</Placemark>
<Placemark>
<name>1691</name>
<Point>
<coordinates>16.088857,44.762062</coordinates>
</Point>
</Placemark>
<Placemark>
<name>1692</name>
<Point>
<coordinates>16.088857,44.762062</coordinates>
</Point>
</Placemark>
<Placemark>
<name>1681</name>
<Point>
<coordinates>16.088828,44.761485</coordinates>
</Point>
</Placemark>
<Placemark>
<name>1682</name>
<Point>
<coordinates>16.088822,44.761770</coordinates>
</Point>
</Placemark>
<Placemark>
<name>1683</name>
<Point>
<coordinates>16.089075,44.761633</coordinates>
</Point>
</Placemark>
<Placemark>
<name>1684</name>
<Point>
<coordinates>16.089093,44.761622</coordinates>
</Point>
</Placemark>
<Placemark>
<name>1685</name>
<Point>
<coordinates>16.089018,44.761685</coordinates>
</Point>
</Placemark>
<Placemark>
<name>1686</name>
<Point>
<coordinates>16.089018,44.761685</coordinates>
</Point>
</Placemark>
<Placemark>
<name>2155</name>
<Point>
<coordinates>16.096025,44.767408</coordinates>
</Point>
</Placemark>
<Placemark>
<name>2156</name>
<Point>
<coordinates>16.096012,44.767537</coordinates>
</Point>
</Placemark>
<Placemark>
<name>2157</name>
<Point>
<coordinates>16.095973,44.767592</coordinates>
</Point>
</Placemark>
<Placemark>
<name>2158</name>
<Point>
<coordinates>16.096293,44.767595</coordinates>
</Point>
</Placemark>
<Placemark>
<name>2159</name>
<Point>
<coordinates>16.096313,44.767530</coordinates>
</Point>
</Placemark>
<Placemark>
<name>2160</name>
<Point>
<coordinates>16.096585,44.767598</coordinates>
</Point>
</Placemark>
<Placemark>
<name>2149</name>
<Point>
<coordinates>16.095165,44.767283</coordinates>
</Point>
</Placemark>
<Placemark>
<name>2150</name>
<Point>
<coordinates>16.095253,44.767285</coordinates>
</Point>
</Placemark>
<Placemark>
<name>2151</name>
<Point>
<coordinates>16.095412,44.767440</coordinates>
</Point>
</Placemark>
<Placemark>
<name>2152</name>
<Point>
<coordinates>16.095552,44.767352</coordinates>
</Point>
</Placemark>
<Placemark>
<name>2153</name>
<Point>
<coordinates>16.095738,44.767377</coordinates>
</Point>
</Placemark>
<Placemark>
<name>2154</name>
<Point>
<coordinates>16.095738,44.767377</coordinates>
</Point>
</Placemark>
<Placemark>
<name>2143</name>
<Point>
<coordinates>16.094830,44.766982</coordinates>
</Point>
</Placemark>
<Placemark>
<name>2144</name>
<Point>
<coordinates>16.094838,44.767172</coordinates>
</Point>
</Placemark>
<Placemark>
<name>2145</name>
<Point>
<coordinates>16.094743,44.767345</coordinates>
</Point>
</Placemark>
<Placemark>
<name>2146</name>
<Point>
<coordinates>16.094955,44.767383</coordinates>
</Point>
</Placemark>
<Placemark>
<name>2147</name>
<Point>
<coordinates>16.095027,44.767363</coordinates>
</Point>
</Placemark>
<Placemark>
<name>2148</name>
<Point>
<coordinates>16.095018,44.767353</coordinates>
</Point>
</Placemark>
<Placemark>
<name>2137</name>
<Point>
<coordinates>16.095408,44.767042</coordinates>
</Point>
</Placemark>
<Placemark>
<name>2138</name>
<Point>
<coordinates>16.095283,44.767067</coordinates>
</Point>
</Placemark>
<Placemark>
<name>2139</name>
<Point>
<coordinates>16.095092,44.767015</coordinates>
</Point>
</Placemark>
<Placemark>
<name>2140</name>
<Point>
<coordinates>16.095122,44.767010</coordinates>
</Point>
</Placemark>
<Placemark>
<name>2141</name>
<Point>
<coordinates>16.095130,44.767038</coordinates>
</Point>
</Placemark>
<Placemark>
<name>2142</name>
<Point>
<coordinates>16.094942,44.767000</coordinates>
</Point>
</Placemark>
<Placemark>
<name>2131</name>
<Point>
<coordinates>16.096017,44.767128</coordinates>
</Point>
</Placemark>
<Placemark>
<name>2132</name>
<Point>
<coordinates>16.095810,44.767090</coordinates>
</Point>
</Placemark>
<Placemark>
<name>2133</name>
<Point>
<coordinates>16.095805,44.767102</coordinates>
</Point>
</Placemark>
<Placemark>
<name>2134</name>
<Point>
<coordinates>16.095633,44.767013</coordinates>
</Point>
</Placemark>
<Placemark>
<name>2135</name>
<Point>
<coordinates>16.095510,44.766958</coordinates>
</Point>
</Placemark>
<Placemark>
<name>2136</name>
<Point>
<coordinates>16.095470,44.767018</coordinates>
</Point>
</Placemark>
<Placemark>
<name>2125</name>
<Point>
<coordinates>16.095618,44.766888</coordinates>
</Point>
</Placemark>
<Placemark>
<name>2126</name>
<Point>
<coordinates>16.095795,44.766928</coordinates>
</Point>
</Placemark>
<Placemark>
<name>2127</name>
<Point>
<coordinates>16.095960,44.766938</coordinates>
</Point>
</Placemark>
<Placemark>
<name>2128</name>
<Point>
<coordinates>16.095960,44.766938</coordinates>
</Point>
</Placemark>
<Placemark>
<name>2129</name>
<Point>
<coordinates>16.096050,44.767022</coordinates>
</Point>
</Placemark>
<Placemark>
<name>2130</name>
<Point>
<coordinates>16.096097,44.767045</coordinates>
</Point>
</Placemark>
<Placemark>
<name>2119</name>
<Point>
<coordinates>16.094577,44.767173</coordinates>
</Point>
</Placemark>
<Placemark>
<name>2120</name>
<Point>
<coordinates>16.094598,44.767280</coordinates>
</Point>
</Placemark>
<Placemark>
<name>2121</name>
<Point>
<coordinates>16.094635,44.767168</coordinates>
</Point>
</Placemark>
<Placemark>
<name>2122</name>
<Point>
<coordinates>16.094770,44.766887</coordinates>
</Point>
</Placemark>
<Placemark>
<name>2123</name>
<Point>
<coordinates>16.094972,44.766863</coordinates>
</Point>
</Placemark>
<Placemark>
<name>2124</name>
<Point>
<coordinates>16.095302,44.766847</coordinates>
</Point>
</Placemark>
<Placemark>
<name>2113</name>
<Point>
<coordinates>16.094032,44.766577</coordinates>
</Point>
</Placemark>
<Placemark>
<name>2114</name>
<Point>
<coordinates>16.094088,44.766685</coordinates>
</Point>
</Placemark>
<Placemark>
<name>2115</name>
<Point>
<coordinates>16.094155,44.766800</coordinates>
</Point>
</Placemark>
<Placemark>
<name>2116</name>
<Point>
<coordinates>16.094317,44.767165</coordinates>
</Point>
</Placemark>
<Placemark>
<name>2117</name>
<Point>
<coordinates>16.094373,44.767227</coordinates>
</Point>
</Placemark>
<Placemark>
<name>2118</name>
<Point>
<coordinates>16.094468,44.767255</coordinates>
</Point>
</Placemark>
<Placemark>
<name>2107</name>
<Point>
<coordinates>16.094283,44.765850</coordinates>
</Point>
</Placemark>
<Placemark>
<name>2108</name>
<Point>
<coordinates>16.094212,44.765980</coordinates>
</Point>
</Placemark>
<Placemark>
<name>2109</name>
<Point>
<coordinates>16.094203,44.766122</coordinates>
</Point>
</Placemark>
<Placemark>
<name>2110</name>
<Point>
<coordinates>16.094172,44.766175</coordinates>
</Point>
</Placemark>
<Placemark>
<name>2111</name>
<Point>
<coordinates>16.094063,44.766340</coordinates>
</Point>
</Placemark>
<Placemark>
<name>2112</name>
<Point>
<coordinates>16.093973,44.766423</coordinates>
</Point>
</Placemark>
<Placemark>
<name>2101</name>
<Point>
<coordinates>16.094115,44.765330</coordinates>
</Point>
</Placemark>
<Placemark>
<name>2102</name>
<Point>
<coordinates>16.094160,44.765603</coordinates>
</Point>
</Placemark>
<Placemark>
<name>2103</name>
<Point>
<coordinates>16.094203,44.765672</coordinates>
</Point>
</Placemark>
<Placemark>
<name>2104</name>
<Point>
<coordinates>16.094288,44.765692</coordinates>
</Point>
</Placemark>
<Placemark>
<name>2105</name>
<Point>
<coordinates>16.094247,44.765742</coordinates>
</Point>
</Placemark>
<Placemark>
<name>2106</name>
<Point>
<coordinates>16.094173,44.765800</coordinates>
</Point>
</Placemark>
<Placemark>
<name>2095</name>
<Point>
<coordinates>16.094572,44.765208</coordinates>
</Point>
</Placemark>
<Placemark>
<name>2096</name>
<Point>
<coordinates>16.094412,44.765102</coordinates>
</Point>
</Placemark>
<Placemark>
<name>2097</name>
<Point>
<coordinates>16.094053,44.765125</coordinates>
</Point>
</Placemark>
<Placemark>
<name>2098</name>
<Point>
<coordinates>16.093975,44.765162</coordinates>
</Point>
</Placemark>
<Placemark>
<name>2099</name>
<Point>
<coordinates>16.094050,44.765237</coordinates>
</Point>
</Placemark>
<Placemark>
<name>2100</name>
<Point>
<coordinates>16.094115,44.765330</coordinates>
</Point>
</Placemark>
<Placemark>
<name>2089</name>
<Point>
<coordinates>16.094617,44.765552</coordinates>
</Point>
</Placemark>
<Placemark>
<name>2090</name>
<Point>
<coordinates>16.094653,44.765442</coordinates>
</Point>
</Placemark>
<Placemark>
<name>2091</name>
<Point>
<coordinates>16.094653,44.765442</coordinates>
</Point>
</Placemark>
<Placemark>
<name>2092</name>
<Point>
<coordinates>16.094667,44.765418</coordinates>
</Point>
</Placemark>
<Placemark>
<name>2093</name>
<Point>
<coordinates>16.094578,44.765305</coordinates>
</Point>
</Placemark>
<Placemark>
<name>2094</name>
<Point>
<coordinates>16.094672,44.765177</coordinates>
</Point>
</Placemark>
<Placemark>
<name>2083</name>
<Point>
<coordinates>16.094820,44.766572</coordinates>
</Point>
</Placemark>
<Placemark>
<name>2084</name>
<Point>
<coordinates>16.094622,44.766307</coordinates>
</Point>
</Placemark>
<Placemark>
<name>2085</name>
<Point>
<coordinates>16.094678,44.766153</coordinates>
</Point>
</Placemark>
<Placemark>
<name>2086</name>
<Point>
<coordinates>16.094943,44.765878</coordinates>
</Point>
</Placemark>
<Placemark>
<name>2087</name>
<Point>
<coordinates>16.094828,44.765695</coordinates>
</Point>
</Placemark>
<Placemark>
<name>2088</name>
<Point>
<coordinates>16.094745,44.765598</coordinates>
</Point>
</Placemark>
<Placemark>
<name>2077</name>
<Point>
<coordinates>16.095757,44.766437</coordinates>
</Point>
</Placemark>
<Placemark>
<name>2078</name>
<Point>
<coordinates>16.095415,44.766445</coordinates>
</Point>
</Placemark>
<Placemark>
<name>2079</name>
<Point>
<coordinates>16.095073,44.766600</coordinates>
</Point>
</Placemark>
<Placemark>
<name>2080</name>
<Point>
<coordinates>16.094852,44.766572</coordinates>
</Point>
</Placemark>
<Placemark>
<name>2081</name>
<Point>
<coordinates>16.094852,44.766632</coordinates>
</Point>
</Placemark>
<Placemark>
<name>2082</name>
<Point>
<coordinates>16.094820,44.766572</coordinates>
</Point>
</Placemark>
<Placemark>
<name>2071</name>
<Point>
<coordinates>16.096673,44.766698</coordinates>
</Point>
</Placemark>
<Placemark>
<name>2072</name>
<Point>
<coordinates>16.096393,44.766720</coordinates>
</Point>
</Placemark>
<Placemark>
<name>2073</name>
<Point>
<coordinates>16.096370,44.766707</coordinates>
</Point>
</Placemark>
<Placemark>
<name>2074</name>
<Point>
<coordinates>16.096247,44.766522</coordinates>
</Point>
</Placemark>
<Placemark>
<name>2075</name>
<Point>
<coordinates>16.096142,44.766450</coordinates>
</Point>
</Placemark>
<Placemark>
<name>2076</name>
<Point>
<coordinates>16.096128,44.766452</coordinates>
</Point>
</Placemark>
<Placemark>
<name>2065</name>
<Point>
<coordinates>16.096533,44.767062</coordinates>
</Point>
</Placemark>
<Placemark>
<name>2066</name>
<Point>
<coordinates>16.096633,44.767038</coordinates>
</Point>
</Placemark>
<Placemark>
<name>2067</name>
<Point>
<coordinates>16.096353,44.766927</coordinates>
</Point>
</Placemark>
<Placemark>
<name>2068</name>
<Point>
<coordinates>16.096553,44.767010</coordinates>
</Point>
</Placemark>
<Placemark>
<name>2069</name>
<Point>
<coordinates>16.096730,44.766985</coordinates>
</Point>
</Placemark>
<Placemark>
<name>2070</name>
<Point>
<coordinates>16.096753,44.766748</coordinates>
</Point>
</Placemark>
<Placemark>
<name>2059</name>
<Point>
<coordinates>16.096572,44.767480</coordinates>
</Point>
</Placemark>
<Placemark>
<name>2060</name>
<Point>
<coordinates>16.096373,44.767458</coordinates>
</Point>
</Placemark>
<Placemark>
<name>2061</name>
<Point>
<coordinates>16.096192,44.767498</coordinates>
</Point>
</Placemark>
<Placemark>
<name>2062</name>
<Point>
<coordinates>16.096077,44.767228</coordinates>
</Point>
</Placemark>
<Placemark>
<name>2063</name>
<Point>
<coordinates>16.096440,44.767147</coordinates>
</Point>
</Placemark>
<Placemark>
<name>2064</name>
<Point>
<coordinates>16.096553,44.767060</coordinates>
</Point>
</Placemark>
<Placemark>
<name>2053</name>
<Point>
<coordinates>16.096847,44.766910</coordinates>
</Point>
</Placemark>
<Placemark>
<name>2054</name>
<Point>
<coordinates>16.096933,44.767022</coordinates>
</Point>
</Placemark>
<Placemark>
<name>2055</name>
<Point>
<coordinates>16.097047,44.767062</coordinates>
</Point>
</Placemark>
<Placemark>
<name>2056</name>
<Point>
<coordinates>16.097047,44.767062</coordinates>
</Point>
</Placemark>
<Placemark>
<name>2057</name>
<Point>
<coordinates>16.096968,44.767278</coordinates>
</Point>
</Placemark>
<Placemark>
<name>2058</name>
<Point>
<coordinates>16.096832,44.767350</coordinates>
</Point>
</Placemark>
<Placemark>
<name>2047</name>
<Point>
<coordinates>16.096247,44.766255</coordinates>
</Point>
</Placemark>
<Placemark>
<name>2048</name>
<Point>
<coordinates>16.096365,44.766287</coordinates>
</Point>
</Placemark>
<Placemark>
<name>2049</name>
<Point>
<coordinates>16.096478,44.766310</coordinates>
</Point>
</Placemark>
<Placemark>
<name>2050</name>
<Point>
<coordinates>16.096568,44.766558</coordinates>
</Point>
</Placemark>
<Placemark>
<name>2051</name>
<Point>
<coordinates>16.096715,44.766767</coordinates>
</Point>
</Placemark>
<Placemark>
<name>2052</name>
<Point>
<coordinates>16.096802,44.766850</coordinates>
</Point>
</Placemark>
<Placemark>
<name>2041</name>
<Point>
<coordinates>16.095387,44.766112</coordinates>
</Point>
</Placemark>
<Placemark>
<name>2042</name>
<Point>
<coordinates>16.095432,44.766143</coordinates>
</Point>
</Placemark>
<Placemark>
<name>2043</name>
<Point>
<coordinates>16.095488,44.766192</coordinates>
</Point>
</Placemark>
<Placemark>
<name>2044</name>
<Point>
<coordinates>16.095692,44.765982</coordinates>
</Point>
</Placemark>
<Placemark>
<name>2045</name>
<Point>
<coordinates>16.095758,44.765963</coordinates>
</Point>
</Placemark>
<Placemark>
<name>2046</name>
<Point>
<coordinates>16.095982,44.766200</coordinates>
</Point>
</Placemark>
<Placemark>
<name>2035</name>
<Point>
<coordinates>16.095317,44.765827</coordinates>
</Point>
</Placemark>
<Placemark>
<name>2036</name>
<Point>
<coordinates>16.095330,44.765957</coordinates>
</Point>
</Placemark>
<Placemark>
<name>2037</name>
<Point>
<coordinates>16.095250,44.765950</coordinates>
</Point>
</Placemark>
<Placemark>
<name>2038</name>
<Point>
<coordinates>16.095280,44.766060</coordinates>
</Point>
</Placemark>
<Placemark>
<name>2039</name>
<Point>
<coordinates>16.095280,44.766060</coordinates>
</Point>
</Placemark>
<Placemark>
<name>2040</name>
<Point>
<coordinates>16.095457,44.766140</coordinates>
</Point>
</Placemark>
<Placemark>
<name>2029</name>
<Point>
<coordinates>16.095190,44.765440</coordinates>
</Point>
</Placemark>
<Placemark>
<name>2030</name>
<Point>
<coordinates>16.095190,44.765440</coordinates>
</Point>
</Placemark>
<Placemark>
<name>2031</name>
<Point>
<coordinates>16.095355,44.765537</coordinates>
</Point>
</Placemark>
<Placemark>
<name>2032</name>
<Point>
<coordinates>16.095340,44.765612</coordinates>
</Point>
</Placemark>
<Placemark>
<name>2033</name>
<Point>
<coordinates>16.095325,44.765715</coordinates>
</Point>
</Placemark>
<Placemark>
<name>2034</name>
<Point>
<coordinates>16.095253,44.765753</coordinates>
</Point>
</Placemark>
<Placemark>
<name>2023</name>
<Point>
<coordinates>16.095140,44.764963</coordinates>
</Point>
</Placemark>
<Placemark>
<name>2024</name>
<Point>
<coordinates>16.095123,44.765017</coordinates>
</Point>
</Placemark>
<Placemark>
<name>2025</name>
<Point>
<coordinates>16.095193,44.765092</coordinates>
</Point>
</Placemark>
<Placemark>
<name>2026</name>
<Point>
<coordinates>16.095248,44.765188</coordinates>
</Point>
</Placemark>
<Placemark>
<name>2027</name>
<Point>
<coordinates>16.095228,44.765232</coordinates>
</Point>
</Placemark>
<Placemark>
<name>2028</name>
<Point>
<coordinates>16.095197,44.765357</coordinates>
</Point>
</Placemark>
<Placemark>
<name>2017</name>
<Point>
<coordinates>16.094470,44.764677</coordinates>
</Point>
</Placemark>
<Placemark>
<name>2018</name>
<Point>
<coordinates>16.094485,44.764683</coordinates>
</Point>
</Placemark>
<Placemark>
<name>2019</name>
<Point>
<coordinates>16.094630,44.764707</coordinates>
</Point>
</Placemark>
<Placemark>
<name>2020</name>
<Point>
<coordinates>16.094817,44.764730</coordinates>
</Point>
</Placemark>
<Placemark>
<name>2021</name>
<Point>
<coordinates>16.094817,44.764730</coordinates>
</Point>
</Placemark>
<Placemark>
<name>2022</name>
<Point>
<coordinates>16.094977,44.764845</coordinates>
</Point>
</Placemark>
<Placemark>
<name>2011</name>
<Point>
<coordinates>16.094242,44.764372</coordinates>
</Point>
</Placemark>
<Placemark>
<name>2012</name>
<Point>
<coordinates>16.094157,44.764353</coordinates>
</Point>
</Placemark>
<Placemark>
<name>2013</name>
<Point>
<coordinates>16.094052,44.764233</coordinates>
</Point>
</Placemark>
<Placemark>
<name>2014</name>
<Point>
<coordinates>16.094020,44.764462</coordinates>
</Point>
</Placemark>
<Placemark>
<name>2015</name>
<Point>
<coordinates>16.094170,44.764477</coordinates>
</Point>
</Placemark>
<Placemark>
<name>2016</name>
<Point>
<coordinates>16.094293,44.764557</coordinates>
</Point>
</Placemark>
<Placemark>
<name>2005</name>
<Point>
<coordinates>16.094710,44.764092</coordinates>
</Point>
</Placemark>
<Placemark>
<name>2006</name>
<Point>
<coordinates>16.094678,44.764058</coordinates>
</Point>
</Placemark>
<Placemark>
<name>2007</name>
<Point>
<coordinates>16.094582,44.764157</coordinates>
</Point>
</Placemark>
<Placemark>
<name>2008</name>
<Point>
<coordinates>16.094533,44.764260</coordinates>
</Point>
</Placemark>
<Placemark>
<name>2009</name>
<Point>
<coordinates>16.094505,44.764397</coordinates>
</Point>
</Placemark>
<Placemark>
<name>2010</name>
<Point>
<coordinates>16.094395,44.764463</coordinates>
</Point>
</Placemark>
<Placemark>
<name>1999</name>
<Point>
<coordinates>16.095455,44.764638</coordinates>
</Point>
</Placemark>
<Placemark>
<name>2000</name>
<Point>
<coordinates>16.095323,44.764470</coordinates>
</Point>
</Placemark>
<Placemark>
<name>2001</name>
<Point>
<coordinates>16.095240,44.764422</coordinates>
</Point>
</Placemark>
<Placemark>
<name>2002</name>
<Point>
<coordinates>16.095165,44.764223</coordinates>
</Point>
</Placemark>
<Placemark>
<name>2003</name>
<Point>
<coordinates>16.095230,44.764147</coordinates>
</Point>
</Placemark>
<Placemark>
<name>2004</name>
<Point>
<coordinates>16.094805,44.764093</coordinates>
</Point>
</Placemark>
<Placemark>
<name>1993</name>
<Point>
<coordinates>16.095605,44.765128</coordinates>
</Point>
</Placemark>
<Placemark>
<name>1994</name>
<Point>
<coordinates>16.095585,44.765108</coordinates>
</Point>
</Placemark>
<Placemark>
<name>1995</name>
<Point>
<coordinates>16.095513,44.764980</coordinates>
</Point>
</Placemark>
<Placemark>
<name>1996</name>
<Point>
<coordinates>16.095533,44.764905</coordinates>
</Point>
</Placemark>
<Placemark>
<name>1997</name>
<Point>
<coordinates>16.095493,44.764725</coordinates>
</Point>
</Placemark>
<Placemark>
<name>1998</name>
<Point>
<coordinates>16.095455,44.764638</coordinates>
</Point>
</Placemark>
<Placemark>
<name>1987</name>
<Point>
<coordinates>16.096218,44.765558</coordinates>
</Point>
</Placemark>
<Placemark>
<name>1988</name>
<Point>
<coordinates>16.096120,44.765463</coordinates>
</Point>
</Placemark>
<Placemark>
<name>1989</name>
<Point>
<coordinates>16.095942,44.765377</coordinates>
</Point>
</Placemark>
<Placemark>
<name>1990</name>
<Point>
<coordinates>16.095910,44.765360</coordinates>
</Point>
</Placemark>
<Placemark>
<name>1991</name>
<Point>
<coordinates>16.095688,44.765290</coordinates>
</Point>
</Placemark>
<Placemark>
<name>1992</name>
<Point>
<coordinates>16.095697,44.765278</coordinates>
</Point>
</Placemark>
<Placemark>
<name>1981</name>
<Point>
<coordinates>16.096445,44.765968</coordinates>
</Point>
</Placemark>
<Placemark>
<name>1982</name>
<Point>
<coordinates>16.096445,44.765968</coordinates>
</Point>
</Placemark>
<Placemark>
<name>1983</name>
<Point>
<coordinates>16.096347,44.765890</coordinates>
</Point>
</Placemark>
<Placemark>
<name>1984</name>
<Point>
<coordinates>16.096338,44.765878</coordinates>
</Point>
</Placemark>
<Placemark>
<name>1985</name>
<Point>
<coordinates>16.096377,44.765812</coordinates>
</Point>
</Placemark>
<Placemark>
<name>1986</name>
<Point>
<coordinates>16.096320,44.765712</coordinates>
</Point>
</Placemark>
<Placemark>
<name>1975</name>
<Point>
<coordinates>16.096913,44.766203</coordinates>
</Point>
</Placemark>
<Placemark>
<name>1976</name>
<Point>
<coordinates>16.096862,44.766088</coordinates>
</Point>
</Placemark>
<Placemark>
<name>1977</name>
<Point>
<coordinates>16.096660,44.766117</coordinates>
</Point>
</Placemark>
<Placemark>
<name>1978</name>
<Point>
<coordinates>16.096583,44.766055</coordinates>
</Point>
</Placemark>
<Placemark>
<name>1979</name>
<Point>
<coordinates>16.096537,44.765983</coordinates>
</Point>
</Placemark>
<Placemark>
<name>1980</name>
<Point>
<coordinates>16.096445,44.765968</coordinates>
</Point>
</Placemark>
<Placemark>
<name>1969</name>
<Point>
<coordinates>16.096952,44.766335</coordinates>
</Point>
</Placemark>
<Placemark>
<name>1970</name>
<Point>
<coordinates>16.096952,44.766335</coordinates>
</Point>
</Placemark>
<Placemark>
<name>1971</name>
<Point>
<coordinates>16.096897,44.766248</coordinates>
</Point>
</Placemark>
<Placemark>
<name>1972</name>
<Point>
<coordinates>16.096913,44.766203</coordinates>
</Point>
</Placemark>
<Placemark>
<name>1973</name>
<Point>
<coordinates>16.096913,44.766203</coordinates>
</Point>
</Placemark>
<Placemark>
<name>1974</name>
<Point>
<coordinates>16.096913,44.766203</coordinates>
</Point>
</Placemark>
<Placemark>
<name>1963</name>
<Point>
<coordinates>16.097243,44.766748</coordinates>
</Point>
</Placemark>
<Placemark>
<name>1964</name>
<Point>
<coordinates>16.097290,44.766635</coordinates>
</Point>
</Placemark>
<Placemark>
<name>1965</name>
<Point>
<coordinates>16.097280,44.766627</coordinates>
</Point>
</Placemark>
<Placemark>
<name>1966</name>
<Point>
<coordinates>16.097280,44.766627</coordinates>
</Point>
</Placemark>
<Placemark>
<name>1967</name>
<Point>
<coordinates>16.097017,44.766513</coordinates>
</Point>
</Placemark>
<Placemark>
<name>1968</name>
<Point>
<coordinates>16.096865,44.766438</coordinates>
</Point>
</Placemark>
<Placemark>
<name>1957</name>
<Point>
<coordinates>16.097447,44.767222</coordinates>
</Point>
</Placemark>
<Placemark>
<name>1958</name>
<Point>
<coordinates>16.097503,44.767195</coordinates>
</Point>
</Placemark>
<Placemark>
<name>1959</name>
<Point>
<coordinates>16.097663,44.767150</coordinates>
</Point>
</Placemark>
<Placemark>
<name>1960</name>
<Point>
<coordinates>16.097653,44.766905</coordinates>
</Point>
</Placemark>
<Placemark>
<name>1961</name>
<Point>
<coordinates>16.097385,44.766848</coordinates>
</Point>
</Placemark>
<Placemark>
<name>1962</name>
<Point>
<coordinates>16.097243,44.766748</coordinates>
</Point>
</Placemark>
<Placemark>
<name>1951</name>
<Point>
<coordinates>16.097388,44.767595</coordinates>
</Point>
</Placemark>
<Placemark>
<name>1952</name>
<Point>
<coordinates>16.097252,44.767625</coordinates>
</Point>
</Placemark>
<Placemark>
<name>1953</name>
<Point>
<coordinates>16.097078,44.767540</coordinates>
</Point>
</Placemark>
<Placemark>
<name>1954</name>
<Point>
<coordinates>16.097115,44.767423</coordinates>
</Point>
</Placemark>
<Placemark>
<name>1955</name>
<Point>
<coordinates>16.097220,44.767338</coordinates>
</Point>
</Placemark>
<Placemark>
<name>1956</name>
<Point>
<coordinates>16.097338,44.767250</coordinates>
</Point>
</Placemark>
<Placemark>
<name>1945</name>
<Point>
<coordinates>16.097717,44.767542</coordinates>
</Point>
</Placemark>
<Placemark>
<name>1946</name>
<Point>
<coordinates>16.097695,44.767398</coordinates>
</Point>
</Placemark>
<Placemark>
<name>1947</name>
<Point>
<coordinates>16.097398,44.767438</coordinates>
</Point>
</Placemark>
<Placemark>
<name>1948</name>
<Point>
<coordinates>16.097748,44.767708</coordinates>
</Point>
</Placemark>
<Placemark>
<name>1949</name>
<Point>
<coordinates>16.097605,44.767582</coordinates>
</Point>
</Placemark>
<Placemark>
<name>1950</name>
<Point>
<coordinates>16.097525,44.767555</coordinates>
</Point>
</Placemark>
<Placemark>
<name>1939</name>
<Point>
<coordinates>16.097460,44.766490</coordinates>
</Point>
</Placemark>
<Placemark>
<name>1940</name>
<Point>
<coordinates>16.097477,44.766563</coordinates>
</Point>
</Placemark>
<Placemark>
<name>1941</name>
<Point>
<coordinates>16.097585,44.766793</coordinates>
</Point>
</Placemark>
<Placemark>
<name>1942</name>
<Point>
<coordinates>16.097672,44.766905</coordinates>
</Point>
</Placemark>
<Placemark>
<name>1943</name>
<Point>
<coordinates>16.097783,44.766955</coordinates>
</Point>
</Placemark>
<Placemark>
<name>1944</name>
<Point>
<coordinates>16.097818,44.767032</coordinates>
</Point>
</Placemark>
<Placemark>
<name>1933</name>
<Point>
<coordinates>16.097590,44.766017</coordinates>
</Point>
</Placemark>
<Placemark>
<name>1934</name>
<Point>
<coordinates>16.097302,44.766135</coordinates>
</Point>
</Placemark>
<Placemark>
<name>1935</name>
<Point>
<coordinates>16.097300,44.766148</coordinates>
</Point>
</Placemark>
<Placemark>
<name>1936</name>
<Point>
<coordinates>16.097317,44.766227</coordinates>
</Point>
</Placemark>
<Placemark>
<name>1937</name>
<Point>
<coordinates>16.097343,44.766395</coordinates>
</Point>
</Placemark>
<Placemark>
<name>1938</name>
<Point>
<coordinates>16.097453,44.766423</coordinates>
</Point>
</Placemark>
<Placemark>
<name>1927</name>
<Point>
<coordinates>16.098002,44.766565</coordinates>
</Point>
</Placemark>
<Placemark>
<name>1928</name>
<Point>
<coordinates>16.097822,44.766402</coordinates>
</Point>
</Placemark>
<Placemark>
<name>1929</name>
<Point>
<coordinates>16.097823,44.766382</coordinates>
</Point>
</Placemark>
<Placemark>
<name>1930</name>
<Point>
<coordinates>16.097823,44.766382</coordinates>
</Point>
</Placemark>
<Placemark>
<name>1931</name>
<Point>
<coordinates>16.097762,44.766253</coordinates>
</Point>
</Placemark>
<Placemark>
<name>1932</name>
<Point>
<coordinates>16.097713,44.766188</coordinates>
</Point>
</Placemark>
<Placemark>
<name>1921</name>
<Point>
<coordinates>16.098185,44.765975</coordinates>
</Point>
</Placemark>
<Placemark>
<name>1922</name>
<Point>
<coordinates>16.098100,44.766030</coordinates>
</Point>
</Placemark>
<Placemark>
<name>1923</name>
<Point>
<coordinates>16.098178,44.766232</coordinates>
</Point>
</Placemark>
<Placemark>
<name>1924</name>
<Point>
<coordinates>16.098182,44.766338</coordinates>
</Point>
</Placemark>
<Placemark>
<name>1925</name>
<Point>
<coordinates>16.098117,44.766437</coordinates>
</Point>
</Placemark>
<Placemark>
<name>1926</name>
<Point>
<coordinates>16.098083,44.766492</coordinates>
</Point>
</Placemark>
<Placemark>
<name>2539</name>
<Point>
<coordinates>16.092170,44.761695</coordinates>
</Point>
</Placemark>
<Placemark>
<name>2540</name>
<Point>
<coordinates>16.092170,44.761695</coordinates>
</Point>
</Placemark>
<Placemark>
<name>2533</name>
<Point>
<coordinates>16.092040,44.761997</coordinates>
</Point>
</Placemark>
<Placemark>
<name>2534</name>
<Point>
<coordinates>16.092105,44.761958</coordinates>
</Point>
</Placemark>
<Placemark>
<name>2535</name>
<Point>
<coordinates>16.092167,44.761885</coordinates>
</Point>
</Placemark>
<Placemark>
<name>2536</name>
<Point>
<coordinates>16.092167,44.761885</coordinates>
</Point>
</Placemark>
<Placemark>
<name>2537</name>
<Point>
<coordinates>16.092263,44.761823</coordinates>
</Point>
</Placemark>
<Placemark>
<name>2538</name>
<Point>
<coordinates>16.092170,44.761695</coordinates>
</Point>
</Placemark>
<Placemark>
<name>2527</name>
<Point>
<coordinates>16.091322,44.762587</coordinates>
</Point>
</Placemark>
<Placemark>
<name>2528</name>
<Point>
<coordinates>16.091458,44.762547</coordinates>
</Point>
</Placemark>
<Placemark>
<name>2529</name>
<Point>
<coordinates>16.091458,44.762547</coordinates>
</Point>
</Placemark>
<Placemark>
<name>2530</name>
<Point>
<coordinates>16.091592,44.762300</coordinates>
</Point>
</Placemark>
<Placemark>
<name>2531</name>
<Point>
<coordinates>16.091722,44.762163</coordinates>
</Point>
</Placemark>
<Placemark>
<name>2532</name>
<Point>
<coordinates>16.091868,44.762018</coordinates>
</Point>
</Placemark>
<Placemark>
<name>2521</name>
<Point>
<coordinates>16.091305,44.763337</coordinates>
</Point>
</Placemark>
<Placemark>
<name>2522</name>
<Point>
<coordinates>16.091330,44.763310</coordinates>
</Point>
</Placemark>
<Placemark>
<name>2523</name>
<Point>
<coordinates>16.091463,44.763095</coordinates>
</Point>
</Placemark>
<Placemark>
<name>2524</name>
<Point>
<coordinates>16.091395,44.763020</coordinates>
</Point>
</Placemark>
<Placemark>
<name>2525</name>
<Point>
<coordinates>16.091387,44.762902</coordinates>
</Point>
</Placemark>
<Placemark>
<name>2526</name>
<Point>
<coordinates>16.091410,44.762782</coordinates>
</Point>
</Placemark>
<Placemark>
<name>2515</name>
<Point>
<coordinates>16.091208,44.763707</coordinates>
</Point>
</Placemark>
<Placemark>
<name>2516</name>
<Point>
<coordinates>16.091208,44.763707</coordinates>
</Point>
</Placemark>
<Placemark>
<name>2517</name>
<Point>
<coordinates>16.091240,44.763615</coordinates>
</Point>
</Placemark>
<Placemark>
<name>2518</name>
<Point>
<coordinates>16.091235,44.763597</coordinates>
</Point>
</Placemark>
<Placemark>
<name>2519</name>
<Point>
<coordinates>16.091132,44.763498</coordinates>
</Point>
</Placemark>
<Placemark>
<name>2520</name>
<Point>
<coordinates>16.091077,44.763422</coordinates>
</Point>
</Placemark>
<Placemark>
<name>2509</name>
<Point>
<coordinates>16.090742,44.764065</coordinates>
</Point>
</Placemark>
<Placemark>
<name>2510</name>
<Point>
<coordinates>16.090643,44.764063</coordinates>
</Point>
</Placemark>
<Placemark>
<name>2511</name>
<Point>
<coordinates>16.090643,44.764063</coordinates>
</Point>
</Placemark>
<Placemark>
<name>2512</name>
<Point>
<coordinates>16.090903,44.764013</coordinates>
</Point>
</Placemark>
<Placemark>
<name>2513</name>
<Point>
<coordinates>16.090930,44.763943</coordinates>
</Point>
</Placemark>
<Placemark>
<name>2514</name>
<Point>
<coordinates>16.091083,44.763868</coordinates>
</Point>
</Placemark>
<Placemark>
<name>2503</name>
<Point>
<coordinates>16.091110,44.764223</coordinates>
</Point>
</Placemark>
<Placemark>
<name>2504</name>
<Point>
<coordinates>16.090947,44.764127</coordinates>
</Point>
</Placemark>
<Placemark>
<name>2505</name>
<Point>
<coordinates>16.090947,44.764127</coordinates>
</Point>
</Placemark>
<Placemark>
<name>2506</name>
<Point>
<coordinates>16.090947,44.764127</coordinates>
</Point>
</Placemark>
<Placemark>
<name>2507</name>
<Point>
<coordinates>16.090762,44.764133</coordinates>
</Point>
</Placemark>
<Placemark>
<name>2508</name>
<Point>
<coordinates>16.090762,44.764133</coordinates>
</Point>
</Placemark>
<Placemark>
<name>2497</name>
<Point>
<coordinates>16.090693,44.764660</coordinates>
</Point>
</Placemark>
<Placemark>
<name>2498</name>
<Point>
<coordinates>16.090705,44.764588</coordinates>
</Point>
</Placemark>
<Placemark>
<name>2499</name>
<Point>
<coordinates>16.090752,44.764467</coordinates>
</Point>
</Placemark>
<Placemark>
<name>2500</name>
<Point>
<coordinates>16.090707,44.764398</coordinates>
</Point>
</Placemark>
<Placemark>
<name>2501</name>
<Point>
<coordinates>16.090962,44.764425</coordinates>
</Point>
</Placemark>
<Placemark>
<name>2502</name>
<Point>
<coordinates>16.091110,44.764223</coordinates>
</Point>
</Placemark>
<Placemark>
<name>2491</name>
<Point>
<coordinates>16.090360,44.764927</coordinates>
</Point>
</Placemark>
<Placemark>
<name>2492</name>
<Point>
<coordinates>16.090345,44.764857</coordinates>
</Point>
</Placemark>
<Placemark>
<name>2493</name>
<Point>
<coordinates>16.090465,44.764778</coordinates>
</Point>
</Placemark>
<Placemark>
<name>2494</name>
<Point>
<coordinates>16.090465,44.764778</coordinates>
</Point>
</Placemark>
<Placemark>
<name>2495</name>
<Point>
<coordinates>16.090465,44.764778</coordinates>
</Point>
</Placemark>
<Placemark>
<name>2496</name>
<Point>
<coordinates>16.090615,44.764743</coordinates>
</Point>
</Placemark>
<Placemark>
<name>2485</name>
<Point>
<coordinates>16.090557,44.765265</coordinates>
</Point>
</Placemark>
<Placemark>
<name>2486</name>
<Point>
<coordinates>16.090557,44.765265</coordinates>
</Point>
</Placemark>
<Placemark>
<name>2487</name>
<Point>
<coordinates>16.090525,44.765095</coordinates>
</Point>
</Placemark>
<Placemark>
<name>2488</name>
<Point>
<coordinates>16.090505,44.765018</coordinates>
</Point>
</Placemark>
<Placemark>
<name>2489</name>
<Point>
<coordinates>16.090508,44.764990</coordinates>
</Point>
</Placemark>
<Placemark>
<name>2490</name>
<Point>
<coordinates>16.090413,44.764950</coordinates>
</Point>
</Placemark>
<Placemark>
<name>2479</name>
<Point>
<coordinates>16.089897,44.765602</coordinates>
</Point>
</Placemark>
<Placemark>
<name>2480</name>
<Point>
<coordinates>16.089927,44.765513</coordinates>
</Point>
</Placemark>
<Placemark>
<name>2481</name>
<Point>
<coordinates>16.090195,44.765475</coordinates>
</Point>
</Placemark>
<Placemark>
<name>2482</name>
<Point>
<coordinates>16.090272,44.765432</coordinates>
</Point>
</Placemark>
<Placemark>
<name>2483</name>
<Point>
<coordinates>16.090397,44.765363</coordinates>
</Point>
</Placemark>
<Placemark>
<name>2484</name>
<Point>
<coordinates>16.090410,44.765320</coordinates>
</Point>
</Placemark>
<Placemark>
<name>2473</name>
<Point>
<coordinates>16.089160,44.766140</coordinates>
</Point>
</Placemark>
<Placemark>
<name>2474</name>
<Point>
<coordinates>16.089238,44.766055</coordinates>
</Point>
</Placemark>
<Placemark>
<name>2475</name>
<Point>
<coordinates>16.089388,44.766007</coordinates>
</Point>
</Placemark>
<Placemark>
<name>2476</name>
<Point>
<coordinates>16.089380,44.765987</coordinates>
</Point>
</Placemark>
<Placemark>
<name>2477</name>
<Point>
<coordinates>16.089352,44.765783</coordinates>
</Point>
</Placemark>
<Placemark>
<name>2478</name>
<Point>
<coordinates>16.089748,44.765667</coordinates>
</Point>
</Placemark>
<Placemark>
<name>2467</name>
<Point>
<coordinates>16.088453,44.766048</coordinates>
</Point>
</Placemark>
<Placemark>
<name>2468</name>
<Point>
<coordinates>16.088718,44.766068</coordinates>
</Point>
</Placemark>
<Placemark>
<name>2469</name>
<Point>
<coordinates>16.088920,44.766207</coordinates>
</Point>
</Placemark>
<Placemark>
<name>2470</name>
<Point>
<coordinates>16.088997,44.766205</coordinates>
</Point>
</Placemark>
<Placemark>
<name>2471</name>
<Point>
<coordinates>16.089065,44.766218</coordinates>
</Point>
</Placemark>
<Placemark>
<name>2472</name>
<Point>
<coordinates>16.089253,44.766188</coordinates>
</Point>
</Placemark>
<Placemark>
<name>2461</name>
<Point>
<coordinates>16.087768,44.766162</coordinates>
</Point>
</Placemark>
<Placemark>
<name>2462</name>
<Point>
<coordinates>16.087613,44.766160</coordinates>
</Point>
</Placemark>
<Placemark>
<name>2463</name>
<Point>
<coordinates>16.087317,44.766175</coordinates>
</Point>
</Placemark>
<Placemark>
<name>2464</name>
<Point>
<coordinates>16.087785,44.766447</coordinates>
</Point>
</Placemark>
<Placemark>
<name>2465</name>
<Point>
<coordinates>16.088025,44.766260</coordinates>
</Point>
</Placemark>
<Placemark>
<name>2466</name>
<Point>
<coordinates>16.088237,44.766107</coordinates>
</Point>
</Placemark>
<Placemark>
<name>2455</name>
<Point>
<coordinates>16.088540,44.765670</coordinates>
</Point>
</Placemark>
<Placemark>
<name>2456</name>
<Point>
<coordinates>16.088233,44.765785</coordinates>
</Point>
</Placemark>
<Placemark>
<name>2457</name>
<Point>
<coordinates>16.088057,44.765740</coordinates>
</Point>
</Placemark>
<Placemark>
<name>2458</name>
<Point>
<coordinates>16.087937,44.765970</coordinates>
</Point>
</Placemark>
<Placemark>
<name>2459</name>
<Point>
<coordinates>16.087937,44.765970</coordinates>
</Point>
</Placemark>
<Placemark>
<name>2460</name>
<Point>
<coordinates>16.087767,44.766020</coordinates>
</Point>
</Placemark>
<Placemark>
<name>2449</name>
<Point>
<coordinates>16.088848,44.765587</coordinates>
</Point>
</Placemark>
<Placemark>
<name>2450</name>
<Point>
<coordinates>16.088848,44.765587</coordinates>
</Point>
</Placemark>
<Placemark>
<name>2451</name>
<Point>
<coordinates>16.088848,44.765587</coordinates>
</Point>
</Placemark>
<Placemark>
<name>2452</name>
<Point>
<coordinates>16.088540,44.765670</coordinates>
</Point>
</Placemark>
<Placemark>
<name>2453</name>
<Point>
<coordinates>16.088540,44.765670</coordinates>
</Point>
</Placemark>
<Placemark>
<name>2454</name>
<Point>
<coordinates>16.088540,44.765670</coordinates>
</Point>
</Placemark>
<Placemark>
<name>2443</name>
<Point>
<coordinates>16.089117,44.765328</coordinates>
</Point>
</Placemark>
<Placemark>
<name>2444</name>
<Point>
<coordinates>16.089042,44.765503</coordinates>
</Point>
</Placemark>
<Placemark>
<name>2445</name>
<Point>
<coordinates>16.088992,44.765587</coordinates>
</Point>
</Placemark>
<Placemark>
<name>2446</name>
<Point>
<coordinates>16.089018,44.765617</coordinates>
</Point>
</Placemark>
<Placemark>
<name>2447</name>
<Point>
<coordinates>16.089018,44.765617</coordinates>
</Point>
</Placemark>
<Placemark>
<name>2448</name>
<Point>
<coordinates>16.088917,44.765645</coordinates>
</Point>
</Placemark>
<Placemark>
<name>2437</name>
<Point>
<coordinates>16.089422,44.765257</coordinates>
</Point>
</Placemark>
<Placemark>
<name>2438</name>
<Point>
<coordinates>16.089422,44.765257</coordinates>
</Point>
</Placemark>
<Placemark>
<name>2439</name>
<Point>
<coordinates>16.089377,44.765292</coordinates>
</Point>
</Placemark>
<Placemark>
<name>2440</name>
<Point>
<coordinates>16.089435,44.765412</coordinates>
</Point>
</Placemark>
<Placemark>
<name>2441</name>
<Point>
<coordinates>16.089272,44.765427</coordinates>
</Point>
</Placemark>
<Placemark>
<name>2442</name>
<Point>
<coordinates>16.089272,44.765427</coordinates>
</Point>
</Placemark>
<Placemark>
<name>2431</name>
<Point>
<coordinates>16.089653,44.764778</coordinates>
</Point>
</Placemark>
<Placemark>
<name>2432</name>
<Point>
<coordinates>16.089522,44.764812</coordinates>
</Point>
</Placemark>
<Placemark>
<name>2433</name>
<Point>
<coordinates>16.089522,44.764812</coordinates>
</Point>
</Placemark>
<Placemark>
<name>2434</name>
<Point>
<coordinates>16.089458,44.764912</coordinates>
</Point>
</Placemark>
<Placemark>
<name>2435</name>
<Point>
<coordinates>16.089362,44.764975</coordinates>
</Point>
</Placemark>
<Placemark>
<name>2436</name>
<Point>
<coordinates>16.089453,44.765107</coordinates>
</Point>
</Placemark>
<Placemark>
<name>2425</name>
<Point>
<coordinates>16.089890,44.764800</coordinates>
</Point>
</Placemark>
<Placemark>
<name>2426</name>
<Point>
<coordinates>16.089885,44.764815</coordinates>
</Point>
</Placemark>
<Placemark>
<name>2427</name>
<Point>
<coordinates>16.089733,44.764880</coordinates>
</Point>
</Placemark>
<Placemark>
<name>2428</name>
<Point>
<coordinates>16.089608,44.764852</coordinates>
</Point>
</Placemark>
<Placemark>
<name>2429</name>
<Point>
<coordinates>16.089608,44.764852</coordinates>
</Point>
</Placemark>
<Placemark>
<name>2430</name>
<Point>
<coordinates>16.089608,44.764852</coordinates>
</Point>
</Placemark>
<Placemark>
<name>2419</name>
<Point>
<coordinates>16.090020,44.764300</coordinates>
</Point>
</Placemark>
<Placemark>
<name>2420</name>
<Point>
<coordinates>16.089900,44.764402</coordinates>
</Point>
</Placemark>
<Placemark>
<name>2421</name>
<Point>
<coordinates>16.089920,44.764535</coordinates>
</Point>
</Placemark>
<Placemark>
<name>2422</name>
<Point>
<coordinates>16.089920,44.764535</coordinates>
</Point>
</Placemark>
<Placemark>
<name>2423</name>
<Point>
<coordinates>16.089943,44.764720</coordinates>
</Point>
</Placemark>
<Placemark>
<name>2424</name>
<Point>
<coordinates>16.089943,44.764737</coordinates>
</Point>
</Placemark>
<Placemark>
<name>2413</name>
<Point>
<coordinates>16.090355,44.764207</coordinates>
</Point>
</Placemark>
<Placemark>
<name>2414</name>
<Point>
<coordinates>16.090332,44.764222</coordinates>
</Point>
</Placemark>
<Placemark>
<name>2415</name>
<Point>
<coordinates>16.090325,44.764247</coordinates>
</Point>
</Placemark>
<Placemark>
<name>2416</name>
<Point>
<coordinates>16.090203,44.764193</coordinates>
</Point>
</Placemark>
<Placemark>
<name>2417</name>
<Point>
<coordinates>16.090170,44.764225</coordinates>
</Point>
</Placemark>
<Placemark>
<name>2418</name>
<Point>
<coordinates>16.090087,44.764305</coordinates>
</Point>
</Placemark>
<Placemark>
<name>2407</name>
<Point>
<coordinates>16.090387,44.763843</coordinates>
</Point>
</Placemark>
<Placemark>
<name>2408</name>
<Point>
<coordinates>16.090332,44.763993</coordinates>
</Point>
</Placemark>
<Placemark>
<name>2409</name>
<Point>
<coordinates>16.090377,44.764060</coordinates>
</Point>
</Placemark>
<Placemark>
<name>2410</name>
<Point>
<coordinates>16.090377,44.764060</coordinates>
</Point>
</Placemark>
<Placemark>
<name>2411</name>
<Point>
<coordinates>16.090397,44.764150</coordinates>
</Point>
</Placemark>
<Placemark>
<name>2412</name>
<Point>
<coordinates>16.090398,44.764177</coordinates>
</Point>
</Placemark>
<Placemark>
<name>2401</name>
<Point>
<coordinates>16.090318,44.763808</coordinates>
</Point>
</Placemark>
<Placemark>
<name>2402</name>
<Point>
<coordinates>16.090355,44.763855</coordinates>
</Point>
</Placemark>
<Placemark>
<name>2403</name>
<Point>
<coordinates>16.090452,44.763832</coordinates>
</Point>
</Placemark>
<Placemark>
<name>2404</name>
<Point>
<coordinates>16.090452,44.763832</coordinates>
</Point>
</Placemark>
<Placemark>
<name>2405</name>
<Point>
<coordinates>16.090445,44.763927</coordinates>
</Point>
</Placemark>
<Placemark>
<name>2406</name>
<Point>
<coordinates>16.090387,44.763843</coordinates>
</Point>
</Placemark>
<Placemark>
<name>2395</name>
<Point>
<coordinates>16.089973,44.763490</coordinates>
</Point>
</Placemark>
<Placemark>
<name>2396</name>
<Point>
<coordinates>16.089973,44.763490</coordinates>
</Point>
</Placemark>
<Placemark>
<name>2397</name>
<Point>
<coordinates>16.090110,44.763587</coordinates>
</Point>
</Placemark>
<Placemark>
<name>2398</name>
<Point>
<coordinates>16.090172,44.763587</coordinates>
</Point>
</Placemark>
<Placemark>
<name>2399</name>
<Point>
<coordinates>16.090282,44.763748</coordinates>
</Point>
</Placemark>
<Placemark>
<name>2400</name>
<Point>
<coordinates>16.090318,44.763808</coordinates>
</Point>
</Placemark>
<Placemark>
<name>2389</name>
<Point>
<coordinates>16.090157,44.763225</coordinates>
</Point>
</Placemark>
<Placemark>
<name>2390</name>
<Point>
<coordinates>16.090118,44.763258</coordinates>
</Point>
</Placemark>
<Placemark>
<name>2391</name>
<Point>
<coordinates>16.089980,44.763265</coordinates>
</Point>
</Placemark>
<Placemark>
<name>2392</name>
<Point>
<coordinates>16.089957,44.763355</coordinates>
</Point>
</Placemark>
<Placemark>
<name>2393</name>
<Point>
<coordinates>16.089957,44.763450</coordinates>
</Point>
</Placemark>
<Placemark>
<name>2394</name>
<Point>
<coordinates>16.089957,44.763450</coordinates>
</Point>
</Placemark>
<Placemark>
<name>2383</name>
<Point>
<coordinates>16.090385,44.763138</coordinates>
</Point>
</Placemark>
<Placemark>
<name>2384</name>
<Point>
<coordinates>16.090385,44.763138</coordinates>
</Point>
</Placemark>
<Placemark>
<name>2385</name>
<Point>
<coordinates>16.090437,44.763237</coordinates>
</Point>
</Placemark>
<Placemark>
<name>2386</name>
<Point>
<coordinates>16.090437,44.763237</coordinates>
</Point>
</Placemark>
<Placemark>
<name>2387</name>
<Point>
<coordinates>16.090437,44.763237</coordinates>
</Point>
</Placemark>
<Placemark>
<name>2388</name>
<Point>
<coordinates>16.090288,44.763277</coordinates>
</Point>
</Placemark>
<Placemark>
<name>2377</name>
<Point>
<coordinates>16.090458,44.763023</coordinates>
</Point>
</Placemark>
<Placemark>
<name>2378</name>
<Point>
<coordinates>16.090458,44.763023</coordinates>
</Point>
</Placemark>
<Placemark>
<name>2379</name>
<Point>
<coordinates>16.090433,44.763075</coordinates>
</Point>
</Placemark>
<Placemark>
<name>2380</name>
<Point>
<coordinates>16.090347,44.763088</coordinates>
</Point>
</Placemark>
<Placemark>
<name>2381</name>
<Point>
<coordinates>16.090358,44.763130</coordinates>
</Point>
</Placemark>
<Placemark>
<name>2382</name>
<Point>
<coordinates>16.090385,44.763138</coordinates>
</Point>
</Placemark>
<Placemark>
<name>2371</name>
<Point>
<coordinates>16.090830,44.762775</coordinates>
</Point>
</Placemark>
<Placemark>
<name>2372</name>
<Point>
<coordinates>16.090830,44.762775</coordinates>
</Point>
</Placemark>
<Placemark>
<name>2373</name>
<Point>
<coordinates>16.090692,44.762800</coordinates>
</Point>
</Placemark>
<Placemark>
<name>2374</name>
<Point>
<coordinates>16.090638,44.762902</coordinates>
</Point>
</Placemark>
<Placemark>
<name>2375</name>
<Point>
<coordinates>16.090638,44.762902</coordinates>
</Point>
</Placemark>
<Placemark>
<name>2376</name>
<Point>
<coordinates>16.090458,44.763023</coordinates>
</Point>
</Placemark>
<Placemark>
<name>1675</name>
<Point>
<coordinates>16.091162,44.762433</coordinates>
</Point>
</Placemark>
<Placemark>
<name>1676</name>
<Point>
<coordinates>16.091122,44.762512</coordinates>
</Point>
</Placemark>
<Placemark>
<name>1677</name>
<Point>
<coordinates>16.091122,44.762512</coordinates>
</Point>
</Placemark>
<Placemark>
<name>1678</name>
<Point>
<coordinates>16.091023,44.762540</coordinates>
</Point>
</Placemark>
<Placemark>
<name>1679</name>
<Point>
<coordinates>16.090933,44.762660</coordinates>
</Point>
</Placemark>
<Placemark>
<name>1680</name>
<Point>
<coordinates>16.090933,44.762660</coordinates>
</Point>
</Placemark>
<Placemark>
<name>1669</name>
<Point>
<coordinates>16.091563,44.761858</coordinates>
</Point>
</Placemark>
<Placemark>
<name>1670</name>
<Point>
<coordinates>16.091457,44.762033</coordinates>
</Point>
</Placemark>
<Placemark>
<name>1671</name>
<Point>
<coordinates>16.091457,44.762033</coordinates>
</Point>
</Placemark>
<Placemark>
<name>1672</name>
<Point>
<coordinates>16.091328,44.762145</coordinates>
</Point>
</Placemark>
<Placemark>
<name>1673</name>
<Point>
<coordinates>16.091303,44.762120</coordinates>
</Point>
</Placemark>
<Placemark>
<name>1674</name>
<Point>
<coordinates>16.091205,44.762312</coordinates>
</Point>
</Placemark>
<Placemark>
<name>1667</name>
<Point>
<coordinates>16.091682,44.761667</coordinates>
</Point>
</Placemark>
<Placemark>
<name>1668</name>
<Point>
<coordinates>16.091638,44.761680</coordinates>
</Point>
</Placemark>
<Placemark>
<name>2336</name>
<Point>
<coordinates>16.092622,44.761933</coordinates>
</Point>
</Placemark>
<Placemark>
<name>2337</name>
<Point>
<coordinates>16.092625,44.761822</coordinates>
</Point>
</Placemark>
<Placemark>
<name>2338</name>
<Point>
<coordinates>16.092448,44.761667</coordinates>
</Point>
</Placemark>
<Placemark>
<name>2339</name>
<Point>
<coordinates>16.092422,44.761645</coordinates>
</Point>
</Placemark>
<Placemark>
<name>2340</name>
<Point>
<coordinates>16.092410,44.761575</coordinates>
</Point>
</Placemark>
<Placemark>
<name>2330</name>
<Point>
<coordinates>16.092355,44.762538</coordinates>
</Point>
</Placemark>
<Placemark>
<name>2331</name>
<Point>
<coordinates>16.092292,44.762480</coordinates>
</Point>
</Placemark>
<Placemark>
<name>2332</name>
<Point>
<coordinates>16.092380,44.762373</coordinates>
</Point>
</Placemark>
<Placemark>
<name>2333</name>
<Point>
<coordinates>16.092373,44.762217</coordinates>
</Point>
</Placemark>
<Placemark>
<name>2334</name>
<Point>
<coordinates>16.092540,44.762098</coordinates>
</Point>
</Placemark>
<Placemark>
<name>2335</name>
<Point>
<coordinates>16.092642,44.761977</coordinates>
</Point>
</Placemark>
<Placemark>
<name>2324</name>
<Point>
<coordinates>16.092100,44.762758</coordinates>
</Point>
</Placemark>
<Placemark>
<name>2325</name>
<Point>
<coordinates>16.092235,44.762778</coordinates>
</Point>
</Placemark>
<Placemark>
<name>2326</name>
<Point>
<coordinates>16.092275,44.762775</coordinates>
</Point>
</Placemark>
<Placemark>
<name>2327</name>
<Point>
<coordinates>16.092372,44.762682</coordinates>
</Point>
</Placemark>
<Placemark>
<name>2328</name>
<Point>
<coordinates>16.092435,44.762690</coordinates>
</Point>
</Placemark>
<Placemark>
<name>2329</name>
<Point>
<coordinates>16.092400,44.762658</coordinates>
</Point>
</Placemark>
<Placemark>
<name>2318</name>
<Point>
<coordinates>16.092040,44.762968</coordinates>
</Point>
</Placemark>
<Placemark>
<name>2319</name>
<Point>
<coordinates>16.092040,44.762968</coordinates>
</Point>
</Placemark>
<Placemark>
<name>2320</name>
<Point>
<coordinates>16.092077,44.762867</coordinates>
</Point>
</Placemark>
<Placemark>
<name>2321</name>
<Point>
<coordinates>16.092003,44.762785</coordinates>
</Point>
</Placemark>
<Placemark>
<name>2322</name>
<Point>
<coordinates>16.092020,44.762758</coordinates>
</Point>
</Placemark>
<Placemark>
<name>2323</name>
<Point>
<coordinates>16.092020,44.762758</coordinates>
</Point>
</Placemark>
<Placemark>
<name>2312</name>
<Point>
<coordinates>16.091398,44.763417</coordinates>
</Point>
</Placemark>
<Placemark>
<name>2313</name>
<Point>
<coordinates>16.091778,44.763247</coordinates>
</Point>
</Placemark>
<Placemark>
<name>2314</name>
<Point>
<coordinates>16.091890,44.763190</coordinates>
</Point>
</Placemark>
<Placemark>
<name>2315</name>
<Point>
<coordinates>16.091897,44.763112</coordinates>
</Point>
</Placemark>
<Placemark>
<name>2316</name>
<Point>
<coordinates>16.091897,44.763112</coordinates>
</Point>
</Placemark>
<Placemark>
<name>2317</name>
<Point>
<coordinates>16.091952,44.763045</coordinates>
</Point>
</Placemark>
<Placemark>
<name>2306</name>
<Point>
<coordinates>16.091552,44.763777</coordinates>
</Point>
</Placemark>
<Placemark>
<name>2307</name>
<Point>
<coordinates>16.091552,44.763777</coordinates>
</Point>
</Placemark>
<Placemark>
<name>2308</name>
<Point>
<coordinates>16.091582,44.763642</coordinates>
</Point>
</Placemark>
<Placemark>
<name>2309</name>
<Point>
<coordinates>16.091557,44.763568</coordinates>
</Point>
</Placemark>
<Placemark>
<name>2310</name>
<Point>
<coordinates>16.091378,44.763547</coordinates>
</Point>
</Placemark>
<Placemark>
<name>2311</name>
<Point>
<coordinates>16.091433,44.763450</coordinates>
</Point>
</Placemark>
<Placemark>
<name>2300</name>
<Point>
<coordinates>16.091325,44.764045</coordinates>
</Point>
</Placemark>
<Placemark>
<name>2301</name>
<Point>
<coordinates>16.091325,44.764045</coordinates>
</Point>
</Placemark>
<Placemark>
<name>2302</name>
<Point>
<coordinates>16.091393,44.763997</coordinates>
</Point>
</Placemark>
<Placemark>
<name>2303</name>
<Point>
<coordinates>16.091560,44.763897</coordinates>
</Point>
</Placemark>
<Placemark>
<name>2304</name>
<Point>
<coordinates>16.091575,44.763880</coordinates>
</Point>
</Placemark>
<Placemark>
<name>2305</name>
<Point>
<coordinates>16.091575,44.763880</coordinates>
</Point>
</Placemark>
<Placemark>
<name>2294</name>
<Point>
<coordinates>16.091223,44.764577</coordinates>
</Point>
</Placemark>
<Placemark>
<name>2295</name>
<Point>
<coordinates>16.091245,44.764528</coordinates>
</Point>
</Placemark>
<Placemark>
<name>2296</name>
<Point>
<coordinates>16.091287,44.764205</coordinates>
</Point>
</Placemark>
<Placemark>
<name>2297</name>
<Point>
<coordinates>16.091347,44.764157</coordinates>
</Point>
</Placemark>
<Placemark>
<name>2298</name>
<Point>
<coordinates>16.091332,44.764137</coordinates>
</Point>
</Placemark>
<Placemark>
<name>2299</name>
<Point>
<coordinates>16.091325,44.764032</coordinates>
</Point>
</Placemark>
<Placemark>
<name>2288</name>
<Point>
<coordinates>16.091108,44.765145</coordinates>
</Point>
</Placemark>
<Placemark>
<name>2289</name>
<Point>
<coordinates>16.091108,44.765145</coordinates>
</Point>
</Placemark>
<Placemark>
<name>2290</name>
<Point>
<coordinates>16.091200,44.764937</coordinates>
</Point>
</Placemark>
<Placemark>
<name>2291</name>
<Point>
<coordinates>16.091135,44.764798</coordinates>
</Point>
</Placemark>
<Placemark>
<name>2292</name>
<Point>
<coordinates>16.091102,44.764622</coordinates>
</Point>
</Placemark>
<Placemark>
<name>2293</name>
<Point>
<coordinates>16.091102,44.764602</coordinates>
</Point>
</Placemark>
<Placemark>
<name>2282</name>
<Point>
<coordinates>16.090858,44.765437</coordinates>
</Point>
</Placemark>
<Placemark>
<name>2283</name>
<Point>
<coordinates>16.090900,44.765327</coordinates>
</Point>
</Placemark>
<Placemark>
<name>2284</name>
<Point>
<coordinates>16.090992,44.765295</coordinates>
</Point>
</Placemark>
<Placemark>
<name>2285</name>
<Point>
<coordinates>16.091045,44.765252</coordinates>
</Point>
</Placemark>
<Placemark>
<name>2286</name>
<Point>
<coordinates>16.091108,44.765145</coordinates>
</Point>
</Placemark>
<Placemark>
<name>2287</name>
<Point>
<coordinates>16.091108,44.765145</coordinates>
</Point>
</Placemark>
<Placemark>
<name>2276</name>
<Point>
<coordinates>16.090568,44.765640</coordinates>
</Point>
</Placemark>
<Placemark>
<name>2277</name>
<Point>
<coordinates>16.090568,44.765640</coordinates>
</Point>
</Placemark>
<Placemark>
<name>2278</name>
<Point>
<coordinates>16.090588,44.765537</coordinates>
</Point>
</Placemark>
<Placemark>
<name>2279</name>
<Point>
<coordinates>16.090588,44.765537</coordinates>
</Point>
</Placemark>
<Placemark>
<name>2280</name>
<Point>
<coordinates>16.090782,44.765513</coordinates>
</Point>
</Placemark>
<Placemark>
<name>2281</name>
<Point>
<coordinates>16.090858,44.765437</coordinates>
</Point>
</Placemark>
<Placemark>
<name>2270</name>
<Point>
<coordinates>16.090340,44.765732</coordinates>
</Point>
</Placemark>
<Placemark>
<name>2271</name>
<Point>
<coordinates>16.090340,44.765732</coordinates>
</Point>
</Placemark>
<Placemark>
<name>2272</name>
<Point>
<coordinates>16.090340,44.765732</coordinates>
</Point>
</Placemark>
<Placemark>
<name>2273</name>
<Point>
<coordinates>16.090472,44.765728</coordinates>
</Point>
</Placemark>
<Placemark>
<name>2274</name>
<Point>
<coordinates>16.090472,44.765728</coordinates>
</Point>
</Placemark>
<Placemark>
<name>2275</name>
<Point>
<coordinates>16.090568,44.765640</coordinates>
</Point>
</Placemark>
<Placemark>
<name>2264</name>
<Point>
<coordinates>16.090005,44.765893</coordinates>
</Point>
</Placemark>
<Placemark>
<name>2265</name>
<Point>
<coordinates>16.090005,44.765893</coordinates>
</Point>
</Placemark>
<Placemark>
<name>2266</name>
<Point>
<coordinates>16.090143,44.765903</coordinates>
</Point>
</Placemark>
<Placemark>
<name>2267</name>
<Point>
<coordinates>16.090143,44.765903</coordinates>
</Point>
</Placemark>
<Placemark>
<name>2268</name>
<Point>
<coordinates>16.090240,44.765817</coordinates>
</Point>
</Placemark>
<Placemark>
<name>2269</name>
<Point>
<coordinates>16.090340,44.765732</coordinates>
</Point>
</Placemark>
<Placemark>
<name>2258</name>
<Point>
<coordinates>16.089602,44.766270</coordinates>
</Point>
</Placemark>
<Placemark>
<name>2259</name>
<Point>
<coordinates>16.089608,44.766180</coordinates>
</Point>
</Placemark>
<Placemark>
<name>2260</name>
<Point>
<coordinates>16.089727,44.766133</coordinates>
</Point>
</Placemark>
<Placemark>
<name>2261</name>
<Point>
<coordinates>16.089790,44.766137</coordinates>
</Point>
</Placemark>
<Placemark>
<name>2262</name>
<Point>
<coordinates>16.089907,44.766083</coordinates>
</Point>
</Placemark>
<Placemark>
<name>2263</name>
<Point>
<coordinates>16.089907,44.766083</coordinates>
</Point>
</Placemark>
<Placemark>
<name>2252</name>
<Point>
<coordinates>16.088980,44.766472</coordinates>
</Point>
</Placemark>
<Placemark>
<name>2253</name>
<Point>
<coordinates>16.089077,44.766530</coordinates>
</Point>
</Placemark>
<Placemark>
<name>2254</name>
<Point>
<coordinates>16.089193,44.766502</coordinates>
</Point>
</Placemark>
<Placemark>
<name>2255</name>
<Point>
<coordinates>16.089310,44.766492</coordinates>
</Point>
</Placemark>
<Placemark>
<name>2256</name>
<Point>
<coordinates>16.089310,44.766492</coordinates>
</Point>
</Placemark>
<Placemark>
<name>2257</name>
<Point>
<coordinates>16.089493,44.766357</coordinates>
</Point>
</Placemark>
<Placemark>
<name>2246</name>
<Point>
<coordinates>16.088635,44.766442</coordinates>
</Point>
</Placemark>
<Placemark>
<name>2247</name>
<Point>
<coordinates>16.088655,44.766268</coordinates>
</Point>
</Placemark>
<Placemark>
<name>2248</name>
<Point>
<coordinates>16.088655,44.766268</coordinates>
</Point>
</Placemark>
<Placemark>
<name>2249</name>
<Point>
<coordinates>16.088655,44.766268</coordinates>
</Point>
</Placemark>
<Placemark>
<name>2250</name>
<Point>
<coordinates>16.088785,44.766343</coordinates>
</Point>
</Placemark>
<Placemark>
<name>2251</name>
<Point>
<coordinates>16.088855,44.766415</coordinates>
</Point>
</Placemark>
<Placemark>
<name>2240</name>
<Point>
<coordinates>16.087923,44.766428</coordinates>
</Point>
</Placemark>
<Placemark>
<name>2241</name>
<Point>
<coordinates>16.087900,44.766473</coordinates>
</Point>
</Placemark>
<Placemark>
<name>2242</name>
<Point>
<coordinates>16.088175,44.766538</coordinates>
</Point>
</Placemark>
<Placemark>
<name>2243</name>
<Point>
<coordinates>16.088188,44.766547</coordinates>
</Point>
</Placemark>
<Placemark>
<name>2244</name>
<Point>
<coordinates>16.088315,44.766638</coordinates>
</Point>
</Placemark>
<Placemark>
<name>2245</name>
<Point>
<coordinates>16.088548,44.766527</coordinates>
</Point>
</Placemark>
<Placemark>
<name>2234</name>
<Point>
<coordinates>16.089242,44.764612</coordinates>
</Point>
</Placemark>
<Placemark>
<name>2235</name>
<Point>
<coordinates>16.089242,44.764612</coordinates>
</Point>
</Placemark>
<Placemark>
<name>2236</name>
<Point>
<coordinates>16.089242,44.764612</coordinates>
</Point>
</Placemark>
<Placemark>
<name>2237</name>
<Point>
<coordinates>16.089242,44.764612</coordinates>
</Point>
</Placemark>
<Placemark>
<name>2238</name>
<Point>
<coordinates>16.087008,44.766013</coordinates>
</Point>
</Placemark>
<Placemark>
<name>2239</name>
<Point>
<coordinates>16.087008,44.766013</coordinates>
</Point>
</Placemark>
<Placemark>
<name>2228</name>
<Point>
<coordinates>16.089242,44.764612</coordinates>
</Point>
</Placemark>
<Placemark>
<name>2229</name>
<Point>
<coordinates>16.089242,44.764612</coordinates>
</Point>
</Placemark>
<Placemark>
<name>2230</name>
<Point>
<coordinates>16.089242,44.764612</coordinates>
</Point>
</Placemark>
<Placemark>
<name>2231</name>
<Point>
<coordinates>16.089242,44.764612</coordinates>
</Point>
</Placemark>
<Placemark>
<name>2232</name>
<Point>
<coordinates>16.089242,44.764612</coordinates>
</Point>
</Placemark>
<Placemark>
<name>2233</name>
<Point>
<coordinates>16.089242,44.764612</coordinates>
</Point>
</Placemark>
<Placemark>
<name>2222</name>
<Point>
<coordinates>16.089242,44.764612</coordinates>
</Point>
</Placemark>
<Placemark>
<name>2223</name>
<Point>
<coordinates>16.089242,44.764612</coordinates>
</Point>
</Placemark>
<Placemark>
<name>2224</name>
<Point>
<coordinates>16.089242,44.764612</coordinates>
</Point>
</Placemark>
<Placemark>
<name>2225</name>
<Point>
<coordinates>16.089242,44.764612</coordinates>
</Point>
</Placemark>
<Placemark>
<name>2226</name>
<Point>
<coordinates>16.089242,44.764612</coordinates>
</Point>
</Placemark>
<Placemark>
<name>2227</name>
<Point>
<coordinates>16.089242,44.764612</coordinates>
</Point>
</Placemark>
<Placemark>
<name>2216</name>
<Point>
<coordinates>16.089242,44.764612</coordinates>
</Point>
</Placemark>
<Placemark>
<name>2217</name>
<Point>
<coordinates>16.089242,44.764612</coordinates>
</Point>
</Placemark>
<Placemark>
<name>2218</name>
<Point>
<coordinates>16.089242,44.764612</coordinates>
</Point>
</Placemark>
<Placemark>
<name>2219</name>
<Point>
<coordinates>16.089242,44.764612</coordinates>
</Point>
</Placemark>
<Placemark>
<name>2220</name>
<Point>
<coordinates>16.089242,44.764612</coordinates>
</Point>
</Placemark>
<Placemark>
<name>2221</name>
<Point>
<coordinates>16.089242,44.764612</coordinates>
</Point>
</Placemark>
<Placemark>
<name>2210</name>
<Point>
<coordinates>16.089242,44.764612</coordinates>
</Point>
</Placemark>
<Placemark>
<name>2211</name>
<Point>
<coordinates>16.089242,44.764612</coordinates>
</Point>
</Placemark>
<Placemark>
<name>2212</name>
<Point>
<coordinates>16.089242,44.764612</coordinates>
</Point>
</Placemark>
<Placemark>
<name>2213</name>
<Point>
<coordinates>16.089242,44.764612</coordinates>
</Point>
</Placemark>
<Placemark>
<name>2214</name>
<Point>
<coordinates>16.089242,44.764612</coordinates>
</Point>
</Placemark>
<Placemark>
<name>2215</name>
<Point>
<coordinates>16.089242,44.764612</coordinates>
</Point>
</Placemark>
<Placemark>
<name>2204</name>
<Point>
<coordinates>16.089242,44.764612</coordinates>
</Point>
</Placemark>
<Placemark>
<name>2205</name>
<Point>
<coordinates>16.089242,44.764612</coordinates>
</Point>
</Placemark>
<Placemark>
<name>2206</name>
<Point>
<coordinates>16.089242,44.764612</coordinates>
</Point>
</Placemark>
<Placemark>
<name>2207</name>
<Point>
<coordinates>16.089242,44.764612</coordinates>
</Point>
</Placemark>
<Placemark>
<name>2208</name>
<Point>
<coordinates>16.089242,44.764612</coordinates>
</Point>
</Placemark>
<Placemark>
<name>2209</name>
<Point>
<coordinates>16.089242,44.764612</coordinates>
</Point>
</Placemark>
<Placemark>
<name>2198</name>
<Point>
<coordinates>16.089242,44.764612</coordinates>
</Point>
</Placemark>
<Placemark>
<name>2199</name>
<Point>
<coordinates>16.089242,44.764612</coordinates>
</Point>
</Placemark>
<Placemark>
<name>2200</name>
<Point>
<coordinates>16.089242,44.764612</coordinates>
</Point>
</Placemark>
<Placemark>
<name>2201</name>
<Point>
<coordinates>16.089242,44.764612</coordinates>
</Point>
</Placemark>
<Placemark>
<name>2202</name>
<Point>
<coordinates>16.089242,44.764612</coordinates>
</Point>
</Placemark>
<Placemark>
<name>2203</name>
<Point>
<coordinates>16.089242,44.764612</coordinates>
</Point>
</Placemark>
<Placemark>
<name>2192</name>
<Point>
<coordinates>16.089242,44.764612</coordinates>
</Point>
</Placemark>
<Placemark>
<name>2193</name>
<Point>
<coordinates>16.089242,44.764612</coordinates>
</Point>
</Placemark>
<Placemark>
<name>2194</name>
<Point>
<coordinates>16.089242,44.764612</coordinates>
</Point>
</Placemark>
<Placemark>
<name>2195</name>
<Point>
<coordinates>16.089242,44.764612</coordinates>
</Point>
</Placemark>
<Placemark>
<name>2196</name>
<Point>
<coordinates>16.089242,44.764612</coordinates>
</Point>
</Placemark>
<Placemark>
<name>2197</name>
<Point>
<coordinates>16.089242,44.764612</coordinates>
</Point>
</Placemark>
<Placemark>
<name>2186</name>
<Point>
<coordinates>16.089407,44.764590</coordinates>
</Point>
</Placemark>
<Placemark>
<name>2187</name>
<Point>
<coordinates>16.089345,44.764620</coordinates>
</Point>
</Placemark>
<Placemark>
<name>2188</name>
<Point>
<coordinates>16.089267,44.764633</coordinates>
</Point>
</Placemark>
<Placemark>
<name>2189</name>
<Point>
<coordinates>16.089267,44.764633</coordinates>
</Point>
</Placemark>
<Placemark>
<name>2190</name>
<Point>
<coordinates>16.089267,44.764633</coordinates>
</Point>
</Placemark>
<Placemark>
<name>2191</name>
<Point>
<coordinates>16.089147,44.764673</coordinates>
</Point>
</Placemark>
<Placemark>
<name>2180</name>
<Point>
<coordinates>16.090292,44.764578</coordinates>
</Point>
</Placemark>
<Placemark>
<name>2181</name>
<Point>
<coordinates>16.089752,44.764588</coordinates>
</Point>
</Placemark>
<Placemark>
<name>2182</name>
<Point>
<coordinates>16.089633,44.764617</coordinates>
</Point>
</Placemark>
<Placemark>
<name>2183</name>
<Point>
<coordinates>16.089607,44.764607</coordinates>
</Point>
</Placemark>
<Placemark>
<name>2184</name>
<Point>
<coordinates>16.089502,44.764622</coordinates>
</Point>
</Placemark>
<Placemark>
<name>2185</name>
<Point>
<coordinates>16.089372,44.764587</coordinates>
</Point>
</Placemark>
<Placemark>
<name>2174</name>
<Point>
<coordinates>16.089692,44.763988</coordinates>
</Point>
</Placemark>
<Placemark>
<name>2175</name>
<Point>
<coordinates>16.089692,44.763988</coordinates>
</Point>
</Placemark>
<Placemark>
<name>2176</name>
<Point>
<coordinates>16.089715,44.764307</coordinates>
</Point>
</Placemark>
<Placemark>
<name>2177</name>
<Point>
<coordinates>16.089727,44.764300</coordinates>
</Point>
</Placemark>
<Placemark>
<name>2178</name>
<Point>
<coordinates>16.089628,44.764282</coordinates>
</Point>
</Placemark>
<Placemark>
<name>2179</name>
<Point>
<coordinates>16.089625,44.764322</coordinates>
</Point>
</Placemark>
<Placemark>
<name>2168</name>
<Point>
<coordinates>16.089905,44.763750</coordinates>
</Point>
</Placemark>
<Placemark>
<name>2169</name>
<Point>
<coordinates>16.089905,44.763750</coordinates>
</Point>
</Placemark>
<Placemark>
<name>2170</name>
<Point>
<coordinates>16.089903,44.763847</coordinates>
</Point>
</Placemark>
<Placemark>
<name>2171</name>
<Point>
<coordinates>16.089903,44.763847</coordinates>
</Point>
</Placemark>
<Placemark>
<name>2172</name>
<Point>
<coordinates>16.089903,44.763847</coordinates>
</Point>
</Placemark>
<Placemark>
<name>2173</name>
<Point>
<coordinates>16.089825,44.763957</coordinates>
</Point>
</Placemark>
<Placemark>
<name>2162</name>
<Point>
<coordinates>16.089713,44.763297</coordinates>
</Point>
</Placemark>
<Placemark>
<name>2163</name>
<Point>
<coordinates>16.089705,44.763400</coordinates>
</Point>
</Placemark>
<Placemark>
<name>2164</name>
<Point>
<coordinates>16.089698,44.763427</coordinates>
</Point>
</Placemark>
<Placemark>
<name>2165</name>
<Point>
<coordinates>16.089828,44.763887</coordinates>
</Point>
</Placemark>
<Placemark>
<name>2166</name>
<Point>
<coordinates>16.089902,44.763740</coordinates>
</Point>
</Placemark>
<Placemark>
<name>2167</name>
<Point>
<coordinates>16.089905,44.763750</coordinates>
</Point>
</Placemark>
<Placemark>
<name>1916</name>
<Point>
<coordinates>16.089933,44.763107</coordinates>
</Point>
</Placemark>
<Placemark>
<name>1917</name>
<Point>
<coordinates>16.089805,44.763122</coordinates>
</Point>
</Placemark>
<Placemark>
<name>1918</name>
<Point>
<coordinates>16.089805,44.763122</coordinates>
</Point>
</Placemark>
<Placemark>
<name>1919</name>
<Point>
<coordinates>16.089783,44.763082</coordinates>
</Point>
</Placemark>
<Placemark>
<name>1920</name>
<Point>
<coordinates>16.089783,44.763082</coordinates>
</Point>
</Placemark>
<Placemark>
<name>2161</name>
<Point>
<coordinates>16.089785,44.763263</coordinates>
</Point>
</Placemark>
<Placemark>
<name>1910</name>
<Point>
<coordinates>16.090158,44.762788</coordinates>
</Point>
</Placemark>
<Placemark>
<name>1911</name>
<Point>
<coordinates>16.090127,44.762885</coordinates>
</Point>
</Placemark>
<Placemark>
<name>1912</name>
<Point>
<coordinates>16.090095,44.762953</coordinates>
</Point>
</Placemark>
<Placemark>
<name>1913</name>
<Point>
<coordinates>16.090097,44.763057</coordinates>
</Point>
</Placemark>
<Placemark>
<name>1914</name>
<Point>
<coordinates>16.090097,44.763057</coordinates>
</Point>
</Placemark>
<Placemark>
<name>1915</name>
<Point>
<coordinates>16.090097,44.763057</coordinates>
</Point>
</Placemark>
<Placemark>
<name>1904</name>
<Point>
<coordinates>16.090415,44.762760</coordinates>
</Point>
</Placemark>
<Placemark>
<name>1905</name>
<Point>
<coordinates>16.090415,44.762760</coordinates>
</Point>
</Placemark>
<Placemark>
<name>1906</name>
<Point>
<coordinates>16.090415,44.762760</coordinates>
</Point>
</Placemark>
<Placemark>
<name>1907</name>
<Point>
<coordinates>16.090288,44.762762</coordinates>
</Point>
</Placemark>
<Placemark>
<name>1908</name>
<Point>
<coordinates>16.090145,44.762738</coordinates>
</Point>
</Placemark>
<Placemark>
<name>1909</name>
<Point>
<coordinates>16.090158,44.762788</coordinates>
</Point>
</Placemark>
<Placemark>
<name>1898</name>
<Point>
<coordinates>16.090743,44.762325</coordinates>
</Point>
</Placemark>
<Placemark>
<name>1899</name>
<Point>
<coordinates>16.090695,44.762390</coordinates>
</Point>
</Placemark>
<Placemark>
<name>1900</name>
<Point>
<coordinates>16.090663,44.762497</coordinates>
</Point>
</Placemark>
<Placemark>
<name>1901</name>
<Point>
<coordinates>16.090798,44.762525</coordinates>
</Point>
</Placemark>
<Placemark>
<name>1902</name>
<Point>
<coordinates>16.090595,44.762595</coordinates>
</Point>
</Placemark>
<Placemark>
<name>1903</name>
<Point>
<coordinates>16.090595,44.762595</coordinates>
</Point>
</Placemark>
<Placemark>
<name>1894</name>
<Point>
<coordinates>16.091068,44.761893</coordinates>
</Point>
</Placemark>
<Placemark>
<name>1895</name>
<Point>
<coordinates>16.091008,44.762052</coordinates>
</Point>
</Placemark>
<Placemark>
<name>1896</name>
<Point>
<coordinates>16.090997,44.762117</coordinates>
</Point>
</Placemark>
<Placemark>
<name>1897</name>
<Point>
<coordinates>16.090792,44.762212</coordinates>
</Point>
</Placemark>
<Placemark>
<name>2695</name>
<Point>
<coordinates>16.091308,44.762223</coordinates>
</Point>
</Placemark>
<Placemark>
<name>2696</name>
<Point>
<coordinates>16.091368,44.762067</coordinates>
</Point>
</Placemark>
<Placemark>
<name>2697</name>
<Point>
<coordinates>16.091443,44.761942</coordinates>
</Point>
</Placemark>
<Placemark>
<name>2698</name>
<Point>
<coordinates>16.091657,44.761743</coordinates>
</Point>
</Placemark>
<Placemark>
<name>2699</name>
<Point>
<coordinates>16.091460,44.761540</coordinates>
</Point>
</Placemark>
<Placemark>
<name>2700</name>
<Point>
<coordinates>16.092435,44.761715</coordinates>
</Point>
</Placemark>
<Placemark>
<name>2689</name>
<Point>
<coordinates>16.092173,44.763190</coordinates>
</Point>
</Placemark>
<Placemark>
<name>2690</name>
<Point>
<coordinates>16.091910,44.763107</coordinates>
</Point>
</Placemark>
<Placemark>
<name>2691</name>
<Point>
<coordinates>16.091055,44.763372</coordinates>
</Point>
</Placemark>
<Placemark>
<name>2692</name>
<Point>
<coordinates>16.091240,44.762887</coordinates>
</Point>
</Placemark>
<Placemark>
<name>2693</name>
<Point>
<coordinates>16.091202,44.762457</coordinates>
</Point>
</Placemark>
<Placemark>
<name>2694</name>
<Point>
<coordinates>16.091195,44.762353</coordinates>
</Point>
</Placemark>
<Placemark>
<name>2683</name>
<Point>
<coordinates>16.092423,44.763878</coordinates>
</Point>
</Placemark>
<Placemark>
<name>2684</name>
<Point>
<coordinates>16.092280,44.763785</coordinates>
</Point>
</Placemark>
<Placemark>
<name>2685</name>
<Point>
<coordinates>16.092410,44.763535</coordinates>
</Point>
</Placemark>
<Placemark>
<name>2686</name>
<Point>
<coordinates>16.092297,44.763457</coordinates>
</Point>
</Placemark>
<Placemark>
<name>2687</name>
<Point>
<coordinates>16.092147,44.763223</coordinates>
</Point>
</Placemark>
<Placemark>
<name>2688</name>
<Point>
<coordinates>16.092190,44.763150</coordinates>
</Point>
</Placemark>
<Placemark>
<name>2677</name>
<Point>
<coordinates>16.092128,44.764537</coordinates>
</Point>
</Placemark>
<Placemark>
<name>2678</name>
<Point>
<coordinates>16.092040,44.764503</coordinates>
</Point>
</Placemark>
<Placemark>
<name>2679</name>
<Point>
<coordinates>16.092255,44.764350</coordinates>
</Point>
</Placemark>
<Placemark>
<name>2680</name>
<Point>
<coordinates>16.092337,44.764212</coordinates>
</Point>
</Placemark>
<Placemark>
<name>2681</name>
<Point>
<coordinates>16.092488,44.764237</coordinates>
</Point>
</Placemark>
<Placemark>
<name>2682</name>
<Point>
<coordinates>16.092507,44.764115</coordinates>
</Point>
</Placemark>
<Placemark>
<name>2671</name>
<Point>
<coordinates>16.091852,44.765643</coordinates>
</Point>
</Placemark>
<Placemark>
<name>2672</name>
<Point>
<coordinates>16.092112,44.765443</coordinates>
</Point>
</Placemark>
<Placemark>
<name>2673</name>
<Point>
<coordinates>16.092233,44.765567</coordinates>
</Point>
</Placemark>
<Placemark>
<name>2674</name>
<Point>
<coordinates>16.092743,44.765475</coordinates>
</Point>
</Placemark>
<Placemark>
<name>2675</name>
<Point>
<coordinates>16.092298,44.764997</coordinates>
</Point>
</Placemark>
<Placemark>
<name>2676</name>
<Point>
<coordinates>16.092232,44.764808</coordinates>
</Point>
</Placemark>
<Placemark>
<name>2665</name>
<Point>
<coordinates>16.091648,44.766812</coordinates>
</Point>
</Placemark>
<Placemark>
<name>2666</name>
<Point>
<coordinates>16.091310,44.766413</coordinates>
</Point>
</Placemark>
<Placemark>
<name>2667</name>
<Point>
<coordinates>16.091300,44.766165</coordinates>
</Point>
</Placemark>
<Placemark>
<name>2668</name>
<Point>
<coordinates>16.091318,44.765947</coordinates>
</Point>
</Placemark>
<Placemark>
<name>2669</name>
<Point>
<coordinates>16.091450,44.765708</coordinates>
</Point>
</Placemark>
<Placemark>
<name>2670</name>
<Point>
<coordinates>16.091565,44.765605</coordinates>
</Point>
</Placemark>
<Placemark>
<name>2659</name>
<Point>
<coordinates>16.093465,44.767093</coordinates>
</Point>
</Placemark>
<Placemark>
<name>2660</name>
<Point>
<coordinates>16.093418,44.767128</coordinates>
</Point>
</Placemark>
<Placemark>
<name>2661</name>
<Point>
<coordinates>16.091950,44.767023</coordinates>
</Point>
</Placemark>
<Placemark>
<name>2662</name>
<Point>
<coordinates>16.091607,44.766978</coordinates>
</Point>
</Placemark>
<Placemark>
<name>2663</name>
<Point>
<coordinates>16.091433,44.766950</coordinates>
</Point>
</Placemark>
<Placemark>
<name>2664</name>
<Point>
<coordinates>16.091395,44.766773</coordinates>
</Point>
</Placemark>
<Placemark>
<name>2653</name>
<Point>
<coordinates>16.093480,44.766390</coordinates>
</Point>
</Placemark>
<Placemark>
<name>2654</name>
<Point>
<coordinates>16.093452,44.766477</coordinates>
</Point>
</Placemark>
<Placemark>
<name>2655</name>
<Point>
<coordinates>16.093468,44.766705</coordinates>
</Point>
</Placemark>
<Placemark>
<name>2656</name>
<Point>
<coordinates>16.093437,44.766755</coordinates>
</Point>
</Placemark>
<Placemark>
<name>2657</name>
<Point>
<coordinates>16.093437,44.766755</coordinates>
</Point>
</Placemark>
<Placemark>
<name>2658</name>
<Point>
<coordinates>16.093415,44.766968</coordinates>
</Point>
</Placemark>
<Placemark>
<name>2647</name>
<Point>
<coordinates>16.093783,44.765905</coordinates>
</Point>
</Placemark>
<Placemark>
<name>2648</name>
<Point>
<coordinates>16.093698,44.766047</coordinates>
</Point>
</Placemark>
<Placemark>
<name>2649</name>
<Point>
<coordinates>16.093698,44.766047</coordinates>
</Point>
</Placemark>
<Placemark>
<name>2650</name>
<Point>
<coordinates>16.093660,44.765967</coordinates>
</Point>
</Placemark>
<Placemark>
<name>2651</name>
<Point>
<coordinates>16.093582,44.766240</coordinates>
</Point>
</Placemark>
<Placemark>
<name>2652</name>
<Point>
<coordinates>16.093487,44.766297</coordinates>
</Point>
</Placemark>
<Placemark>
<name>2641</name>
<Point>
<coordinates>16.093735,44.765362</coordinates>
</Point>
</Placemark>
<Placemark>
<name>2642</name>
<Point>
<coordinates>16.093735,44.765362</coordinates>
</Point>
</Placemark>
<Placemark>
<name>2643</name>
<Point>
<coordinates>16.093725,44.765400</coordinates>
</Point>
</Placemark>
<Placemark>
<name>2644</name>
<Point>
<coordinates>16.093798,44.765618</coordinates>
</Point>
</Placemark>
<Placemark>
<name>2645</name>
<Point>
<coordinates>16.093822,44.765768</coordinates>
</Point>
</Placemark>
<Placemark>
<name>2646</name>
<Point>
<coordinates>16.093790,44.765868</coordinates>
</Point>
</Placemark>
<Placemark>
<name>2635</name>
<Point>
<coordinates>16.094030,44.764748</coordinates>
</Point>
</Placemark>
<Placemark>
<name>2636</name>
<Point>
<coordinates>16.093983,44.764837</coordinates>
</Point>
</Placemark>
<Placemark>
<name>2637</name>
<Point>
<coordinates>16.093945,44.764943</coordinates>
</Point>
</Placemark>
<Placemark>
<name>2638</name>
<Point>
<coordinates>16.093885,44.765033</coordinates>
</Point>
</Placemark>
<Placemark>
<name>2639</name>
<Point>
<coordinates>16.093853,44.765152</coordinates>
</Point>
</Placemark>
<Placemark>
<name>2640</name>
<Point>
<coordinates>16.093815,44.765310</coordinates>
</Point>
</Placemark>
<Placemark>
<name>2629</name>
<Point>
<coordinates>16.093883,44.763655</coordinates>
</Point>
</Placemark>
<Placemark>
<name>2630</name>
<Point>
<coordinates>16.093870,44.763723</coordinates>
</Point>
</Placemark>
<Placemark>
<name>2631</name>
<Point>
<coordinates>16.093982,44.763700</coordinates>
</Point>
</Placemark>
<Placemark>
<name>2632</name>
<Point>
<coordinates>16.093627,44.764273</coordinates>
</Point>
</Placemark>
<Placemark>
<name>2633</name>
<Point>
<coordinates>16.094107,44.764563</coordinates>
</Point>
</Placemark>
<Placemark>
<name>2634</name>
<Point>
<coordinates>16.094053,44.764610</coordinates>
</Point>
</Placemark>
<Placemark>
<name>2623</name>
<Point>
<coordinates>16.093550,44.763258</coordinates>
</Point>
</Placemark>
<Placemark>
<name>2624</name>
<Point>
<coordinates>16.093537,44.763287</coordinates>
</Point>
</Placemark>
<Placemark>
<name>2625</name>
<Point>
<coordinates>16.093607,44.763448</coordinates>
</Point>
</Placemark>
<Placemark>
<name>2626</name>
<Point>
<coordinates>16.093783,44.763483</coordinates>
</Point>
</Placemark>
<Placemark>
<name>2627</name>
<Point>
<coordinates>16.093770,44.763572</coordinates>
</Point>
</Placemark>
<Placemark>
<name>2628</name>
<Point>
<coordinates>16.093770,44.763572</coordinates>
</Point>
</Placemark>
<Placemark>
<name>2617</name>
<Point>
<coordinates>16.093847,44.762902</coordinates>
</Point>
</Placemark>
<Placemark>
<name>2618</name>
<Point>
<coordinates>16.093590,44.762893</coordinates>
</Point>
</Placemark>
<Placemark>
<name>2619</name>
<Point>
<coordinates>16.093497,44.762958</coordinates>
</Point>
</Placemark>
<Placemark>
<name>2620</name>
<Point>
<coordinates>16.093732,44.763008</coordinates>
</Point>
</Placemark>
<Placemark>
<name>2621</name>
<Point>
<coordinates>16.093647,44.763253</coordinates>
</Point>
</Placemark>
<Placemark>
<name>2622</name>
<Point>
<coordinates>16.093568,44.763198</coordinates>
</Point>
</Placemark>
<Placemark>
<name>2828</name>
<Point>
<coordinates>16.089805,44.766593</coordinates>
</Point>
</Placemark>
<Placemark>
<name>2829</name>
<Point>
<coordinates>16.089687,44.766533</coordinates>
</Point>
</Placemark>
<Placemark>
<name>2830</name>
<Point>
<coordinates>16.089555,44.766528</coordinates>
</Point>
</Placemark>
<Placemark>
<name>2831</name>
<Point>
<coordinates>16.089647,44.766430</coordinates>
</Point>
</Placemark>
<Placemark>
<name>2832</name>
<Point>
<coordinates>16.089733,44.765943</coordinates>
</Point>
</Placemark>
<Placemark>
<name>2822</name>
<Point>
<coordinates>16.090282,44.766457</coordinates>
</Point>
</Placemark>
<Placemark>
<name>2823</name>
<Point>
<coordinates>16.090553,44.766623</coordinates>
</Point>
</Placemark>
<Placemark>
<name>2824</name>
<Point>
<coordinates>16.090975,44.766665</coordinates>
</Point>
</Placemark>
<Placemark>
<name>2825</name>
<Point>
<coordinates>16.090857,44.766582</coordinates>
</Point>
</Placemark>
<Placemark>
<name>2826</name>
<Point>
<coordinates>16.090417,44.766637</coordinates>
</Point>
</Placemark>
<Placemark>
<name>2827</name>
<Point>
<coordinates>16.090100,44.766688</coordinates>
</Point>
</Placemark>
<Placemark>
<name>2786</name>
<Point>
<coordinates>16.090387,44.766097</coordinates>
</Point>
</Placemark>
<Placemark>
<name>2787</name>
<Point>
<coordinates>16.090270,44.766107</coordinates>
</Point>
</Placemark>
<Placemark>
<name>2788</name>
<Point>
<coordinates>16.090237,44.766225</coordinates>
</Point>
</Placemark>
<Placemark>
<name>2789</name>
<Point>
<coordinates>16.090228,44.766232</coordinates>
</Point>
</Placemark>
<Placemark>
<name>2790</name>
<Point>
<coordinates>16.090233,44.766490</coordinates>
</Point>
</Placemark>
<Placemark>
<name>2821</name>
<Point>
<coordinates>16.090293,44.766467</coordinates>
</Point>
</Placemark>
<Placemark>
<name>2780</name>
<Point>
<coordinates>16.091652,44.764528</coordinates>
</Point>
</Placemark>
<Placemark>
<name>2781</name>
<Point>
<coordinates>16.091783,44.764770</coordinates>
</Point>
</Placemark>
<Placemark>
<name>2782</name>
<Point>
<coordinates>16.091978,44.764812</coordinates>
</Point>
</Placemark>
<Placemark>
<name>2783</name>
<Point>
<coordinates>16.091928,44.765275</coordinates>
</Point>
</Placemark>
<Placemark>
<name>2784</name>
<Point>
<coordinates>16.090833,44.765987</coordinates>
</Point>
</Placemark>
<Placemark>
<name>2785</name>
<Point>
<coordinates>16.090665,44.766043</coordinates>
</Point>
</Placemark>
<Placemark>
<name>2774</name>
<Point>
<coordinates>16.091907,44.763390</coordinates>
</Point>
</Placemark>
<Placemark>
<name>2775</name>
<Point>
<coordinates>16.091758,44.763737</coordinates>
</Point>
</Placemark>
<Placemark>
<name>2776</name>
<Point>
<coordinates>16.091682,44.763648</coordinates>
</Point>
</Placemark>
<Placemark>
<name>2777</name>
<Point>
<coordinates>16.092022,44.763873</coordinates>
</Point>
</Placemark>
<Placemark>
<name>2778</name>
<Point>
<coordinates>16.091812,44.764147</coordinates>
</Point>
</Placemark>
<Placemark>
<name>2779</name>
<Point>
<coordinates>16.091673,44.764275</coordinates>
</Point>
</Placemark>
<Placemark>
<name>2768</name>
<Point>
<coordinates>16.092502,44.763375</coordinates>
</Point>
</Placemark>
<Placemark>
<name>2769</name>
<Point>
<coordinates>16.092435,44.763133</coordinates>
</Point>
</Placemark>
<Placemark>
<name>2770</name>
<Point>
<coordinates>16.092450,44.763052</coordinates>
</Point>
</Placemark>
<Placemark>
<name>2771</name>
<Point>
<coordinates>16.092537,44.762842</coordinates>
</Point>
</Placemark>
<Placemark>
<name>2772</name>
<Point>
<coordinates>16.091803,44.763287</coordinates>
</Point>
</Placemark>
<Placemark>
<name>2773</name>
<Point>
<coordinates>16.091977,44.763372</coordinates>
</Point>
</Placemark>
<Placemark>
<name>2762</name>
<Point>
<coordinates>16.092840,44.764142</coordinates>
</Point>
</Placemark>
<Placemark>
<name>2763</name>
<Point>
<coordinates>16.092863,44.764055</coordinates>
</Point>
</Placemark>
<Placemark>
<name>2764</name>
<Point>
<coordinates>16.092903,44.763978</coordinates>
</Point>
</Placemark>
<Placemark>
<name>2765</name>
<Point>
<coordinates>16.092817,44.763890</coordinates>
</Point>
</Placemark>
<Placemark>
<name>2766</name>
<Point>
<coordinates>16.092825,44.763767</coordinates>
</Point>
</Placemark>
<Placemark>
<name>2767</name>
<Point>
<coordinates>16.092835,44.763790</coordinates>
</Point>
</Placemark>
<Placemark>
<name>2756</name>
<Point>
<coordinates>16.092623,44.764635</coordinates>
</Point>
</Placemark>
<Placemark>
<name>2757</name>
<Point>
<coordinates>16.092705,44.764482</coordinates>
</Point>
</Placemark>
<Placemark>
<name>2758</name>
<Point>
<coordinates>16.092678,44.764495</coordinates>
</Point>
</Placemark>
<Placemark>
<name>2759</name>
<Point>
<coordinates>16.092753,44.764340</coordinates>
</Point>
</Placemark>
<Placemark>
<name>2760</name>
<Point>
<coordinates>16.092753,44.764340</coordinates>
</Point>
</Placemark>
<Placemark>
<name>2761</name>
<Point>
<coordinates>16.092943,44.764257</coordinates>
</Point>
</Placemark>
<Placemark>
<name>2750</name>
<Point>
<coordinates>16.092602,44.765763</coordinates>
</Point>
</Placemark>
<Placemark>
<name>2751</name>
<Point>
<coordinates>16.092602,44.765763</coordinates>
</Point>
</Placemark>
<Placemark>
<name>2752</name>
<Point>
<coordinates>16.092402,44.765300</coordinates>
</Point>
</Placemark>
<Placemark>
<name>2753</name>
<Point>
<coordinates>16.092448,44.765123</coordinates>
</Point>
</Placemark>
<Placemark>
<name>2754</name>
<Point>
<coordinates>16.092585,44.764718</coordinates>
</Point>
</Placemark>
<Placemark>
<name>2755</name>
<Point>
<coordinates>16.092645,44.764463</coordinates>
</Point>
</Placemark>
<Placemark>
<name>2744</name>
<Point>
<coordinates>16.092080,44.765968</coordinates>
</Point>
</Placemark>
<Placemark>
<name>2745</name>
<Point>
<coordinates>16.092143,44.766058</coordinates>
</Point>
</Placemark>
<Placemark>
<name>2746</name>
<Point>
<coordinates>16.092153,44.766105</coordinates>
</Point>
</Placemark>
<Placemark>
<name>2747</name>
<Point>
<coordinates>16.092398,44.766158</coordinates>
</Point>
</Placemark>
<Placemark>
<name>2748</name>
<Point>
<coordinates>16.092710,44.766082</coordinates>
</Point>
</Placemark>
<Placemark>
<name>2749</name>
<Point>
<coordinates>16.092758,44.765987</coordinates>
</Point>
</Placemark>
<Placemark>
<name>2738</name>
<Point>
<coordinates>16.091727,44.766298</coordinates>
</Point>
</Placemark>
<Placemark>
<name>2739</name>
<Point>
<coordinates>16.091648,44.766127</coordinates>
</Point>
</Placemark>
<Placemark>
<name>2740</name>
<Point>
<coordinates>16.091568,44.766088</coordinates>
</Point>
</Placemark>
<Placemark>
<name>2741</name>
<Point>
<coordinates>16.091778,44.765972</coordinates>
</Point>
</Placemark>
<Placemark>
<name>2742</name>
<Point>
<coordinates>16.091863,44.765908</coordinates>
</Point>
</Placemark>
<Placemark>
<name>2743</name>
<Point>
<coordinates>16.092010,44.765925</coordinates>
</Point>
</Placemark>
<Placemark>
<name>2732</name>
<Point>
<coordinates>16.091942,44.766623</coordinates>
</Point>
</Placemark>
<Placemark>
<name>2733</name>
<Point>
<coordinates>16.091743,44.766628</coordinates>
</Point>
</Placemark>
<Placemark>
<name>2734</name>
<Point>
<coordinates>16.091592,44.766652</coordinates>
</Point>
</Placemark>
<Placemark>
<name>2735</name>
<Point>
<coordinates>16.091642,44.766668</coordinates>
</Point>
</Placemark>
<Placemark>
<name>2736</name>
<Point>
<coordinates>16.091672,44.766450</coordinates>
</Point>
</Placemark>
<Placemark>
<name>2737</name>
<Point>
<coordinates>16.091602,44.766422</coordinates>
</Point>
</Placemark>
<Placemark>
<name>2726</name>
<Point>
<coordinates>16.092535,44.766452</coordinates>
</Point>
</Placemark>
<Placemark>
<name>2727</name>
<Point>
<coordinates>16.092535,44.766452</coordinates>
</Point>
</Placemark>
<Placemark>
<name>2728</name>
<Point>
<coordinates>16.092462,44.766483</coordinates>
</Point>
</Placemark>
<Placemark>
<name>2729</name>
<Point>
<coordinates>16.092383,44.766503</coordinates>
</Point>
</Placemark>
<Placemark>
<name>2730</name>
<Point>
<coordinates>16.092208,44.766548</coordinates>
</Point>
</Placemark>
<Placemark>
<name>2731</name>
<Point>
<coordinates>16.092102,44.766518</coordinates>
</Point>
</Placemark>
<Placemark>
<name>2720</name>
<Point>
<coordinates>16.092732,44.765815</coordinates>
</Point>
</Placemark>
<Placemark>
<name>2721</name>
<Point>
<coordinates>16.092853,44.765867</coordinates>
</Point>
</Placemark>
<Placemark>
<name>2722</name>
<Point>
<coordinates>16.092853,44.765867</coordinates>
</Point>
</Placemark>
<Placemark>
<name>2723</name>
<Point>
<coordinates>16.092862,44.766020</coordinates>
</Point>
</Placemark>
<Placemark>
<name>2724</name>
<Point>
<coordinates>16.092727,44.766173</coordinates>
</Point>
</Placemark>
<Placemark>
<name>2725</name>
<Point>
<coordinates>16.092660,44.766287</coordinates>
</Point>
</Placemark>
<Placemark>
<name>2714</name>
<Point>
<coordinates>16.092940,44.765400</coordinates>
</Point>
</Placemark>
<Placemark>
<name>2715</name>
<Point>
<coordinates>16.092907,44.765495</coordinates>
</Point>
</Placemark>
<Placemark>
<name>2716</name>
<Point>
<coordinates>16.093025,44.765393</coordinates>
</Point>
</Placemark>
<Placemark>
<name>2717</name>
<Point>
<coordinates>16.092852,44.765498</coordinates>
</Point>
</Placemark>
<Placemark>
<name>2718</name>
<Point>
<coordinates>16.092715,44.765677</coordinates>
</Point>
</Placemark>
<Placemark>
<name>2719</name>
<Point>
<coordinates>16.092723,44.765753</coordinates>
</Point>
</Placemark>
<Placemark>
<name>2708</name>
<Point>
<coordinates>16.092943,44.764840</coordinates>
</Point>
</Placemark>
<Placemark>
<name>2709</name>
<Point>
<coordinates>16.092942,44.764930</coordinates>
</Point>
</Placemark>
<Placemark>
<name>2710</name>
<Point>
<coordinates>16.092900,44.764905</coordinates>
</Point>
</Placemark>
<Placemark>
<name>2711</name>
<Point>
<coordinates>16.093023,44.765050</coordinates>
</Point>
</Placemark>
<Placemark>
<name>2712</name>
<Point>
<coordinates>16.093018,44.765092</coordinates>
</Point>
</Placemark>
<Placemark>
<name>2713</name>
<Point>
<coordinates>16.092943,44.765315</coordinates>
</Point>
</Placemark>
<Placemark>
<name>2702</name>
<Point>
<coordinates>16.093130,44.764408</coordinates>
</Point>
</Placemark>
<Placemark>
<name>2703</name>
<Point>
<coordinates>16.093087,44.764463</coordinates>
</Point>
</Placemark>
<Placemark>
<name>2704</name>
<Point>
<coordinates>16.092933,44.764618</coordinates>
</Point>
</Placemark>
<Placemark>
<name>2705</name>
<Point>
<coordinates>16.092967,44.764748</coordinates>
</Point>
</Placemark>
<Placemark>
<name>2706</name>
<Point>
<coordinates>16.092980,44.764803</coordinates>
</Point>
</Placemark>
<Placemark>
<name>2707</name>
<Point>
<coordinates>16.092943,44.764840</coordinates>
</Point>
</Placemark>
<Placemark>
<name>2366</name>
<Point>
<coordinates>16.093098,44.763830</coordinates>
</Point>
</Placemark>
<Placemark>
<name>2367</name>
<Point>
<coordinates>16.093245,44.764045</coordinates>
</Point>
</Placemark>
<Placemark>
<name>2368</name>
<Point>
<coordinates>16.093202,44.764233</coordinates>
</Point>
</Placemark>
<Placemark>
<name>2369</name>
<Point>
<coordinates>16.093160,44.764382</coordinates>
</Point>
</Placemark>
<Placemark>
<name>2370</name>
<Point>
<coordinates>16.093127,44.764435</coordinates>
</Point>
</Placemark>
<Placemark>
<name>2701</name>
<Point>
<coordinates>16.093127,44.764435</coordinates>
</Point>
</Placemark>
<Placemark>
<name>2360</name>
<Point>
<coordinates>16.092817,44.763362</coordinates>
</Point>
</Placemark>
<Placemark>
<name>2361</name>
<Point>
<coordinates>16.092817,44.763362</coordinates>
</Point>
</Placemark>
<Placemark>
<name>2362</name>
<Point>
<coordinates>16.092817,44.763362</coordinates>
</Point>
</Placemark>
<Placemark>
<name>2363</name>
<Point>
<coordinates>16.092880,44.763547</coordinates>
</Point>
</Placemark>
<Placemark>
<name>2364</name>
<Point>
<coordinates>16.092823,44.763655</coordinates>
</Point>
</Placemark>
<Placemark>
<name>2365</name>
<Point>
<coordinates>16.093103,44.763832</coordinates>
</Point>
</Placemark>
<Placemark>
<name>2354</name>
<Point>
<coordinates>16.092677,44.762773</coordinates>
</Point>
</Placemark>
<Placemark>
<name>2355</name>
<Point>
<coordinates>16.092663,44.762780</coordinates>
</Point>
</Placemark>
<Placemark>
<name>2356</name>
<Point>
<coordinates>16.092732,44.762957</coordinates>
</Point>
</Placemark>
<Placemark>
<name>2357</name>
<Point>
<coordinates>16.092762,44.763017</coordinates>
</Point>
</Placemark>
<Placemark>
<name>2358</name>
<Point>
<coordinates>16.092595,44.763095</coordinates>
</Point>
</Placemark>
<Placemark>
<name>2359</name>
<Point>
<coordinates>16.092720,44.763135</coordinates>
</Point>
</Placemark>
<Placemark>
<name>2348</name>
<Point>
<coordinates>16.092935,44.762575</coordinates>
</Point>
</Placemark>
<Placemark>
<name>2349</name>
<Point>
<coordinates>16.093040,44.762702</coordinates>
</Point>
</Placemark>
<Placemark>
<name>2350</name>
<Point>
<coordinates>16.093095,44.762690</coordinates>
</Point>
</Placemark>
<Placemark>
<name>2351</name>
<Point>
<coordinates>16.092917,44.762712</coordinates>
</Point>
</Placemark>
<Placemark>
<name>2352</name>
<Point>
<coordinates>16.092955,44.762702</coordinates>
</Point>
</Placemark>
<Placemark>
<name>2353</name>
<Point>
<coordinates>16.092692,44.762765</coordinates>
</Point>
</Placemark>
<Placemark>
<name>2342</name>
<Point>
<coordinates>16.092635,44.761893</coordinates>
</Point>
</Placemark>
<Placemark>
<name>2343</name>
<Point>
<coordinates>16.092727,44.762158</coordinates>
</Point>
</Placemark>
<Placemark>
<name>2344</name>
<Point>
<coordinates>16.092740,44.762248</coordinates>
</Point>
</Placemark>
<Placemark>
<name>2345</name>
<Point>
<coordinates>16.092845,44.762483</coordinates>
</Point>
</Placemark>
<Placemark>
<name>2346</name>
<Point>
<coordinates>16.092988,44.762585</coordinates>
</Point>
</Placemark>
<Placemark>
<name>2347</name>
<Point>
<coordinates>16.092977,44.762567</coordinates>
</Point>
</Placemark>
<Placemark>
<name>2341</name>
<Point>
<coordinates>16.092603,44.761898</coordinates>
</Point>
</Placemark>
<Placemark>
<name>2815</name>
<Point>
<coordinates>16.091385,44.763977</coordinates>
</Point>
</Placemark>
<Placemark>
<name>2816</name>
<Point>
<coordinates>16.091085,44.764953</coordinates>
</Point>
</Placemark>
<Placemark>
<name>2817</name>
<Point>
<coordinates>16.091187,44.765465</coordinates>
</Point>
</Placemark>
<Placemark>
<name>2818</name>
<Point>
<coordinates>16.091032,44.765533</coordinates>
</Point>
</Placemark>
<Placemark>
<name>2819</name>
<Point>
<coordinates>16.090895,44.765845</coordinates>
</Point>
</Placemark>
<Placemark>
<name>2820</name>
<Point>
<coordinates>16.090895,44.765845</coordinates>
</Point>
</Placemark>
<Placemark>
<name>2809</name>
<Point>
<coordinates>16.091953,44.763655</coordinates>
</Point>
</Placemark>
<Placemark>
<name>2810</name>
<Point>
<coordinates>16.092052,44.763538</coordinates>
</Point>
</Placemark>
<Placemark>
<name>2811</name>
<Point>
<coordinates>16.092077,44.763393</coordinates>
</Point>
</Placemark>
<Placemark>
<name>2812</name>
<Point>
<coordinates>16.092060,44.763373</coordinates>
</Point>
</Placemark>
<Placemark>
<name>2813</name>
<Point>
<coordinates>16.091407,44.763552</coordinates>
</Point>
</Placemark>
<Placemark>
<name>2814</name>
<Point>
<coordinates>16.091405,44.763615</coordinates>
</Point>
</Placemark>
<Placemark>
<name>2803</name>
<Point>
<coordinates>16.091728,44.764415</coordinates>
</Point>
</Placemark>
<Placemark>
<name>2804</name>
<Point>
<coordinates>16.091678,44.764350</coordinates>
</Point>
</Placemark>
<Placemark>
<name>2805</name>
<Point>
<coordinates>16.091630,44.764285</coordinates>
</Point>
</Placemark>
<Placemark>
<name>2806</name>
<Point>
<coordinates>16.091818,44.764097</coordinates>
</Point>
</Placemark>
<Placemark>
<name>2807</name>
<Point>
<coordinates>16.091870,44.763880</coordinates>
</Point>
</Placemark>
<Placemark>
<name>2808</name>
<Point>
<coordinates>16.091948,44.763803</coordinates>
</Point>
</Placemark>
<Placemark>
<name>2797</name>
<Point>
<coordinates>16.091945,44.765065</coordinates>
</Point>
</Placemark>
<Placemark>
<name>2798</name>
<Point>
<coordinates>16.091882,44.764913</coordinates>
</Point>
</Placemark>
<Placemark>
<name>2799</name>
<Point>
<coordinates>16.091773,44.764768</coordinates>
</Point>
</Placemark>
<Placemark>
<name>2800</name>
<Point>
<coordinates>16.091762,44.764730</coordinates>
</Point>
</Placemark>
<Placemark>
<name>2801</name>
<Point>
<coordinates>16.091677,44.764598</coordinates>
</Point>
</Placemark>
<Placemark>
<name>2802</name>
<Point>
<coordinates>16.091728,44.764490</coordinates>
</Point>
</Placemark>
<Placemark>
<name>2791</name>
<Point>
<coordinates>16.091105,44.765800</coordinates>
</Point>
</Placemark>
<Placemark>
<name>2792</name>
<Point>
<coordinates>16.091247,44.765848</coordinates>
</Point>
</Placemark>
<Placemark>
<name>2793</name>
<Point>
<coordinates>16.091423,44.765427</coordinates>
</Point>
</Placemark>
<Placemark>
<name>2794</name>
<Point>
<coordinates>16.091553,44.765345</coordinates>
</Point>
</Placemark>
<Placemark>
<name>2795</name>
<Point>
<coordinates>16.091890,44.765240</coordinates>
</Point>
</Placemark>
<Placemark>
<name>2796</name>
<Point>
<coordinates>16.091933,44.765187</coordinates>
</Point>
</Placemark>
<Placemark>
<name>2605</name>
<Point>
<coordinates>16.091005,44.766403</coordinates>
</Point>
</Placemark>
<Placemark>
<name>2606</name>
<Point>
<coordinates>16.090877,44.766210</coordinates>
</Point>
</Placemark>
<Placemark>
<name>2607</name>
<Point>
<coordinates>16.090905,44.766227</coordinates>
</Point>
</Placemark>
<Placemark>
<name>2608</name>
<Point>
<coordinates>16.090905,44.766227</coordinates>
</Point>
</Placemark>
<Placemark>
<name>2609</name>
<Point>
<coordinates>16.090888,44.766123</coordinates>
</Point>
</Placemark>
<Placemark>
<name>2610</name>
<Point>
<coordinates>16.090932,44.766023</coordinates>
</Point>
</Placemark>
<Placemark>
<name>2599</name>
<Point>
<coordinates>16.091292,44.766597</coordinates>
</Point>
</Placemark>
<Placemark>
<name>2600</name>
<Point>
<coordinates>16.091242,44.766582</coordinates>
</Point>
</Placemark>
<Placemark>
<name>2601</name>
<Point>
<coordinates>16.091200,44.766503</coordinates>
</Point>
</Placemark>
<Placemark>
<name>2602</name>
<Point>
<coordinates>16.091022,44.766437</coordinates>
</Point>
</Placemark>
<Placemark>
<name>2603</name>
<Point>
<coordinates>16.091028,44.766428</coordinates>
</Point>
</Placemark>
<Placemark>
<name>2604</name>
<Point>
<coordinates>16.090937,44.766390</coordinates>
</Point>
</Placemark>
<Placemark>
<name>2593</name>
<Point>
<coordinates>16.092698,44.766850</coordinates>
</Point>
</Placemark>
<Placemark>
<name>2594</name>
<Point>
<coordinates>16.092640,44.766858</coordinates>
</Point>
</Placemark>
<Placemark>
<name>2595</name>
<Point>
<coordinates>16.092395,44.766825</coordinates>
</Point>
</Placemark>
<Placemark>
<name>2596</name>
<Point>
<coordinates>16.092215,44.766808</coordinates>
</Point>
</Placemark>
<Placemark>
<name>2597</name>
<Point>
<coordinates>16.091978,44.766838</coordinates>
</Point>
</Placemark>
<Placemark>
<name>2598</name>
<Point>
<coordinates>16.091800,44.766858</coordinates>
</Point>
</Placemark>
<Placemark>
<name>2587</name>
<Point>
<coordinates>16.093012,44.766632</coordinates>
</Point>
</Placemark>
<Placemark>
<name>2588</name>
<Point>
<coordinates>16.092942,44.766853</coordinates>
</Point>
</Placemark>
<Placemark>
<name>2589</name>
<Point>
<coordinates>16.093103,44.766990</coordinates>
</Point>
</Placemark>
<Placemark>
<name>2590</name>
<Point>
<coordinates>16.093103,44.766990</coordinates>
</Point>
</Placemark>
<Placemark>
<name>2591</name>
<Point>
<coordinates>16.093103,44.766990</coordinates>
</Point>
</Placemark>
<Placemark>
<name>2592</name>
<Point>
<coordinates>16.092827,44.766940</coordinates>
</Point>
</Placemark>
<Placemark>
<name>2581</name>
<Point>
<coordinates>16.093280,44.765617</coordinates>
</Point>
</Placemark>
<Placemark>
<name>2582</name>
<Point>
<coordinates>16.093232,44.765733</coordinates>
</Point>
</Placemark>
<Placemark>
<name>2583</name>
<Point>
<coordinates>16.093227,44.765915</coordinates>
</Point>
</Placemark>
<Placemark>
<name>2584</name>
<Point>
<coordinates>16.092998,44.766207</coordinates>
</Point>
</Placemark>
<Placemark>
<name>2585</name>
<Point>
<coordinates>16.092967,44.766328</coordinates>
</Point>
</Placemark>
<Placemark>
<name>2586</name>
<Point>
<coordinates>16.092907,44.766497</coordinates>
</Point>
</Placemark>
<Placemark>
<name>2575</name>
<Point>
<coordinates>16.093435,44.764825</coordinates>
</Point>
</Placemark>
<Placemark>
<name>2576</name>
<Point>
<coordinates>16.093343,44.764900</coordinates>
</Point>
</Placemark>
<Placemark>
<name>2577</name>
<Point>
<coordinates>16.093343,44.764970</coordinates>
</Point>
</Placemark>
<Placemark>
<name>2578</name>
<Point>
<coordinates>16.093308,44.765062</coordinates>
</Point>
</Placemark>
<Placemark>
<name>2579</name>
<Point>
<coordinates>16.093347,44.765223</coordinates>
</Point>
</Placemark>
<Placemark>
<name>2580</name>
<Point>
<coordinates>16.093273,44.765473</coordinates>
</Point>
</Placemark>
<Placemark>
<name>2569</name>
<Point>
<coordinates>16.093685,44.763930</coordinates>
</Point>
</Placemark>
<Placemark>
<name>2570</name>
<Point>
<coordinates>16.093665,44.764013</coordinates>
</Point>
</Placemark>
<Placemark>
<name>2571</name>
<Point>
<coordinates>16.093560,44.764210</coordinates>
</Point>
</Placemark>
<Placemark>
<name>2572</name>
<Point>
<coordinates>16.093578,44.764522</coordinates>
</Point>
</Placemark>
<Placemark>
<name>2573</name>
<Point>
<coordinates>16.093573,44.764647</coordinates>
</Point>
</Placemark>
<Placemark>
<name>2574</name>
<Point>
<coordinates>16.093440,44.764728</coordinates>
</Point>
</Placemark>
<Placemark>
<name>2563</name>
<Point>
<coordinates>16.093107,44.763648</coordinates>
</Point>
</Placemark>
<Placemark>
<name>2564</name>
<Point>
<coordinates>16.093173,44.763688</coordinates>
</Point>
</Placemark>
<Placemark>
<name>2565</name>
<Point>
<coordinates>16.093173,44.763688</coordinates>
</Point>
</Placemark>
<Placemark>
<name>2566</name>
<Point>
<coordinates>16.093343,44.763903</coordinates>
</Point>
</Placemark>
<Placemark>
<name>2567</name>
<Point>
<coordinates>16.093532,44.763892</coordinates>
</Point>
</Placemark>
<Placemark>
<name>2568</name>
<Point>
<coordinates>16.093653,44.763840</coordinates>
</Point>
</Placemark>
<Placemark>
<name>2557</name>
<Point>
<coordinates>16.093192,44.762898</coordinates>
</Point>
</Placemark>
<Placemark>
<name>2558</name>
<Point>
<coordinates>16.093113,44.762970</coordinates>
</Point>
</Placemark>
<Placemark>
<name>2559</name>
<Point>
<coordinates>16.092903,44.763042</coordinates>
</Point>
</Placemark>
<Placemark>
<name>2560</name>
<Point>
<coordinates>16.092922,44.763195</coordinates>
</Point>
</Placemark>
<Placemark>
<name>2561</name>
<Point>
<coordinates>16.092870,44.763295</coordinates>
</Point>
</Placemark>
<Placemark>
<name>2562</name>
<Point>
<coordinates>16.093048,44.763470</coordinates>
</Point>
</Placemark>
<Placemark>
<name>2551</name>
<Point>
<coordinates>16.093387,44.762370</coordinates>
</Point>
</Placemark>
<Placemark>
<name>2552</name>
<Point>
<coordinates>16.093352,44.762488</coordinates>
</Point>
</Placemark>
<Placemark>
<name>2553</name>
<Point>
<coordinates>16.093318,44.762665</coordinates>
</Point>
</Placemark>
<Placemark>
<name>2554</name>
<Point>
<coordinates>16.093318,44.762643</coordinates>
</Point>
</Placemark>
<Placemark>
<name>2555</name>
<Point>
<coordinates>16.093290,44.762760</coordinates>
</Point>
</Placemark>
<Placemark>
<name>2556</name>
<Point>
<coordinates>16.093217,44.762850</coordinates>
</Point>
</Placemark>
<Placemark>
<name>2545</name>
<Point>
<coordinates>16.092978,44.762050</coordinates>
</Point>
</Placemark>
<Placemark>
<name>2546</name>
<Point>
<coordinates>16.093125,44.762130</coordinates>
</Point>
</Placemark>
<Placemark>
<name>2547</name>
<Point>
<coordinates>16.093242,44.762180</coordinates>
</Point>
</Placemark>
<Placemark>
<name>2548</name>
<Point>
<coordinates>16.093242,44.762180</coordinates>
</Point>
</Placemark>
<Placemark>
<name>2549</name>
<Point>
<coordinates>16.093327,44.762243</coordinates>
</Point>
</Placemark>
<Placemark>
<name>2550</name>
<Point>
<coordinates>16.093327,44.762243</coordinates>
</Point>
</Placemark>
<Placemark>
<name>2541</name>
<Point>
<coordinates>16.092770,44.761912</coordinates>
</Point>
</Placemark>
<Placemark>
<name>2542</name>
<Point>
<coordinates>16.092892,44.762027</coordinates>
</Point>
</Placemark>
<Placemark>
<name>2543</name>
<Point>
<coordinates>16.092892,44.762027</coordinates>
</Point>
</Placemark>
<Placemark>
<name>2544</name>
<Point>
<coordinates>16.092922,44.762073</coordinates>
</Point>
</Placemark>
<Placemark>
<name>050 Risovac-Krupa</name>
<description><![CDATA[
<b>Porijeklo:</b><br/>BA-387 (F BIH): ŠPD Unsko-sanske šume (Odjel: 050 Risovac-Krupa)
]]></description>
<styleUrl>#polygonStyle</styleUrl>
<Polygon><outerBoundaryIs><LinearRing><coordinates>
16.081767,44.765625
16.082700,44.763765
16.084958,44.760917
16.087795,44.761065
16.093588,44.761375
16.098075,44.761817
16.098290,44.761897
16.098372,44.761932
16.099163,44.762370
16.099422,44.762765
16.099448,44.762887
16.099440,44.762933
16.099127,44.764485
16.099033,44.764907
16.097748,44.767708
16.093200,44.773882
16.082103,44.766803
16.081848,44.766588
16.081818,44.766548
16.081772,44.765842
16.081767,44.765625
</coordinates></LinearRing></outerBoundaryIs></Polygon>
</Placemark>
<Placemark>
<name>BA-387 (F BIH): ŠPD Unsko-sanske šume (Odjel: 050 Risovac-Krupa)</name>
<styleUrl>#polygonLabel</styleUrl>
<Point>
<coordinates>16.091983,44.764306</coordinates>
</Point>
</Placemark>
</Document></kml>
