<?xml version="1.0" encoding="UTF-8"?>
<kml xmlns="http://www.opengis.net/kml/2.2">
<Document>
<name>059/1 Risovac-Krupa</name>
<Style id="polygonStyle">
  <LineStyle>
    <color>ff0000ff</color>
    <width>2</width>
  </LineStyle>
  <PolyStyle>
    <color>330000ff</color>
  </PolyStyle>
</Style>
<Style id="polygonLabel">
  <LabelStyle>
    <color>ff0000ff</color>
    <scale>1.2</scale>
  </LabelStyle>
</Style>
<Placemark>
<name>1</name>
<Point>
<coordinates>16.121665,44.779720</coordinates>
</Point>
</Placemark>
<Placemark>
<name>2</name>
<Point>
<coordinates>16.121665,44.779720</coordinates>
</Point>
</Placemark>
<Placemark>
<name>3</name>
<Point>
<coordinates>16.121478,44.779483</coordinates>
</Point>
</Placemark>
<Placemark>
<name>4</name>
<Point>
<coordinates>16.121403,44.779392</coordinates>
</Point>
</Placemark>
<Placemark>
<name>5</name>
<Point>
<coordinates>16.121403,44.779392</coordinates>
</Point>
</Placemark>
<Placemark>
<name>6</name>
<Point>
<coordinates>16.121410,44.779310</coordinates>
</Point>
</Placemark>
<Placemark>
<name>146</name>
<Point>
<coordinates>16.120103,44.779928</coordinates>
</Point>
</Placemark>
<Placemark>
<name>147</name>
<Point>
<coordinates>16.120108,44.780030</coordinates>
</Point>
</Placemark>
<Placemark>
<name>148</name>
<Point>
<coordinates>16.120188,44.779972</coordinates>
</Point>
</Placemark>
<Placemark>
<name>149</name>
<Point>
<coordinates>16.120080,44.779855</coordinates>
</Point>
</Placemark>
<Placemark>
<name>150</name>
<Point>
<coordinates>16.120645,44.779853</coordinates>
</Point>
</Placemark>
<Placemark>
<name>140</name>
<Point>
<coordinates>16.120017,44.779597</coordinates>
</Point>
</Placemark>
<Placemark>
<name>141</name>
<Point>
<coordinates>16.119915,44.779758</coordinates>
</Point>
</Placemark>
<Placemark>
<name>142</name>
<Point>
<coordinates>16.119950,44.779838</coordinates>
</Point>
</Placemark>
<Placemark>
<name>143</name>
<Point>
<coordinates>16.120092,44.779888</coordinates>
</Point>
</Placemark>
<Placemark>
<name>144</name>
<Point>
<coordinates>16.120138,44.779812</coordinates>
</Point>
</Placemark>
<Placemark>
<name>145</name>
<Point>
<coordinates>16.120103,44.779928</coordinates>
</Point>
</Placemark>
<Placemark>
<name>134</name>
<Point>
<coordinates>16.119998,44.779205</coordinates>
</Point>
</Placemark>
<Placemark>
<name>135</name>
<Point>
<coordinates>16.119883,44.779358</coordinates>
</Point>
</Placemark>
<Placemark>
<name>136</name>
<Point>
<coordinates>16.119858,44.779370</coordinates>
</Point>
</Placemark>
<Placemark>
<name>137</name>
<Point>
<coordinates>16.119858,44.779370</coordinates>
</Point>
</Placemark>
<Placemark>
<name>138</name>
<Point>
<coordinates>16.119858,44.779370</coordinates>
</Point>
</Placemark>
<Placemark>
<name>139</name>
<Point>
<coordinates>16.119915,44.779643</coordinates>
</Point>
</Placemark>
<Placemark>
<name>128</name>
<Point>
<coordinates>16.120002,44.778765</coordinates>
</Point>
</Placemark>
<Placemark>
<name>129</name>
<Point>
<coordinates>16.120037,44.778758</coordinates>
</Point>
</Placemark>
<Placemark>
<name>130</name>
<Point>
<coordinates>16.119863,44.778832</coordinates>
</Point>
</Placemark>
<Placemark>
<name>131</name>
<Point>
<coordinates>16.119912,44.778892</coordinates>
</Point>
</Placemark>
<Placemark>
<name>132</name>
<Point>
<coordinates>16.119955,44.779058</coordinates>
</Point>
</Placemark>
<Placemark>
<name>133</name>
<Point>
<coordinates>16.119958,44.779118</coordinates>
</Point>
</Placemark>
<Placemark>
<name>122</name>
<Point>
<coordinates>16.120138,44.778152</coordinates>
</Point>
</Placemark>
<Placemark>
<name>123</name>
<Point>
<coordinates>16.120128,44.778305</coordinates>
</Point>
</Placemark>
<Placemark>
<name>124</name>
<Point>
<coordinates>16.120197,44.778455</coordinates>
</Point>
</Placemark>
<Placemark>
<name>125</name>
<Point>
<coordinates>16.120118,44.778585</coordinates>
</Point>
</Placemark>
<Placemark>
<name>126</name>
<Point>
<coordinates>16.120093,44.778675</coordinates>
</Point>
</Placemark>
<Placemark>
<name>127</name>
<Point>
<coordinates>16.120025,44.778752</coordinates>
</Point>
</Placemark>
<Placemark>
<name>116</name>
<Point>
<coordinates>16.120265,44.777855</coordinates>
</Point>
</Placemark>
<Placemark>
<name>117</name>
<Point>
<coordinates>16.120262,44.777908</coordinates>
</Point>
</Placemark>
<Placemark>
<name>118</name>
<Point>
<coordinates>16.120303,44.777947</coordinates>
</Point>
</Placemark>
<Placemark>
<name>119</name>
<Point>
<coordinates>16.120262,44.778030</coordinates>
</Point>
</Placemark>
<Placemark>
<name>120</name>
<Point>
<coordinates>16.120235,44.778165</coordinates>
</Point>
</Placemark>
<Placemark>
<name>121</name>
<Point>
<coordinates>16.120138,44.778152</coordinates>
</Point>
</Placemark>
<Placemark>
<name>110</name>
<Point>
<coordinates>16.119938,44.777542</coordinates>
</Point>
</Placemark>
<Placemark>
<name>111</name>
<Point>
<coordinates>16.120090,44.777555</coordinates>
</Point>
</Placemark>
<Placemark>
<name>112</name>
<Point>
<coordinates>16.120090,44.777555</coordinates>
</Point>
</Placemark>
<Placemark>
<name>113</name>
<Point>
<coordinates>16.120132,44.777688</coordinates>
</Point>
</Placemark>
<Placemark>
<name>114</name>
<Point>
<coordinates>16.120245,44.777760</coordinates>
</Point>
</Placemark>
<Placemark>
<name>115</name>
<Point>
<coordinates>16.120242,44.777757</coordinates>
</Point>
</Placemark>
<Placemark>
<name>104</name>
<Point>
<coordinates>16.119850,44.776963</coordinates>
</Point>
</Placemark>
<Placemark>
<name>105</name>
<Point>
<coordinates>16.119850,44.776963</coordinates>
</Point>
</Placemark>
<Placemark>
<name>106</name>
<Point>
<coordinates>16.119845,44.777135</coordinates>
</Point>
</Placemark>
<Placemark>
<name>107</name>
<Point>
<coordinates>16.119845,44.777157</coordinates>
</Point>
</Placemark>
<Placemark>
<name>108</name>
<Point>
<coordinates>16.119828,44.777310</coordinates>
</Point>
</Placemark>
<Placemark>
<name>109</name>
<Point>
<coordinates>16.119935,44.777438</coordinates>
</Point>
</Placemark>
<Placemark>
<name>98</name>
<Point>
<coordinates>16.119953,44.776407</coordinates>
</Point>
</Placemark>
<Placemark>
<name>99</name>
<Point>
<coordinates>16.120052,44.776480</coordinates>
</Point>
</Placemark>
<Placemark>
<name>100</name>
<Point>
<coordinates>16.120052,44.776480</coordinates>
</Point>
</Placemark>
<Placemark>
<name>101</name>
<Point>
<coordinates>16.120015,44.776610</coordinates>
</Point>
</Placemark>
<Placemark>
<name>102</name>
<Point>
<coordinates>16.120040,44.776652</coordinates>
</Point>
</Placemark>
<Placemark>
<name>103</name>
<Point>
<coordinates>16.119952,44.776847</coordinates>
</Point>
</Placemark>
<Placemark>
<name>92</name>
<Point>
<coordinates>16.119827,44.775940</coordinates>
</Point>
</Placemark>
<Placemark>
<name>93</name>
<Point>
<coordinates>16.119807,44.776025</coordinates>
</Point>
</Placemark>
<Placemark>
<name>94</name>
<Point>
<coordinates>16.119767,44.775923</coordinates>
</Point>
</Placemark>
<Placemark>
<name>95</name>
<Point>
<coordinates>16.119828,44.776007</coordinates>
</Point>
</Placemark>
<Placemark>
<name>96</name>
<Point>
<coordinates>16.119853,44.776125</coordinates>
</Point>
</Placemark>
<Placemark>
<name>97</name>
<Point>
<coordinates>16.120000,44.776240</coordinates>
</Point>
</Placemark>
<Placemark>
<name>86</name>
<Point>
<coordinates>16.120110,44.775277</coordinates>
</Point>
</Placemark>
<Placemark>
<name>87</name>
<Point>
<coordinates>16.119990,44.775468</coordinates>
</Point>
</Placemark>
<Placemark>
<name>88</name>
<Point>
<coordinates>16.119838,44.775600</coordinates>
</Point>
</Placemark>
<Placemark>
<name>89</name>
<Point>
<coordinates>16.119798,44.775667</coordinates>
</Point>
</Placemark>
<Placemark>
<name>90</name>
<Point>
<coordinates>16.119753,44.775853</coordinates>
</Point>
</Placemark>
<Placemark>
<name>91</name>
<Point>
<coordinates>16.119827,44.775940</coordinates>
</Point>
</Placemark>
<Placemark>
<name>80</name>
<Point>
<coordinates>16.121088,44.775470</coordinates>
</Point>
</Placemark>
<Placemark>
<name>81</name>
<Point>
<coordinates>16.120325,44.774910</coordinates>
</Point>
</Placemark>
<Placemark>
<name>82</name>
<Point>
<coordinates>16.120322,44.774977</coordinates>
</Point>
</Placemark>
<Placemark>
<name>83</name>
<Point>
<coordinates>16.120300,44.774975</coordinates>
</Point>
</Placemark>
<Placemark>
<name>84</name>
<Point>
<coordinates>16.120303,44.775058</coordinates>
</Point>
</Placemark>
<Placemark>
<name>85</name>
<Point>
<coordinates>16.120207,44.775222</coordinates>
</Point>
</Placemark>
<Placemark>
<name>74</name>
<Point>
<coordinates>16.121530,44.776063</coordinates>
</Point>
</Placemark>
<Placemark>
<name>75</name>
<Point>
<coordinates>16.121463,44.776007</coordinates>
</Point>
</Placemark>
<Placemark>
<name>76</name>
<Point>
<coordinates>16.121475,44.775905</coordinates>
</Point>
</Placemark>
<Placemark>
<name>77</name>
<Point>
<coordinates>16.121267,44.775873</coordinates>
</Point>
</Placemark>
<Placemark>
<name>78</name>
<Point>
<coordinates>16.121210,44.775957</coordinates>
</Point>
</Placemark>
<Placemark>
<name>79</name>
<Point>
<coordinates>16.121210,44.775957</coordinates>
</Point>
</Placemark>
<Placemark>
<name>67</name>
<Point>
<coordinates>16.121462,44.776472</coordinates>
</Point>
</Placemark>
<Placemark>
<name>68</name>
<Point>
<coordinates>16.121608,44.776357</coordinates>
</Point>
</Placemark>
<Placemark>
<name>70</name>
<Point>
<coordinates>16.121675,44.776077</coordinates>
</Point>
</Placemark>
<Placemark>
<name>71</name>
<Point>
<coordinates>16.121530,44.776063</coordinates>
</Point>
</Placemark>
<Placemark>
<name>72</name>
<Point>
<coordinates>16.121530,44.776063</coordinates>
</Point>
</Placemark>
<Placemark>
<name>73</name>
<Point>
<coordinates>16.121530,44.776063</coordinates>
</Point>
</Placemark>
<Placemark>
<name>61</name>
<Point>
<coordinates>16.121497,44.776562</coordinates>
</Point>
</Placemark>
<Placemark>
<name>62</name>
<Point>
<coordinates>16.121497,44.776562</coordinates>
</Point>
</Placemark>
<Placemark>
<name>63</name>
<Point>
<coordinates>16.121497,44.776562</coordinates>
</Point>
</Placemark>
<Placemark>
<name>64</name>
<Point>
<coordinates>16.121462,44.776472</coordinates>
</Point>
</Placemark>
<Placemark>
<name>65</name>
<Point>
<coordinates>16.121462,44.776472</coordinates>
</Point>
</Placemark>
<Placemark>
<name>66</name>
<Point>
<coordinates>16.121462,44.776472</coordinates>
</Point>
</Placemark>
<Placemark>
<name>55</name>
<Point>
<coordinates>16.121533,44.776795</coordinates>
</Point>
</Placemark>
<Placemark>
<name>56</name>
<Point>
<coordinates>16.121485,44.776740</coordinates>
</Point>
</Placemark>
<Placemark>
<name>57</name>
<Point>
<coordinates>16.121485,44.776740</coordinates>
</Point>
</Placemark>
<Placemark>
<name>58</name>
<Point>
<coordinates>16.121485,44.776740</coordinates>
</Point>
</Placemark>
<Placemark>
<name>59</name>
<Point>
<coordinates>16.121492,44.776672</coordinates>
</Point>
</Placemark>
<Placemark>
<name>60</name>
<Point>
<coordinates>16.121492,44.776672</coordinates>
</Point>
</Placemark>
<Placemark>
<name>49</name>
<Point>
<coordinates>16.121702,44.777055</coordinates>
</Point>
</Placemark>
<Placemark>
<name>50</name>
<Point>
<coordinates>16.121702,44.777055</coordinates>
</Point>
</Placemark>
<Placemark>
<name>51</name>
<Point>
<coordinates>16.121610,44.776978</coordinates>
</Point>
</Placemark>
<Placemark>
<name>52</name>
<Point>
<coordinates>16.121610,44.776978</coordinates>
</Point>
</Placemark>
<Placemark>
<name>53</name>
<Point>
<coordinates>16.121620,44.776878</coordinates>
</Point>
</Placemark>
<Placemark>
<name>54</name>
<Point>
<coordinates>16.121533,44.776795</coordinates>
</Point>
</Placemark>
<Placemark>
<name>43</name>
<Point>
<coordinates>16.121635,44.777608</coordinates>
</Point>
</Placemark>
<Placemark>
<name>44</name>
<Point>
<coordinates>16.121633,44.777463</coordinates>
</Point>
</Placemark>
<Placemark>
<name>45</name>
<Point>
<coordinates>16.121733,44.777328</coordinates>
</Point>
</Placemark>
<Placemark>
<name>46</name>
<Point>
<coordinates>16.121788,44.777252</coordinates>
</Point>
</Placemark>
<Placemark>
<name>47</name>
<Point>
<coordinates>16.121812,44.777255</coordinates>
</Point>
</Placemark>
<Placemark>
<name>48</name>
<Point>
<coordinates>16.121828,44.777113</coordinates>
</Point>
</Placemark>
<Placemark>
<name>37</name>
<Point>
<coordinates>16.121648,44.777887</coordinates>
</Point>
</Placemark>
<Placemark>
<name>38</name>
<Point>
<coordinates>16.121648,44.777887</coordinates>
</Point>
</Placemark>
<Placemark>
<name>39</name>
<Point>
<coordinates>16.121703,44.777820</coordinates>
</Point>
</Placemark>
<Placemark>
<name>40</name>
<Point>
<coordinates>16.121657,44.777690</coordinates>
</Point>
</Placemark>
<Placemark>
<name>41</name>
<Point>
<coordinates>16.121657,44.777690</coordinates>
</Point>
</Placemark>
<Placemark>
<name>42</name>
<Point>
<coordinates>16.121635,44.777608</coordinates>
</Point>
</Placemark>
<Placemark>
<name>31</name>
<Point>
<coordinates>16.121618,44.778180</coordinates>
</Point>
</Placemark>
<Placemark>
<name>32</name>
<Point>
<coordinates>16.121713,44.778157</coordinates>
</Point>
</Placemark>
<Placemark>
<name>33</name>
<Point>
<coordinates>16.121660,44.778167</coordinates>
</Point>
</Placemark>
<Placemark>
<name>34</name>
<Point>
<coordinates>16.121705,44.778087</coordinates>
</Point>
</Placemark>
<Placemark>
<name>35</name>
<Point>
<coordinates>16.121705,44.778087</coordinates>
</Point>
</Placemark>
<Placemark>
<name>36</name>
<Point>
<coordinates>16.121688,44.777982</coordinates>
</Point>
</Placemark>
<Placemark>
<name>25</name>
<Point>
<coordinates>16.121702,44.778465</coordinates>
</Point>
</Placemark>
<Placemark>
<name>26</name>
<Point>
<coordinates>16.121740,44.778345</coordinates>
</Point>
</Placemark>
<Placemark>
<name>27</name>
<Point>
<coordinates>16.121740,44.778345</coordinates>
</Point>
</Placemark>
<Placemark>
<name>28</name>
<Point>
<coordinates>16.121740,44.778345</coordinates>
</Point>
</Placemark>
<Placemark>
<name>29</name>
<Point>
<coordinates>16.121710,44.778252</coordinates>
</Point>
</Placemark>
<Placemark>
<name>30</name>
<Point>
<coordinates>16.121710,44.778252</coordinates>
</Point>
</Placemark>
<Placemark>
<name>19</name>
<Point>
<coordinates>16.121482,44.779027</coordinates>
</Point>
</Placemark>
<Placemark>
<name>20</name>
<Point>
<coordinates>16.121652,44.778917</coordinates>
</Point>
</Placemark>
<Placemark>
<name>21</name>
<Point>
<coordinates>16.121698,44.778828</coordinates>
</Point>
</Placemark>
<Placemark>
<name>22</name>
<Point>
<coordinates>16.121738,44.778777</coordinates>
</Point>
</Placemark>
<Placemark>
<name>23</name>
<Point>
<coordinates>16.121738,44.778777</coordinates>
</Point>
</Placemark>
<Placemark>
<name>24</name>
<Point>
<coordinates>16.121698,44.778622</coordinates>
</Point>
</Placemark>
<Placemark>
<name>13</name>
<Point>
<coordinates>16.121610,44.779327</coordinates>
</Point>
</Placemark>
<Placemark>
<name>14</name>
<Point>
<coordinates>16.121563,44.779197</coordinates>
</Point>
</Placemark>
<Placemark>
<name>15</name>
<Point>
<coordinates>16.121547,44.779122</coordinates>
</Point>
</Placemark>
<Placemark>
<name>16</name>
<Point>
<coordinates>16.121465,44.779117</coordinates>
</Point>
</Placemark>
<Placemark>
<name>17</name>
<Point>
<coordinates>16.121435,44.779078</coordinates>
</Point>
</Placemark>
<Placemark>
<name>18</name>
<Point>
<coordinates>16.121485,44.779077</coordinates>
</Point>
</Placemark>
<Placemark>
<name>7</name>
<Point>
<coordinates>16.121502,44.779368</coordinates>
</Point>
</Placemark>
<Placemark>
<name>8</name>
<Point>
<coordinates>16.121610,44.779327</coordinates>
</Point>
</Placemark>
<Placemark>
<name>9</name>
<Point>
<coordinates>16.121610,44.779327</coordinates>
</Point>
</Placemark>
<Placemark>
<name>10</name>
<Point>
<coordinates>16.121610,44.779327</coordinates>
</Point>
</Placemark>
<Placemark>
<name>11</name>
<Point>
<coordinates>16.121610,44.779327</coordinates>
</Point>
</Placemark>
<Placemark>
<name>12</name>
<Point>
<coordinates>16.121610,44.779327</coordinates>
</Point>
</Placemark>
<Placemark>
<name>181</name>
<Point>
<coordinates>16.121497,44.779758</coordinates>
</Point>
</Placemark>
<Placemark>
<name>182</name>
<Point>
<coordinates>16.121420,44.779753</coordinates>
</Point>
</Placemark>
<Placemark>
<name>183</name>
<Point>
<coordinates>16.121420,44.779753</coordinates>
</Point>
</Placemark>
<Placemark>
<name>184</name>
<Point>
<coordinates>16.121347,44.779637</coordinates>
</Point>
</Placemark>
<Placemark>
<name>185</name>
<Point>
<coordinates>16.121383,44.779548</coordinates>
</Point>
</Placemark>
<Placemark>
<name>186</name>
<Point>
<coordinates>16.121222,44.779537</coordinates>
</Point>
</Placemark>
<Placemark>
<name>325</name>
<Point>
<coordinates>16.120538,44.779830</coordinates>
</Point>
</Placemark>
<Placemark>
<name>326</name>
<Point>
<coordinates>16.120532,44.779880</coordinates>
</Point>
</Placemark>
<Placemark>
<name>327</name>
<Point>
<coordinates>16.120703,44.779847</coordinates>
</Point>
</Placemark>
<Placemark>
<name>328</name>
<Point>
<coordinates>16.120950,44.779898</coordinates>
</Point>
</Placemark>
<Placemark>
<name>329</name>
<Point>
<coordinates>16.120980,44.779825</coordinates>
</Point>
</Placemark>
<Placemark>
<name>330</name>
<Point>
<coordinates>16.121015,44.779768</coordinates>
</Point>
</Placemark>
<Placemark>
<name>319</name>
<Point>
<coordinates>16.120642,44.779863</coordinates>
</Point>
</Placemark>
<Placemark>
<name>320</name>
<Point>
<coordinates>16.120665,44.779908</coordinates>
</Point>
</Placemark>
<Placemark>
<name>321</name>
<Point>
<coordinates>16.120683,44.779895</coordinates>
</Point>
</Placemark>
<Placemark>
<name>322</name>
<Point>
<coordinates>16.120700,44.779975</coordinates>
</Point>
</Placemark>
<Placemark>
<name>323</name>
<Point>
<coordinates>16.120600,44.779998</coordinates>
</Point>
</Placemark>
<Placemark>
<name>324</name>
<Point>
<coordinates>16.120670,44.780038</coordinates>
</Point>
</Placemark>
<Placemark>
<name>313</name>
<Point>
<coordinates>16.120607,44.779230</coordinates>
</Point>
</Placemark>
<Placemark>
<name>314</name>
<Point>
<coordinates>16.120530,44.779363</coordinates>
</Point>
</Placemark>
<Placemark>
<name>315</name>
<Point>
<coordinates>16.120572,44.779435</coordinates>
</Point>
</Placemark>
<Placemark>
<name>316</name>
<Point>
<coordinates>16.120753,44.779550</coordinates>
</Point>
</Placemark>
<Placemark>
<name>317</name>
<Point>
<coordinates>16.120670,44.779618</coordinates>
</Point>
</Placemark>
<Placemark>
<name>318</name>
<Point>
<coordinates>16.120683,44.779698</coordinates>
</Point>
</Placemark>
<Placemark>
<name>307</name>
<Point>
<coordinates>16.120412,44.779157</coordinates>
</Point>
</Placemark>
<Placemark>
<name>308</name>
<Point>
<coordinates>16.120378,44.779130</coordinates>
</Point>
</Placemark>
<Placemark>
<name>309</name>
<Point>
<coordinates>16.120338,44.779170</coordinates>
</Point>
</Placemark>
<Placemark>
<name>310</name>
<Point>
<coordinates>16.120420,44.779168</coordinates>
</Point>
</Placemark>
<Placemark>
<name>311</name>
<Point>
<coordinates>16.120633,44.779268</coordinates>
</Point>
</Placemark>
<Placemark>
<name>312</name>
<Point>
<coordinates>16.120612,44.779248</coordinates>
</Point>
</Placemark>
<Placemark>
<name>301</name>
<Point>
<coordinates>16.120612,44.778432</coordinates>
</Point>
</Placemark>
<Placemark>
<name>302</name>
<Point>
<coordinates>16.120587,44.778495</coordinates>
</Point>
</Placemark>
<Placemark>
<name>303</name>
<Point>
<coordinates>16.120418,44.778682</coordinates>
</Point>
</Placemark>
<Placemark>
<name>304</name>
<Point>
<coordinates>16.120448,44.778713</coordinates>
</Point>
</Placemark>
<Placemark>
<name>305</name>
<Point>
<coordinates>16.120392,44.778898</coordinates>
</Point>
</Placemark>
<Placemark>
<name>306</name>
<Point>
<coordinates>16.120288,44.779027</coordinates>
</Point>
</Placemark>
<Placemark>
<name>295</name>
<Point>
<coordinates>16.120768,44.778028</coordinates>
</Point>
</Placemark>
<Placemark>
<name>296</name>
<Point>
<coordinates>16.120768,44.778028</coordinates>
</Point>
</Placemark>
<Placemark>
<name>297</name>
<Point>
<coordinates>16.120783,44.778130</coordinates>
</Point>
</Placemark>
<Placemark>
<name>298</name>
<Point>
<coordinates>16.120872,44.778222</coordinates>
</Point>
</Placemark>
<Placemark>
<name>299</name>
<Point>
<coordinates>16.120788,44.778267</coordinates>
</Point>
</Placemark>
<Placemark>
<name>300</name>
<Point>
<coordinates>16.120665,44.778318</coordinates>
</Point>
</Placemark>
<Placemark>
<name>289</name>
<Point>
<coordinates>16.120482,44.777585</coordinates>
</Point>
</Placemark>
<Placemark>
<name>290</name>
<Point>
<coordinates>16.120468,44.777668</coordinates>
</Point>
</Placemark>
<Placemark>
<name>291</name>
<Point>
<coordinates>16.120467,44.777645</coordinates>
</Point>
</Placemark>
<Placemark>
<name>292</name>
<Point>
<coordinates>16.120563,44.777792</coordinates>
</Point>
</Placemark>
<Placemark>
<name>293</name>
<Point>
<coordinates>16.120752,44.777880</coordinates>
</Point>
</Placemark>
<Placemark>
<name>294</name>
<Point>
<coordinates>16.120708,44.777935</coordinates>
</Point>
</Placemark>
<Placemark>
<name>283</name>
<Point>
<coordinates>16.120288,44.776835</coordinates>
</Point>
</Placemark>
<Placemark>
<name>284</name>
<Point>
<coordinates>16.120352,44.776957</coordinates>
</Point>
</Placemark>
<Placemark>
<name>285</name>
<Point>
<coordinates>16.120282,44.777093</coordinates>
</Point>
</Placemark>
<Placemark>
<name>286</name>
<Point>
<coordinates>16.120225,44.777133</coordinates>
</Point>
</Placemark>
<Placemark>
<name>287</name>
<Point>
<coordinates>16.120302,44.777268</coordinates>
</Point>
</Placemark>
<Placemark>
<name>288</name>
<Point>
<coordinates>16.120515,44.777447</coordinates>
</Point>
</Placemark>
<Placemark>
<name>277</name>
<Point>
<coordinates>16.120303,44.776540</coordinates>
</Point>
</Placemark>
<Placemark>
<name>278</name>
<Point>
<coordinates>16.120352,44.776657</coordinates>
</Point>
</Placemark>
<Placemark>
<name>279</name>
<Point>
<coordinates>16.120352,44.776657</coordinates>
</Point>
</Placemark>
<Placemark>
<name>280</name>
<Point>
<coordinates>16.120352,44.776657</coordinates>
</Point>
</Placemark>
<Placemark>
<name>281</name>
<Point>
<coordinates>16.120352,44.776657</coordinates>
</Point>
</Placemark>
<Placemark>
<name>282</name>
<Point>
<coordinates>16.120243,44.776775</coordinates>
</Point>
</Placemark>
<Placemark>
<name>271</name>
<Point>
<coordinates>16.120325,44.776227</coordinates>
</Point>
</Placemark>
<Placemark>
<name>272</name>
<Point>
<coordinates>16.120398,44.776250</coordinates>
</Point>
</Placemark>
<Placemark>
<name>273</name>
<Point>
<coordinates>16.120398,44.776250</coordinates>
</Point>
</Placemark>
<Placemark>
<name>274</name>
<Point>
<coordinates>16.120523,44.776298</coordinates>
</Point>
</Placemark>
<Placemark>
<name>275</name>
<Point>
<coordinates>16.120423,44.776370</coordinates>
</Point>
</Placemark>
<Placemark>
<name>276</name>
<Point>
<coordinates>16.120352,44.776295</coordinates>
</Point>
</Placemark>
<Placemark>
<name>265</name>
<Point>
<coordinates>16.120598,44.775330</coordinates>
</Point>
</Placemark>
<Placemark>
<name>266</name>
<Point>
<coordinates>16.120598,44.775330</coordinates>
</Point>
</Placemark>
<Placemark>
<name>267</name>
<Point>
<coordinates>16.120598,44.775330</coordinates>
</Point>
</Placemark>
<Placemark>
<name>268</name>
<Point>
<coordinates>16.120598,44.775330</coordinates>
</Point>
</Placemark>
<Placemark>
<name>269</name>
<Point>
<coordinates>16.120598,44.775330</coordinates>
</Point>
</Placemark>
<Placemark>
<name>270</name>
<Point>
<coordinates>16.120598,44.775330</coordinates>
</Point>
</Placemark>
<Placemark>
<name>259</name>
<Point>
<coordinates>16.120598,44.775330</coordinates>
</Point>
</Placemark>
<Placemark>
<name>260</name>
<Point>
<coordinates>16.120598,44.775330</coordinates>
</Point>
</Placemark>
<Placemark>
<name>261</name>
<Point>
<coordinates>16.120598,44.775330</coordinates>
</Point>
</Placemark>
<Placemark>
<name>262</name>
<Point>
<coordinates>16.120598,44.775330</coordinates>
</Point>
</Placemark>
<Placemark>
<name>263</name>
<Point>
<coordinates>16.120598,44.775330</coordinates>
</Point>
</Placemark>
<Placemark>
<name>264</name>
<Point>
<coordinates>16.120598,44.775330</coordinates>
</Point>
</Placemark>
<Placemark>
<name>253</name>
<Point>
<coordinates>16.120598,44.775330</coordinates>
</Point>
</Placemark>
<Placemark>
<name>254</name>
<Point>
<coordinates>16.120598,44.775330</coordinates>
</Point>
</Placemark>
<Placemark>
<name>255</name>
<Point>
<coordinates>16.120598,44.775330</coordinates>
</Point>
</Placemark>
<Placemark>
<name>256</name>
<Point>
<coordinates>16.120598,44.775330</coordinates>
</Point>
</Placemark>
<Placemark>
<name>257</name>
<Point>
<coordinates>16.120598,44.775330</coordinates>
</Point>
</Placemark>
<Placemark>
<name>258</name>
<Point>
<coordinates>16.120598,44.775330</coordinates>
</Point>
</Placemark>
<Placemark>
<name>247</name>
<Point>
<coordinates>16.120985,44.776248</coordinates>
</Point>
</Placemark>
<Placemark>
<name>248</name>
<Point>
<coordinates>16.120878,44.776073</coordinates>
</Point>
</Placemark>
<Placemark>
<name>249</name>
<Point>
<coordinates>16.120900,44.775953</coordinates>
</Point>
</Placemark>
<Placemark>
<name>250</name>
<Point>
<coordinates>16.120948,44.775895</coordinates>
</Point>
</Placemark>
<Placemark>
<name>251</name>
<Point>
<coordinates>16.120823,44.775618</coordinates>
</Point>
</Placemark>
<Placemark>
<name>252</name>
<Point>
<coordinates>16.120598,44.775330</coordinates>
</Point>
</Placemark>
<Placemark>
<name>241</name>
<Point>
<coordinates>16.120833,44.776442</coordinates>
</Point>
</Placemark>
<Placemark>
<name>242</name>
<Point>
<coordinates>16.120827,44.776288</coordinates>
</Point>
</Placemark>
<Placemark>
<name>243</name>
<Point>
<coordinates>16.120827,44.776288</coordinates>
</Point>
</Placemark>
<Placemark>
<name>244</name>
<Point>
<coordinates>16.120827,44.776288</coordinates>
</Point>
</Placemark>
<Placemark>
<name>245</name>
<Point>
<coordinates>16.120865,44.776372</coordinates>
</Point>
</Placemark>
<Placemark>
<name>246</name>
<Point>
<coordinates>16.120940,44.776327</coordinates>
</Point>
</Placemark>
<Placemark>
<name>235</name>
<Point>
<coordinates>16.120785,44.776728</coordinates>
</Point>
</Placemark>
<Placemark>
<name>236</name>
<Point>
<coordinates>16.120702,44.776822</coordinates>
</Point>
</Placemark>
<Placemark>
<name>237</name>
<Point>
<coordinates>16.120750,44.776803</coordinates>
</Point>
</Placemark>
<Placemark>
<name>238</name>
<Point>
<coordinates>16.120753,44.776685</coordinates>
</Point>
</Placemark>
<Placemark>
<name>239</name>
<Point>
<coordinates>16.120848,44.776430</coordinates>
</Point>
</Placemark>
<Placemark>
<name>240</name>
<Point>
<coordinates>16.120843,44.776522</coordinates>
</Point>
</Placemark>
<Placemark>
<name>229</name>
<Point>
<coordinates>16.121117,44.777020</coordinates>
</Point>
</Placemark>
<Placemark>
<name>230</name>
<Point>
<coordinates>16.121027,44.776998</coordinates>
</Point>
</Placemark>
<Placemark>
<name>231</name>
<Point>
<coordinates>16.121082,44.776962</coordinates>
</Point>
</Placemark>
<Placemark>
<name>232</name>
<Point>
<coordinates>16.120963,44.776882</coordinates>
</Point>
</Placemark>
<Placemark>
<name>233</name>
<Point>
<coordinates>16.120963,44.776882</coordinates>
</Point>
</Placemark>
<Placemark>
<name>234</name>
<Point>
<coordinates>16.120987,44.776815</coordinates>
</Point>
</Placemark>
<Placemark>
<name>223</name>
<Point>
<coordinates>16.120952,44.777218</coordinates>
</Point>
</Placemark>
<Placemark>
<name>224</name>
<Point>
<coordinates>16.120960,44.777255</coordinates>
</Point>
</Placemark>
<Placemark>
<name>225</name>
<Point>
<coordinates>16.121098,44.777213</coordinates>
</Point>
</Placemark>
<Placemark>
<name>226</name>
<Point>
<coordinates>16.121155,44.777152</coordinates>
</Point>
</Placemark>
<Placemark>
<name>227</name>
<Point>
<coordinates>16.121140,44.777190</coordinates>
</Point>
</Placemark>
<Placemark>
<name>228</name>
<Point>
<coordinates>16.121140,44.777180</coordinates>
</Point>
</Placemark>
<Placemark>
<name>217</name>
<Point>
<coordinates>16.121168,44.777640</coordinates>
</Point>
</Placemark>
<Placemark>
<name>218</name>
<Point>
<coordinates>16.121120,44.777652</coordinates>
</Point>
</Placemark>
<Placemark>
<name>219</name>
<Point>
<coordinates>16.121203,44.777477</coordinates>
</Point>
</Placemark>
<Placemark>
<name>220</name>
<Point>
<coordinates>16.121203,44.777477</coordinates>
</Point>
</Placemark>
<Placemark>
<name>221</name>
<Point>
<coordinates>16.121083,44.777373</coordinates>
</Point>
</Placemark>
<Placemark>
<name>222</name>
<Point>
<coordinates>16.121022,44.777267</coordinates>
</Point>
</Placemark>
<Placemark>
<name>211</name>
<Point>
<coordinates>16.120985,44.777972</coordinates>
</Point>
</Placemark>
<Placemark>
<name>212</name>
<Point>
<coordinates>16.121047,44.777865</coordinates>
</Point>
</Placemark>
<Placemark>
<name>213</name>
<Point>
<coordinates>16.121123,44.777885</coordinates>
</Point>
</Placemark>
<Placemark>
<name>214</name>
<Point>
<coordinates>16.121187,44.777855</coordinates>
</Point>
</Placemark>
<Placemark>
<name>215</name>
<Point>
<coordinates>16.121192,44.777828</coordinates>
</Point>
</Placemark>
<Placemark>
<name>216</name>
<Point>
<coordinates>16.121233,44.777693</coordinates>
</Point>
</Placemark>
<Placemark>
<name>205</name>
<Point>
<coordinates>16.121237,44.778547</coordinates>
</Point>
</Placemark>
<Placemark>
<name>206</name>
<Point>
<coordinates>16.121142,44.778503</coordinates>
</Point>
</Placemark>
<Placemark>
<name>207</name>
<Point>
<coordinates>16.121077,44.778297</coordinates>
</Point>
</Placemark>
<Placemark>
<name>208</name>
<Point>
<coordinates>16.121077,44.778297</coordinates>
</Point>
</Placemark>
<Placemark>
<name>209</name>
<Point>
<coordinates>16.121097,44.778207</coordinates>
</Point>
</Placemark>
<Placemark>
<name>210</name>
<Point>
<coordinates>16.121098,44.778157</coordinates>
</Point>
</Placemark>
<Placemark>
<name>199</name>
<Point>
<coordinates>16.121120,44.778813</coordinates>
</Point>
</Placemark>
<Placemark>
<name>200</name>
<Point>
<coordinates>16.121213,44.778868</coordinates>
</Point>
</Placemark>
<Placemark>
<name>201</name>
<Point>
<coordinates>16.121288,44.778732</coordinates>
</Point>
</Placemark>
<Placemark>
<name>202</name>
<Point>
<coordinates>16.121292,44.778648</coordinates>
</Point>
</Placemark>
<Placemark>
<name>203</name>
<Point>
<coordinates>16.121295,44.778608</coordinates>
</Point>
</Placemark>
<Placemark>
<name>204</name>
<Point>
<coordinates>16.121192,44.778542</coordinates>
</Point>
</Placemark>
<Placemark>
<name>193</name>
<Point>
<coordinates>16.121067,44.779078</coordinates>
</Point>
</Placemark>
<Placemark>
<name>194</name>
<Point>
<coordinates>16.121082,44.779052</coordinates>
</Point>
</Placemark>
<Placemark>
<name>195</name>
<Point>
<coordinates>16.121093,44.779063</coordinates>
</Point>
</Placemark>
<Placemark>
<name>196</name>
<Point>
<coordinates>16.121190,44.779098</coordinates>
</Point>
</Placemark>
<Placemark>
<name>197</name>
<Point>
<coordinates>16.121045,44.778907</coordinates>
</Point>
</Placemark>
<Placemark>
<name>198</name>
<Point>
<coordinates>16.120995,44.778853</coordinates>
</Point>
</Placemark>
<Placemark>
<name>187</name>
<Point>
<coordinates>16.121005,44.779387</coordinates>
</Point>
</Placemark>
<Placemark>
<name>188</name>
<Point>
<coordinates>16.121022,44.779368</coordinates>
</Point>
</Placemark>
<Placemark>
<name>189</name>
<Point>
<coordinates>16.121022,44.779368</coordinates>
</Point>
</Placemark>
<Placemark>
<name>190</name>
<Point>
<coordinates>16.120977,44.779202</coordinates>
</Point>
</Placemark>
<Placemark>
<name>191</name>
<Point>
<coordinates>16.120953,44.779125</coordinates>
</Point>
</Placemark>
<Placemark>
<name>192</name>
<Point>
<coordinates>16.120993,44.779120</coordinates>
</Point>
</Placemark>
<Placemark>
<name>641</name>
<Point>
<coordinates>16.120868,44.779973</coordinates>
</Point>
</Placemark>
<Placemark>
<name>642</name>
<Point>
<coordinates>16.120970,44.779975</coordinates>
</Point>
</Placemark>
<Placemark>
<name>643</name>
<Point>
<coordinates>16.121150,44.779857</coordinates>
</Point>
</Placemark>
<Placemark>
<name>644</name>
<Point>
<coordinates>16.121157,44.779867</coordinates>
</Point>
</Placemark>
<Placemark>
<name>645</name>
<Point>
<coordinates>16.121157,44.779867</coordinates>
</Point>
</Placemark>
<Placemark>
<name>646</name>
<Point>
<coordinates>16.121353,44.779850</coordinates>
</Point>
</Placemark>
<Placemark>
<name>635</name>
<Point>
<coordinates>16.119260,44.780187</coordinates>
</Point>
</Placemark>
<Placemark>
<name>636</name>
<Point>
<coordinates>16.119430,44.780215</coordinates>
</Point>
</Placemark>
<Placemark>
<name>637</name>
<Point>
<coordinates>16.119533,44.780225</coordinates>
</Point>
</Placemark>
<Placemark>
<name>638</name>
<Point>
<coordinates>16.119980,44.780150</coordinates>
</Point>
</Placemark>
<Placemark>
<name>639</name>
<Point>
<coordinates>16.119982,44.780110</coordinates>
</Point>
</Placemark>
<Placemark>
<name>640</name>
<Point>
<coordinates>16.120748,44.779813</coordinates>
</Point>
</Placemark>
<Placemark>
<name>629</name>
<Point>
<coordinates>16.118172,44.779845</coordinates>
</Point>
</Placemark>
<Placemark>
<name>630</name>
<Point>
<coordinates>16.118292,44.779873</coordinates>
</Point>
</Placemark>
<Placemark>
<name>631</name>
<Point>
<coordinates>16.118343,44.779895</coordinates>
</Point>
</Placemark>
<Placemark>
<name>632</name>
<Point>
<coordinates>16.118762,44.780062</coordinates>
</Point>
</Placemark>
<Placemark>
<name>633</name>
<Point>
<coordinates>16.118775,44.780052</coordinates>
</Point>
</Placemark>
<Placemark>
<name>634</name>
<Point>
<coordinates>16.118897,44.780088</coordinates>
</Point>
</Placemark>
<Placemark>
<name>623</name>
<Point>
<coordinates>16.118028,44.779562</coordinates>
</Point>
</Placemark>
<Placemark>
<name>624</name>
<Point>
<coordinates>16.118042,44.779657</coordinates>
</Point>
</Placemark>
<Placemark>
<name>625</name>
<Point>
<coordinates>16.118070,44.779708</coordinates>
</Point>
</Placemark>
<Placemark>
<name>626</name>
<Point>
<coordinates>16.118093,44.779760</coordinates>
</Point>
</Placemark>
<Placemark>
<name>627</name>
<Point>
<coordinates>16.118093,44.779760</coordinates>
</Point>
</Placemark>
<Placemark>
<name>628</name>
<Point>
<coordinates>16.118172,44.779845</coordinates>
</Point>
</Placemark>
<Placemark>
<name>617</name>
<Point>
<coordinates>16.118030,44.779267</coordinates>
</Point>
</Placemark>
<Placemark>
<name>618</name>
<Point>
<coordinates>16.117938,44.779292</coordinates>
</Point>
</Placemark>
<Placemark>
<name>619</name>
<Point>
<coordinates>16.117938,44.779292</coordinates>
</Point>
</Placemark>
<Placemark>
<name>620</name>
<Point>
<coordinates>16.117938,44.779292</coordinates>
</Point>
</Placemark>
<Placemark>
<name>621</name>
<Point>
<coordinates>16.117938,44.779383</coordinates>
</Point>
</Placemark>
<Placemark>
<name>622</name>
<Point>
<coordinates>16.117950,44.779527</coordinates>
</Point>
</Placemark>
<Placemark>
<name>611</name>
<Point>
<coordinates>16.118238,44.778407</coordinates>
</Point>
</Placemark>
<Placemark>
<name>612</name>
<Point>
<coordinates>16.118220,44.778533</coordinates>
</Point>
</Placemark>
<Placemark>
<name>613</name>
<Point>
<coordinates>16.118235,44.778682</coordinates>
</Point>
</Placemark>
<Placemark>
<name>614</name>
<Point>
<coordinates>16.118200,44.778857</coordinates>
</Point>
</Placemark>
<Placemark>
<name>615</name>
<Point>
<coordinates>16.118112,44.779027</coordinates>
</Point>
</Placemark>
<Placemark>
<name>616</name>
<Point>
<coordinates>16.118112,44.779027</coordinates>
</Point>
</Placemark>
<Placemark>
<name>605</name>
<Point>
<coordinates>16.118102,44.778002</coordinates>
</Point>
</Placemark>
<Placemark>
<name>606</name>
<Point>
<coordinates>16.118020,44.778053</coordinates>
</Point>
</Placemark>
<Placemark>
<name>607</name>
<Point>
<coordinates>16.118053,44.778172</coordinates>
</Point>
</Placemark>
<Placemark>
<name>608</name>
<Point>
<coordinates>16.118148,44.778200</coordinates>
</Point>
</Placemark>
<Placemark>
<name>609</name>
<Point>
<coordinates>16.118218,44.778235</coordinates>
</Point>
</Placemark>
<Placemark>
<name>610</name>
<Point>
<coordinates>16.118218,44.778235</coordinates>
</Point>
</Placemark>
<Placemark>
<name>599</name>
<Point>
<coordinates>16.117920,44.777638</coordinates>
</Point>
</Placemark>
<Placemark>
<name>600</name>
<Point>
<coordinates>16.117842,44.777727</coordinates>
</Point>
</Placemark>
<Placemark>
<name>601</name>
<Point>
<coordinates>16.117842,44.777727</coordinates>
</Point>
</Placemark>
<Placemark>
<name>602</name>
<Point>
<coordinates>16.117842,44.777727</coordinates>
</Point>
</Placemark>
<Placemark>
<name>603</name>
<Point>
<coordinates>16.118028,44.777757</coordinates>
</Point>
</Placemark>
<Placemark>
<name>604</name>
<Point>
<coordinates>16.118112,44.777802</coordinates>
</Point>
</Placemark>
<Placemark>
<name>593</name>
<Point>
<coordinates>16.117935,44.777302</coordinates>
</Point>
</Placemark>
<Placemark>
<name>594</name>
<Point>
<coordinates>16.117935,44.777302</coordinates>
</Point>
</Placemark>
<Placemark>
<name>595</name>
<Point>
<coordinates>16.118100,44.777420</coordinates>
</Point>
</Placemark>
<Placemark>
<name>596</name>
<Point>
<coordinates>16.118048,44.777470</coordinates>
</Point>
</Placemark>
<Placemark>
<name>597</name>
<Point>
<coordinates>16.117963,44.777595</coordinates>
</Point>
</Placemark>
<Placemark>
<name>598</name>
<Point>
<coordinates>16.117963,44.777595</coordinates>
</Point>
</Placemark>
<Placemark>
<name>587</name>
<Point>
<coordinates>16.118068,44.777050</coordinates>
</Point>
</Placemark>
<Placemark>
<name>588</name>
<Point>
<coordinates>16.118003,44.777142</coordinates>
</Point>
</Placemark>
<Placemark>
<name>589</name>
<Point>
<coordinates>16.118003,44.777142</coordinates>
</Point>
</Placemark>
<Placemark>
<name>590</name>
<Point>
<coordinates>16.118013,44.777233</coordinates>
</Point>
</Placemark>
<Placemark>
<name>591</name>
<Point>
<coordinates>16.117953,44.777287</coordinates>
</Point>
</Placemark>
<Placemark>
<name>592</name>
<Point>
<coordinates>16.117935,44.777302</coordinates>
</Point>
</Placemark>
<Placemark>
<name>581</name>
<Point>
<coordinates>16.118115,44.776677</coordinates>
</Point>
</Placemark>
<Placemark>
<name>582</name>
<Point>
<coordinates>16.118115,44.776677</coordinates>
</Point>
</Placemark>
<Placemark>
<name>583</name>
<Point>
<coordinates>16.118107,44.776752</coordinates>
</Point>
</Placemark>
<Placemark>
<name>584</name>
<Point>
<coordinates>16.118018,44.776887</coordinates>
</Point>
</Placemark>
<Placemark>
<name>585</name>
<Point>
<coordinates>16.118077,44.776912</coordinates>
</Point>
</Placemark>
<Placemark>
<name>586</name>
<Point>
<coordinates>16.118088,44.776918</coordinates>
</Point>
</Placemark>
<Placemark>
<name>575</name>
<Point>
<coordinates>16.118012,44.776122</coordinates>
</Point>
</Placemark>
<Placemark>
<name>576</name>
<Point>
<coordinates>16.118015,44.776285</coordinates>
</Point>
</Placemark>
<Placemark>
<name>577</name>
<Point>
<coordinates>16.118008,44.776385</coordinates>
</Point>
</Placemark>
<Placemark>
<name>578</name>
<Point>
<coordinates>16.117975,44.776507</coordinates>
</Point>
</Placemark>
<Placemark>
<name>579</name>
<Point>
<coordinates>16.117953,44.776543</coordinates>
</Point>
</Placemark>
<Placemark>
<name>580</name>
<Point>
<coordinates>16.118033,44.776608</coordinates>
</Point>
</Placemark>
<Placemark>
<name>568</name>
<Point>
<coordinates>16.118012,44.775537</coordinates>
</Point>
</Placemark>
<Placemark>
<name>569</name>
<Point>
<coordinates>16.118053,44.775613</coordinates>
</Point>
</Placemark>
<Placemark>
<name>570</name>
<Point>
<coordinates>16.118002,44.775767</coordinates>
</Point>
</Placemark>
<Placemark>
<name>572</name>
<Point>
<coordinates>16.118002,44.775767</coordinates>
</Point>
</Placemark>
<Placemark>
<name>573</name>
<Point>
<coordinates>16.117967,44.775982</coordinates>
</Point>
</Placemark>
<Placemark>
<name>574</name>
<Point>
<coordinates>16.117995,44.776122</coordinates>
</Point>
</Placemark>
<Placemark>
<name>562</name>
<Point>
<coordinates>16.117785,44.775245</coordinates>
</Point>
</Placemark>
<Placemark>
<name>563</name>
<Point>
<coordinates>16.117805,44.775263</coordinates>
</Point>
</Placemark>
<Placemark>
<name>564</name>
<Point>
<coordinates>16.117813,44.775398</coordinates>
</Point>
</Placemark>
<Placemark>
<name>565</name>
<Point>
<coordinates>16.117852,44.775430</coordinates>
</Point>
</Placemark>
<Placemark>
<name>566</name>
<Point>
<coordinates>16.117852,44.775430</coordinates>
</Point>
</Placemark>
<Placemark>
<name>567</name>
<Point>
<coordinates>16.117905,44.775477</coordinates>
</Point>
</Placemark>
<Placemark>
<name>556</name>
<Point>
<coordinates>16.118368,44.774618</coordinates>
</Point>
</Placemark>
<Placemark>
<name>557</name>
<Point>
<coordinates>16.117887,44.774738</coordinates>
</Point>
</Placemark>
<Placemark>
<name>558</name>
<Point>
<coordinates>16.117800,44.774897</coordinates>
</Point>
</Placemark>
<Placemark>
<name>559</name>
<Point>
<coordinates>16.117715,44.775032</coordinates>
</Point>
</Placemark>
<Placemark>
<name>560</name>
<Point>
<coordinates>16.117790,44.775100</coordinates>
</Point>
</Placemark>
<Placemark>
<name>561</name>
<Point>
<coordinates>16.117737,44.775152</coordinates>
</Point>
</Placemark>
<Placemark>
<name>550</name>
<Point>
<coordinates>16.118572,44.774768</coordinates>
</Point>
</Placemark>
<Placemark>
<name>551</name>
<Point>
<coordinates>16.118572,44.774768</coordinates>
</Point>
</Placemark>
<Placemark>
<name>552</name>
<Point>
<coordinates>16.118572,44.774768</coordinates>
</Point>
</Placemark>
<Placemark>
<name>553</name>
<Point>
<coordinates>16.118512,44.774713</coordinates>
</Point>
</Placemark>
<Placemark>
<name>554</name>
<Point>
<coordinates>16.118512,44.774713</coordinates>
</Point>
</Placemark>
<Placemark>
<name>555</name>
<Point>
<coordinates>16.118512,44.774713</coordinates>
</Point>
</Placemark>
<Placemark>
<name>544</name>
<Point>
<coordinates>16.119157,44.774707</coordinates>
</Point>
</Placemark>
<Placemark>
<name>545</name>
<Point>
<coordinates>16.119157,44.774710</coordinates>
</Point>
</Placemark>
<Placemark>
<name>546</name>
<Point>
<coordinates>16.118890,44.774680</coordinates>
</Point>
</Placemark>
<Placemark>
<name>547</name>
<Point>
<coordinates>16.118867,44.774727</coordinates>
</Point>
</Placemark>
<Placemark>
<name>548</name>
<Point>
<coordinates>16.118750,44.774745</coordinates>
</Point>
</Placemark>
<Placemark>
<name>549</name>
<Point>
<coordinates>16.118750,44.774745</coordinates>
</Point>
</Placemark>
<Placemark>
<name>538</name>
<Point>
<coordinates>16.119162,44.775132</coordinates>
</Point>
</Placemark>
<Placemark>
<name>539</name>
<Point>
<coordinates>16.119235,44.774993</coordinates>
</Point>
</Placemark>
<Placemark>
<name>540</name>
<Point>
<coordinates>16.119138,44.774942</coordinates>
</Point>
</Placemark>
<Placemark>
<name>541</name>
<Point>
<coordinates>16.119210,44.774840</coordinates>
</Point>
</Placemark>
<Placemark>
<name>542</name>
<Point>
<coordinates>16.119132,44.774795</coordinates>
</Point>
</Placemark>
<Placemark>
<name>543</name>
<Point>
<coordinates>16.119157,44.774707</coordinates>
</Point>
</Placemark>
<Placemark>
<name>532</name>
<Point>
<coordinates>16.119167,44.775688</coordinates>
</Point>
</Placemark>
<Placemark>
<name>533</name>
<Point>
<coordinates>16.119172,44.775593</coordinates>
</Point>
</Placemark>
<Placemark>
<name>534</name>
<Point>
<coordinates>16.119165,44.775420</coordinates>
</Point>
</Placemark>
<Placemark>
<name>535</name>
<Point>
<coordinates>16.119165,44.775420</coordinates>
</Point>
</Placemark>
<Placemark>
<name>536</name>
<Point>
<coordinates>16.119148,44.775247</coordinates>
</Point>
</Placemark>
<Placemark>
<name>537</name>
<Point>
<coordinates>16.119168,44.775168</coordinates>
</Point>
</Placemark>
<Placemark>
<name>526</name>
<Point>
<coordinates>16.119162,44.776238</coordinates>
</Point>
</Placemark>
<Placemark>
<name>527</name>
<Point>
<coordinates>16.119130,44.776160</coordinates>
</Point>
</Placemark>
<Placemark>
<name>528</name>
<Point>
<coordinates>16.119133,44.776055</coordinates>
</Point>
</Placemark>
<Placemark>
<name>529</name>
<Point>
<coordinates>16.119133,44.776055</coordinates>
</Point>
</Placemark>
<Placemark>
<name>530</name>
<Point>
<coordinates>16.119040,44.775955</coordinates>
</Point>
</Placemark>
<Placemark>
<name>531</name>
<Point>
<coordinates>16.119198,44.775792</coordinates>
</Point>
</Placemark>
<Placemark>
<name>520</name>
<Point>
<coordinates>16.119418,44.776605</coordinates>
</Point>
</Placemark>
<Placemark>
<name>521</name>
<Point>
<coordinates>16.119433,44.776605</coordinates>
</Point>
</Placemark>
<Placemark>
<name>522</name>
<Point>
<coordinates>16.119393,44.776498</coordinates>
</Point>
</Placemark>
<Placemark>
<name>523</name>
<Point>
<coordinates>16.119360,44.776472</coordinates>
</Point>
</Placemark>
<Placemark>
<name>524</name>
<Point>
<coordinates>16.119265,44.776408</coordinates>
</Point>
</Placemark>
<Placemark>
<name>525</name>
<Point>
<coordinates>16.119252,44.776360</coordinates>
</Point>
</Placemark>
<Placemark>
<name>514</name>
<Point>
<coordinates>16.119437,44.777397</coordinates>
</Point>
</Placemark>
<Placemark>
<name>515</name>
<Point>
<coordinates>16.119335,44.777278</coordinates>
</Point>
</Placemark>
<Placemark>
<name>516</name>
<Point>
<coordinates>16.119277,44.777248</coordinates>
</Point>
</Placemark>
<Placemark>
<name>517</name>
<Point>
<coordinates>16.119247,44.777143</coordinates>
</Point>
</Placemark>
<Placemark>
<name>518</name>
<Point>
<coordinates>16.119225,44.776995</coordinates>
</Point>
</Placemark>
<Placemark>
<name>519</name>
<Point>
<coordinates>16.119218,44.776922</coordinates>
</Point>
</Placemark>
<Placemark>
<name>177</name>
<Point>
<coordinates>16.119558,44.778000</coordinates>
</Point>
</Placemark>
<Placemark>
<name>178</name>
<Point>
<coordinates>16.119558,44.778000</coordinates>
</Point>
</Placemark>
<Placemark>
<name>179</name>
<Point>
<coordinates>16.119498,44.777837</coordinates>
</Point>
</Placemark>
<Placemark>
<name>180</name>
<Point>
<coordinates>16.119560,44.777693</coordinates>
</Point>
</Placemark>
<Placemark>
<name>512</name>
<Point>
<coordinates>16.119557,44.777640</coordinates>
</Point>
</Placemark>
<Placemark>
<name>513</name>
<Point>
<coordinates>16.119527,44.777587</coordinates>
</Point>
</Placemark>
<Placemark>
<name>171</name>
<Point>
<coordinates>16.119612,44.778377</coordinates>
</Point>
</Placemark>
<Placemark>
<name>172</name>
<Point>
<coordinates>16.119700,44.778258</coordinates>
</Point>
</Placemark>
<Placemark>
<name>173</name>
<Point>
<coordinates>16.119563,44.778160</coordinates>
</Point>
</Placemark>
<Placemark>
<name>174</name>
<Point>
<coordinates>16.119585,44.778153</coordinates>
</Point>
</Placemark>
<Placemark>
<name>175</name>
<Point>
<coordinates>16.119585,44.778153</coordinates>
</Point>
</Placemark>
<Placemark>
<name>176</name>
<Point>
<coordinates>16.119558,44.778000</coordinates>
</Point>
</Placemark>
<Placemark>
<name>165</name>
<Point>
<coordinates>16.119327,44.778813</coordinates>
</Point>
</Placemark>
<Placemark>
<name>166</name>
<Point>
<coordinates>16.119410,44.778687</coordinates>
</Point>
</Placemark>
<Placemark>
<name>167</name>
<Point>
<coordinates>16.119447,44.778602</coordinates>
</Point>
</Placemark>
<Placemark>
<name>168</name>
<Point>
<coordinates>16.119482,44.778612</coordinates>
</Point>
</Placemark>
<Placemark>
<name>169</name>
<Point>
<coordinates>16.119482,44.778612</coordinates>
</Point>
</Placemark>
<Placemark>
<name>170</name>
<Point>
<coordinates>16.119482,44.778612</coordinates>
</Point>
</Placemark>
<Placemark>
<name>159</name>
<Point>
<coordinates>16.119590,44.779433</coordinates>
</Point>
</Placemark>
<Placemark>
<name>160</name>
<Point>
<coordinates>16.119595,44.779340</coordinates>
</Point>
</Placemark>
<Placemark>
<name>161</name>
<Point>
<coordinates>16.119558,44.779300</coordinates>
</Point>
</Placemark>
<Placemark>
<name>162</name>
<Point>
<coordinates>16.119213,44.779043</coordinates>
</Point>
</Placemark>
<Placemark>
<name>163</name>
<Point>
<coordinates>16.119205,44.778970</coordinates>
</Point>
</Placemark>
<Placemark>
<name>164</name>
<Point>
<coordinates>16.119243,44.778888</coordinates>
</Point>
</Placemark>
<Placemark>
<name>153</name>
<Point>
<coordinates>16.119665,44.780025</coordinates>
</Point>
</Placemark>
<Placemark>
<name>154</name>
<Point>
<coordinates>16.119570,44.780002</coordinates>
</Point>
</Placemark>
<Placemark>
<name>155</name>
<Point>
<coordinates>16.119388,44.779777</coordinates>
</Point>
</Placemark>
<Placemark>
<name>156</name>
<Point>
<coordinates>16.119388,44.779777</coordinates>
</Point>
</Placemark>
<Placemark>
<name>157</name>
<Point>
<coordinates>16.119473,44.779512</coordinates>
</Point>
</Placemark>
<Placemark>
<name>158</name>
<Point>
<coordinates>16.119590,44.779433</coordinates>
</Point>
</Placemark>
<Placemark>
<name>152</name>
<Point>
<coordinates>16.119682,44.779977</coordinates>
</Point>
</Placemark>
<Placemark>
<name>508</name>
<Point>
<coordinates>16.119833,44.780020</coordinates>
</Point>
</Placemark>
<Placemark>
<name>509</name>
<Point>
<coordinates>16.119877,44.779978</coordinates>
</Point>
</Placemark>
<Placemark>
<name>510</name>
<Point>
<coordinates>16.120143,44.779957</coordinates>
</Point>
</Placemark>
<Placemark>
<name>502</name>
<Point>
<coordinates>16.118715,44.779832</coordinates>
</Point>
</Placemark>
<Placemark>
<name>503</name>
<Point>
<coordinates>16.118848,44.779840</coordinates>
</Point>
</Placemark>
<Placemark>
<name>504</name>
<Point>
<coordinates>16.118838,44.779933</coordinates>
</Point>
</Placemark>
<Placemark>
<name>505</name>
<Point>
<coordinates>16.119080,44.780020</coordinates>
</Point>
</Placemark>
<Placemark>
<name>506</name>
<Point>
<coordinates>16.119080,44.780020</coordinates>
</Point>
</Placemark>
<Placemark>
<name>507</name>
<Point>
<coordinates>16.120042,44.780223</coordinates>
</Point>
</Placemark>
<Placemark>
<name>496</name>
<Point>
<coordinates>16.118600,44.779702</coordinates>
</Point>
</Placemark>
<Placemark>
<name>497</name>
<Point>
<coordinates>16.118620,44.779795</coordinates>
</Point>
</Placemark>
<Placemark>
<name>498</name>
<Point>
<coordinates>16.118562,44.779847</coordinates>
</Point>
</Placemark>
<Placemark>
<name>499</name>
<Point>
<coordinates>16.118548,44.779833</coordinates>
</Point>
</Placemark>
<Placemark>
<name>500</name>
<Point>
<coordinates>16.118518,44.779838</coordinates>
</Point>
</Placemark>
<Placemark>
<name>501</name>
<Point>
<coordinates>16.118637,44.779913</coordinates>
</Point>
</Placemark>
<Placemark>
<name>490</name>
<Point>
<coordinates>16.118678,44.779487</coordinates>
</Point>
</Placemark>
<Placemark>
<name>491</name>
<Point>
<coordinates>16.118670,44.779563</coordinates>
</Point>
</Placemark>
<Placemark>
<name>492</name>
<Point>
<coordinates>16.118670,44.779563</coordinates>
</Point>
</Placemark>
<Placemark>
<name>493</name>
<Point>
<coordinates>16.118600,44.779702</coordinates>
</Point>
</Placemark>
<Placemark>
<name>494</name>
<Point>
<coordinates>16.118600,44.779702</coordinates>
</Point>
</Placemark>
<Placemark>
<name>495</name>
<Point>
<coordinates>16.118600,44.779702</coordinates>
</Point>
</Placemark>
<Placemark>
<name>484</name>
<Point>
<coordinates>16.118403,44.779142</coordinates>
</Point>
</Placemark>
<Placemark>
<name>485</name>
<Point>
<coordinates>16.118407,44.779200</coordinates>
</Point>
</Placemark>
<Placemark>
<name>486</name>
<Point>
<coordinates>16.118465,44.779257</coordinates>
</Point>
</Placemark>
<Placemark>
<name>487</name>
<Point>
<coordinates>16.118403,44.779218</coordinates>
</Point>
</Placemark>
<Placemark>
<name>488</name>
<Point>
<coordinates>16.118453,44.779363</coordinates>
</Point>
</Placemark>
<Placemark>
<name>489</name>
<Point>
<coordinates>16.118550,44.779458</coordinates>
</Point>
</Placemark>
<Placemark>
<name>477</name>
<Point>
<coordinates>16.118587,44.778578</coordinates>
</Point>
</Placemark>
<Placemark>
<name>478</name>
<Point>
<coordinates>16.118492,44.778657</coordinates>
</Point>
</Placemark>
<Placemark>
<name>479</name>
<Point>
<coordinates>16.118505,44.778808</coordinates>
</Point>
</Placemark>
<Placemark>
<name>480</name>
<Point>
<coordinates>16.118517,44.778872</coordinates>
</Point>
</Placemark>
<Placemark>
<name>482</name>
<Point>
<coordinates>16.118518,44.778877</coordinates>
</Point>
</Placemark>
<Placemark>
<name>483</name>
<Point>
<coordinates>16.118518,44.778877</coordinates>
</Point>
</Placemark>
<Placemark>
<name>471</name>
<Point>
<coordinates>16.118723,44.778233</coordinates>
</Point>
</Placemark>
<Placemark>
<name>472</name>
<Point>
<coordinates>16.118723,44.778233</coordinates>
</Point>
</Placemark>
<Placemark>
<name>473</name>
<Point>
<coordinates>16.118678,44.778302</coordinates>
</Point>
</Placemark>
<Placemark>
<name>474</name>
<Point>
<coordinates>16.118937,44.778245</coordinates>
</Point>
</Placemark>
<Placemark>
<name>475</name>
<Point>
<coordinates>16.118737,44.778367</coordinates>
</Point>
</Placemark>
<Placemark>
<name>476</name>
<Point>
<coordinates>16.118792,44.778378</coordinates>
</Point>
</Placemark>
<Placemark>
<name>465</name>
<Point>
<coordinates>16.118737,44.777810</coordinates>
</Point>
</Placemark>
<Placemark>
<name>466</name>
<Point>
<coordinates>16.118760,44.777910</coordinates>
</Point>
</Placemark>
<Placemark>
<name>467</name>
<Point>
<coordinates>16.118768,44.777895</coordinates>
</Point>
</Placemark>
<Placemark>
<name>468</name>
<Point>
<coordinates>16.118755,44.777978</coordinates>
</Point>
</Placemark>
<Placemark>
<name>469</name>
<Point>
<coordinates>16.118755,44.777978</coordinates>
</Point>
</Placemark>
<Placemark>
<name>470</name>
<Point>
<coordinates>16.118722,44.778010</coordinates>
</Point>
</Placemark>
<Placemark>
<name>459</name>
<Point>
<coordinates>16.118443,44.777710</coordinates>
</Point>
</Placemark>
<Placemark>
<name>460</name>
<Point>
<coordinates>16.118395,44.777748</coordinates>
</Point>
</Placemark>
<Placemark>
<name>461</name>
<Point>
<coordinates>16.118395,44.777748</coordinates>
</Point>
</Placemark>
<Placemark>
<name>462</name>
<Point>
<coordinates>16.118395,44.777748</coordinates>
</Point>
</Placemark>
<Placemark>
<name>463</name>
<Point>
<coordinates>16.118555,44.777790</coordinates>
</Point>
</Placemark>
<Placemark>
<name>464</name>
<Point>
<coordinates>16.118648,44.777865</coordinates>
</Point>
</Placemark>
<Placemark>
<name>453</name>
<Point>
<coordinates>16.118363,44.777152</coordinates>
</Point>
</Placemark>
<Placemark>
<name>454</name>
<Point>
<coordinates>16.118428,44.777345</coordinates>
</Point>
</Placemark>
<Placemark>
<name>455</name>
<Point>
<coordinates>16.118412,44.777410</coordinates>
</Point>
</Placemark>
<Placemark>
<name>456</name>
<Point>
<coordinates>16.118438,44.777535</coordinates>
</Point>
</Placemark>
<Placemark>
<name>457</name>
<Point>
<coordinates>16.118450,44.777662</coordinates>
</Point>
</Placemark>
<Placemark>
<name>458</name>
<Point>
<coordinates>16.118443,44.777710</coordinates>
</Point>
</Placemark>
<Placemark>
<name>446</name>
<Point>
<coordinates>16.118600,44.776683</coordinates>
</Point>
</Placemark>
<Placemark>
<name>447</name>
<Point>
<coordinates>16.118563,44.776743</coordinates>
</Point>
</Placemark>
<Placemark>
<name>448</name>
<Point>
<coordinates>16.118517,44.776823</coordinates>
</Point>
</Placemark>
<Placemark>
<name>449</name>
<Point>
<coordinates>16.118517,44.776823</coordinates>
</Point>
</Placemark>
<Placemark>
<name>450</name>
<Point>
<coordinates>16.118387,44.777017</coordinates>
</Point>
</Placemark>
<Placemark>
<name>452</name>
<Point>
<coordinates>16.118360,44.777017</coordinates>
</Point>
</Placemark>
<Placemark>
<name>440</name>
<Point>
<coordinates>16.118283,44.776030</coordinates>
</Point>
</Placemark>
<Placemark>
<name>441</name>
<Point>
<coordinates>16.118315,44.776143</coordinates>
</Point>
</Placemark>
<Placemark>
<name>442</name>
<Point>
<coordinates>16.118310,44.776183</coordinates>
</Point>
</Placemark>
<Placemark>
<name>443</name>
<Point>
<coordinates>16.118425,44.776175</coordinates>
</Point>
</Placemark>
<Placemark>
<name>444</name>
<Point>
<coordinates>16.118552,44.776315</coordinates>
</Point>
</Placemark>
<Placemark>
<name>445</name>
<Point>
<coordinates>16.118552,44.776315</coordinates>
</Point>
</Placemark>
<Placemark>
<name>434</name>
<Point>
<coordinates>16.118262,44.775593</coordinates>
</Point>
</Placemark>
<Placemark>
<name>435</name>
<Point>
<coordinates>16.118252,44.775750</coordinates>
</Point>
</Placemark>
<Placemark>
<name>436</name>
<Point>
<coordinates>16.118252,44.775750</coordinates>
</Point>
</Placemark>
<Placemark>
<name>437</name>
<Point>
<coordinates>16.118283,44.775840</coordinates>
</Point>
</Placemark>
<Placemark>
<name>438</name>
<Point>
<coordinates>16.118353,44.775892</coordinates>
</Point>
</Placemark>
<Placemark>
<name>439</name>
<Point>
<coordinates>16.118353,44.775892</coordinates>
</Point>
</Placemark>
<Placemark>
<name>428</name>
<Point>
<coordinates>16.118057,44.775212</coordinates>
</Point>
</Placemark>
<Placemark>
<name>429</name>
<Point>
<coordinates>16.118105,44.775295</coordinates>
</Point>
</Placemark>
<Placemark>
<name>430</name>
<Point>
<coordinates>16.118150,44.775312</coordinates>
</Point>
</Placemark>
<Placemark>
<name>431</name>
<Point>
<coordinates>16.118188,44.775395</coordinates>
</Point>
</Placemark>
<Placemark>
<name>432</name>
<Point>
<coordinates>16.118173,44.775532</coordinates>
</Point>
</Placemark>
<Placemark>
<name>433</name>
<Point>
<coordinates>16.118173,44.775532</coordinates>
</Point>
</Placemark>
<Placemark>
<name>422</name>
<Point>
<coordinates>16.118173,44.774672</coordinates>
</Point>
</Placemark>
<Placemark>
<name>423</name>
<Point>
<coordinates>16.117795,44.774803</coordinates>
</Point>
</Placemark>
<Placemark>
<name>424</name>
<Point>
<coordinates>16.117873,44.774908</coordinates>
</Point>
</Placemark>
<Placemark>
<name>425</name>
<Point>
<coordinates>16.117927,44.774960</coordinates>
</Point>
</Placemark>
<Placemark>
<name>426</name>
<Point>
<coordinates>16.117975,44.775137</coordinates>
</Point>
</Placemark>
<Placemark>
<name>427</name>
<Point>
<coordinates>16.117975,44.775137</coordinates>
</Point>
</Placemark>
<Placemark>
<name>416</name>
<Point>
<coordinates>16.118420,44.774962</coordinates>
</Point>
</Placemark>
<Placemark>
<name>417</name>
<Point>
<coordinates>16.118420,44.774962</coordinates>
</Point>
</Placemark>
<Placemark>
<name>418</name>
<Point>
<coordinates>16.118347,44.774917</coordinates>
</Point>
</Placemark>
<Placemark>
<name>419</name>
<Point>
<coordinates>16.118272,44.774858</coordinates>
</Point>
</Placemark>
<Placemark>
<name>420</name>
<Point>
<coordinates>16.118167,44.774747</coordinates>
</Point>
</Placemark>
<Placemark>
<name>421</name>
<Point>
<coordinates>16.118173,44.774672</coordinates>
</Point>
</Placemark>
<Placemark>
<name>410</name>
<Point>
<coordinates>16.118697,44.775258</coordinates>
</Point>
</Placemark>
<Placemark>
<name>411</name>
<Point>
<coordinates>16.118795,44.775255</coordinates>
</Point>
</Placemark>
<Placemark>
<name>412</name>
<Point>
<coordinates>16.118780,44.775022</coordinates>
</Point>
</Placemark>
<Placemark>
<name>413</name>
<Point>
<coordinates>16.118617,44.775042</coordinates>
</Point>
</Placemark>
<Placemark>
<name>414</name>
<Point>
<coordinates>16.118517,44.774995</coordinates>
</Point>
</Placemark>
<Placemark>
<name>415</name>
<Point>
<coordinates>16.118420,44.774962</coordinates>
</Point>
</Placemark>
<Placemark>
<name>404</name>
<Point>
<coordinates>16.118550,44.775715</coordinates>
</Point>
</Placemark>
<Placemark>
<name>405</name>
<Point>
<coordinates>16.118580,44.775608</coordinates>
</Point>
</Placemark>
<Placemark>
<name>406</name>
<Point>
<coordinates>16.118608,44.775512</coordinates>
</Point>
</Placemark>
<Placemark>
<name>407</name>
<Point>
<coordinates>16.118565,44.775345</coordinates>
</Point>
</Placemark>
<Placemark>
<name>408</name>
<Point>
<coordinates>16.118597,44.775290</coordinates>
</Point>
</Placemark>
<Placemark>
<name>409</name>
<Point>
<coordinates>16.118597,44.775290</coordinates>
</Point>
</Placemark>
<Placemark>
<name>398</name>
<Point>
<coordinates>16.118697,44.776048</coordinates>
</Point>
</Placemark>
<Placemark>
<name>399</name>
<Point>
<coordinates>16.118697,44.776048</coordinates>
</Point>
</Placemark>
<Placemark>
<name>400</name>
<Point>
<coordinates>16.118697,44.776048</coordinates>
</Point>
</Placemark>
<Placemark>
<name>401</name>
<Point>
<coordinates>16.118697,44.776048</coordinates>
</Point>
</Placemark>
<Placemark>
<name>402</name>
<Point>
<coordinates>16.118578,44.775913</coordinates>
</Point>
</Placemark>
<Placemark>
<name>403</name>
<Point>
<coordinates>16.118507,44.775762</coordinates>
</Point>
</Placemark>
<Placemark>
<name>392</name>
<Point>
<coordinates>16.119000,44.776355</coordinates>
</Point>
</Placemark>
<Placemark>
<name>393</name>
<Point>
<coordinates>16.118990,44.776310</coordinates>
</Point>
</Placemark>
<Placemark>
<name>394</name>
<Point>
<coordinates>16.118978,44.776273</coordinates>
</Point>
</Placemark>
<Placemark>
<name>395</name>
<Point>
<coordinates>16.118867,44.776142</coordinates>
</Point>
</Placemark>
<Placemark>
<name>396</name>
<Point>
<coordinates>16.118682,44.776115</coordinates>
</Point>
</Placemark>
<Placemark>
<name>397</name>
<Point>
<coordinates>16.118672,44.776078</coordinates>
</Point>
</Placemark>
<Placemark>
<name>385</name>
<Point>
<coordinates>16.118817,44.777297</coordinates>
</Point>
</Placemark>
<Placemark>
<name>386</name>
<Point>
<coordinates>16.118858,44.777097</coordinates>
</Point>
</Placemark>
<Placemark>
<name>387</name>
<Point>
<coordinates>16.118812,44.776870</coordinates>
</Point>
</Placemark>
<Placemark>
<name>388</name>
<Point>
<coordinates>16.118855,44.776762</coordinates>
</Point>
</Placemark>
<Placemark>
<name>389</name>
<Point>
<coordinates>16.118872,44.776592</coordinates>
</Point>
</Placemark>
<Placemark>
<name>390</name>
<Point>
<coordinates>16.118903,44.776545</coordinates>
</Point>
</Placemark>
<Placemark>
<name>379</name>
<Point>
<coordinates>16.118915,44.777515</coordinates>
</Point>
</Placemark>
<Placemark>
<name>380</name>
<Point>
<coordinates>16.118915,44.777515</coordinates>
</Point>
</Placemark>
<Placemark>
<name>381</name>
<Point>
<coordinates>16.118892,44.777472</coordinates>
</Point>
</Placemark>
<Placemark>
<name>382</name>
<Point>
<coordinates>16.118967,44.777518</coordinates>
</Point>
</Placemark>
<Placemark>
<name>383</name>
<Point>
<coordinates>16.118930,44.777435</coordinates>
</Point>
</Placemark>
<Placemark>
<name>384</name>
<Point>
<coordinates>16.118930,44.777435</coordinates>
</Point>
</Placemark>
<Placemark>
<name>373</name>
<Point>
<coordinates>16.118963,44.777657</coordinates>
</Point>
</Placemark>
<Placemark>
<name>374</name>
<Point>
<coordinates>16.118963,44.777657</coordinates>
</Point>
</Placemark>
<Placemark>
<name>375</name>
<Point>
<coordinates>16.119020,44.777580</coordinates>
</Point>
</Placemark>
<Placemark>
<name>376</name>
<Point>
<coordinates>16.119020,44.777580</coordinates>
</Point>
</Placemark>
<Placemark>
<name>377</name>
<Point>
<coordinates>16.119020,44.777580</coordinates>
</Point>
</Placemark>
<Placemark>
<name>378</name>
<Point>
<coordinates>16.119020,44.777580</coordinates>
</Point>
</Placemark>
<Placemark>
<name>367</name>
<Point>
<coordinates>16.119095,44.778190</coordinates>
</Point>
</Placemark>
<Placemark>
<name>368</name>
<Point>
<coordinates>16.119133,44.778062</coordinates>
</Point>
</Placemark>
<Placemark>
<name>369</name>
<Point>
<coordinates>16.119083,44.777858</coordinates>
</Point>
</Placemark>
<Placemark>
<name>370</name>
<Point>
<coordinates>16.119002,44.777737</coordinates>
</Point>
</Placemark>
<Placemark>
<name>371</name>
<Point>
<coordinates>16.118992,44.777690</coordinates>
</Point>
</Placemark>
<Placemark>
<name>372</name>
<Point>
<coordinates>16.118963,44.777657</coordinates>
</Point>
</Placemark>
<Placemark>
<name>361</name>
<Point>
<coordinates>16.119028,44.778515</coordinates>
</Point>
</Placemark>
<Placemark>
<name>362</name>
<Point>
<coordinates>16.119228,44.778480</coordinates>
</Point>
</Placemark>
<Placemark>
<name>363</name>
<Point>
<coordinates>16.119147,44.778463</coordinates>
</Point>
</Placemark>
<Placemark>
<name>364</name>
<Point>
<coordinates>16.119155,44.778378</coordinates>
</Point>
</Placemark>
<Placemark>
<name>365</name>
<Point>
<coordinates>16.119205,44.778235</coordinates>
</Point>
</Placemark>
<Placemark>
<name>366</name>
<Point>
<coordinates>16.119205,44.778235</coordinates>
</Point>
</Placemark>
<Placemark>
<name>355</name>
<Point>
<coordinates>16.118852,44.778923</coordinates>
</Point>
</Placemark>
<Placemark>
<name>356</name>
<Point>
<coordinates>16.118852,44.778923</coordinates>
</Point>
</Placemark>
<Placemark>
<name>357</name>
<Point>
<coordinates>16.118895,44.778787</coordinates>
</Point>
</Placemark>
<Placemark>
<name>358</name>
<Point>
<coordinates>16.118870,44.778697</coordinates>
</Point>
</Placemark>
<Placemark>
<name>359</name>
<Point>
<coordinates>16.118850,44.778598</coordinates>
</Point>
</Placemark>
<Placemark>
<name>360</name>
<Point>
<coordinates>16.118998,44.778545</coordinates>
</Point>
</Placemark>
<Placemark>
<name>349</name>
<Point>
<coordinates>16.118903,44.779345</coordinates>
</Point>
</Placemark>
<Placemark>
<name>350</name>
<Point>
<coordinates>16.118922,44.779215</coordinates>
</Point>
</Placemark>
<Placemark>
<name>351</name>
<Point>
<coordinates>16.118922,44.779215</coordinates>
</Point>
</Placemark>
<Placemark>
<name>352</name>
<Point>
<coordinates>16.118922,44.779215</coordinates>
</Point>
</Placemark>
<Placemark>
<name>353</name>
<Point>
<coordinates>16.118933,44.779100</coordinates>
</Point>
</Placemark>
<Placemark>
<name>354</name>
<Point>
<coordinates>16.118757,44.779053</coordinates>
</Point>
</Placemark>
<Placemark>
<name>343</name>
<Point>
<coordinates>16.119057,44.779910</coordinates>
</Point>
</Placemark>
<Placemark>
<name>344</name>
<Point>
<coordinates>16.119057,44.779910</coordinates>
</Point>
</Placemark>
<Placemark>
<name>345</name>
<Point>
<coordinates>16.119027,44.779358</coordinates>
</Point>
</Placemark>
<Placemark>
<name>346</name>
<Point>
<coordinates>16.118897,44.779337</coordinates>
</Point>
</Placemark>
<Placemark>
<name>347</name>
<Point>
<coordinates>16.118903,44.779345</coordinates>
</Point>
</Placemark>
<Placemark>
<name>348</name>
<Point>
<coordinates>16.118903,44.779345</coordinates>
</Point>
</Placemark>
<Placemark>
<name>337</name>
<Point>
<coordinates>16.119057,44.779910</coordinates>
</Point>
</Placemark>
<Placemark>
<name>338</name>
<Point>
<coordinates>16.119057,44.779910</coordinates>
</Point>
</Placemark>
<Placemark>
<name>339</name>
<Point>
<coordinates>16.119057,44.779910</coordinates>
</Point>
</Placemark>
<Placemark>
<name>340</name>
<Point>
<coordinates>16.119057,44.779910</coordinates>
</Point>
</Placemark>
<Placemark>
<name>341</name>
<Point>
<coordinates>16.119057,44.779910</coordinates>
</Point>
</Placemark>
<Placemark>
<name>342</name>
<Point>
<coordinates>16.119057,44.779910</coordinates>
</Point>
</Placemark>
<Placemark>
<name>331</name>
<Point>
<coordinates>16.121730,44.779857</coordinates>
</Point>
</Placemark>
<Placemark>
<name>332</name>
<Point>
<coordinates>16.121730,44.779857</coordinates>
</Point>
</Placemark>
<Placemark>
<name>333</name>
<Point>
<coordinates>16.121730,44.779857</coordinates>
</Point>
</Placemark>
<Placemark>
<name>334</name>
<Point>
<coordinates>16.121730,44.779857</coordinates>
</Point>
</Placemark>
<Placemark>
<name>335</name>
<Point>
<coordinates>16.121730,44.779857</coordinates>
</Point>
</Placemark>
<Placemark>
<name>336</name>
<Point>
<coordinates>16.119057,44.779910</coordinates>
</Point>
</Placemark>
<Placemark>
<name>807</name>
<Point>
<coordinates>16.115425,44.775645</coordinates>
</Point>
</Placemark>
<Placemark>
<name>808</name>
<Point>
<coordinates>16.115400,44.775623</coordinates>
</Point>
</Placemark>
<Placemark>
<name>809</name>
<Point>
<coordinates>16.115400,44.775623</coordinates>
</Point>
</Placemark>
<Placemark>
<name>810</name>
<Point>
<coordinates>16.115320,44.775530</coordinates>
</Point>
</Placemark>
<Placemark>
<name>801</name>
<Point>
<coordinates>16.115213,44.776395</coordinates>
</Point>
</Placemark>
<Placemark>
<name>802</name>
<Point>
<coordinates>16.115280,44.776263</coordinates>
</Point>
</Placemark>
<Placemark>
<name>803</name>
<Point>
<coordinates>16.115337,44.776248</coordinates>
</Point>
</Placemark>
<Placemark>
<name>804</name>
<Point>
<coordinates>16.115373,44.775982</coordinates>
</Point>
</Placemark>
<Placemark>
<name>805</name>
<Point>
<coordinates>16.115348,44.775955</coordinates>
</Point>
</Placemark>
<Placemark>
<name>806</name>
<Point>
<coordinates>16.115313,44.775803</coordinates>
</Point>
</Placemark>
<Placemark>
<name>795</name>
<Point>
<coordinates>16.115420,44.776792</coordinates>
</Point>
</Placemark>
<Placemark>
<name>796</name>
<Point>
<coordinates>16.115420,44.776792</coordinates>
</Point>
</Placemark>
<Placemark>
<name>797</name>
<Point>
<coordinates>16.115475,44.776688</coordinates>
</Point>
</Placemark>
<Placemark>
<name>798</name>
<Point>
<coordinates>16.115400,44.776555</coordinates>
</Point>
</Placemark>
<Placemark>
<name>799</name>
<Point>
<coordinates>16.115370,44.776448</coordinates>
</Point>
</Placemark>
<Placemark>
<name>800</name>
<Point>
<coordinates>16.115268,44.776428</coordinates>
</Point>
</Placemark>
<Placemark>
<name>789</name>
<Point>
<coordinates>16.115788,44.777260</coordinates>
</Point>
</Placemark>
<Placemark>
<name>790</name>
<Point>
<coordinates>16.115690,44.777193</coordinates>
</Point>
</Placemark>
<Placemark>
<name>791</name>
<Point>
<coordinates>16.115575,44.777142</coordinates>
</Point>
</Placemark>
<Placemark>
<name>792</name>
<Point>
<coordinates>16.115442,44.777093</coordinates>
</Point>
</Placemark>
<Placemark>
<name>793</name>
<Point>
<coordinates>16.115382,44.776937</coordinates>
</Point>
</Placemark>
<Placemark>
<name>794</name>
<Point>
<coordinates>16.115382,44.776937</coordinates>
</Point>
</Placemark>
<Placemark>
<name>783</name>
<Point>
<coordinates>16.116047,44.777523</coordinates>
</Point>
</Placemark>
<Placemark>
<name>784</name>
<Point>
<coordinates>16.116100,44.777515</coordinates>
</Point>
</Placemark>
<Placemark>
<name>785</name>
<Point>
<coordinates>16.116097,44.777480</coordinates>
</Point>
</Placemark>
<Placemark>
<name>786</name>
<Point>
<coordinates>16.115873,44.777288</coordinates>
</Point>
</Placemark>
<Placemark>
<name>787</name>
<Point>
<coordinates>16.115755,44.777300</coordinates>
</Point>
</Placemark>
<Placemark>
<name>788</name>
<Point>
<coordinates>16.115788,44.777260</coordinates>
</Point>
</Placemark>
<Placemark>
<name>777</name>
<Point>
<coordinates>16.115975,44.778230</coordinates>
</Point>
</Placemark>
<Placemark>
<name>778</name>
<Point>
<coordinates>16.115882,44.778138</coordinates>
</Point>
</Placemark>
<Placemark>
<name>779</name>
<Point>
<coordinates>16.115792,44.778050</coordinates>
</Point>
</Placemark>
<Placemark>
<name>780</name>
<Point>
<coordinates>16.115772,44.777962</coordinates>
</Point>
</Placemark>
<Placemark>
<name>781</name>
<Point>
<coordinates>16.115802,44.777843</coordinates>
</Point>
</Placemark>
<Placemark>
<name>782</name>
<Point>
<coordinates>16.115820,44.777738</coordinates>
</Point>
</Placemark>
<Placemark>
<name>770</name>
<Point>
<coordinates>16.116438,44.778650</coordinates>
</Point>
</Placemark>
<Placemark>
<name>771</name>
<Point>
<coordinates>16.116255,44.778638</coordinates>
</Point>
</Placemark>
<Placemark>
<name>772</name>
<Point>
<coordinates>16.116135,44.778477</coordinates>
</Point>
</Placemark>
<Placemark>
<name>774</name>
<Point>
<coordinates>16.116088,44.778353</coordinates>
</Point>
</Placemark>
<Placemark>
<name>775</name>
<Point>
<coordinates>16.116088,44.778353</coordinates>
</Point>
</Placemark>
<Placemark>
<name>776</name>
<Point>
<coordinates>16.116088,44.778353</coordinates>
</Point>
</Placemark>
<Placemark>
<name>764</name>
<Point>
<coordinates>16.116478,44.778217</coordinates>
</Point>
</Placemark>
<Placemark>
<name>765</name>
<Point>
<coordinates>16.116478,44.778295</coordinates>
</Point>
</Placemark>
<Placemark>
<name>766</name>
<Point>
<coordinates>16.116473,44.778367</coordinates>
</Point>
</Placemark>
<Placemark>
<name>767</name>
<Point>
<coordinates>16.116468,44.778398</coordinates>
</Point>
</Placemark>
<Placemark>
<name>768</name>
<Point>
<coordinates>16.116447,44.778415</coordinates>
</Point>
</Placemark>
<Placemark>
<name>769</name>
<Point>
<coordinates>16.116447,44.778415</coordinates>
</Point>
</Placemark>
<Placemark>
<name>758</name>
<Point>
<coordinates>16.116535,44.777862</coordinates>
</Point>
</Placemark>
<Placemark>
<name>759</name>
<Point>
<coordinates>16.116555,44.777962</coordinates>
</Point>
</Placemark>
<Placemark>
<name>760</name>
<Point>
<coordinates>16.116555,44.777962</coordinates>
</Point>
</Placemark>
<Placemark>
<name>761</name>
<Point>
<coordinates>16.116502,44.778127</coordinates>
</Point>
</Placemark>
<Placemark>
<name>762</name>
<Point>
<coordinates>16.116502,44.778127</coordinates>
</Point>
</Placemark>
<Placemark>
<name>763</name>
<Point>
<coordinates>16.116502,44.778127</coordinates>
</Point>
</Placemark>
<Placemark>
<name>752</name>
<Point>
<coordinates>16.116358,44.777608</coordinates>
</Point>
</Placemark>
<Placemark>
<name>753</name>
<Point>
<coordinates>16.116372,44.777633</coordinates>
</Point>
</Placemark>
<Placemark>
<name>754</name>
<Point>
<coordinates>16.116435,44.777645</coordinates>
</Point>
</Placemark>
<Placemark>
<name>755</name>
<Point>
<coordinates>16.116485,44.777728</coordinates>
</Point>
</Placemark>
<Placemark>
<name>756</name>
<Point>
<coordinates>16.116480,44.777738</coordinates>
</Point>
</Placemark>
<Placemark>
<name>757</name>
<Point>
<coordinates>16.116535,44.777862</coordinates>
</Point>
</Placemark>
<Placemark>
<name>745</name>
<Point>
<coordinates>16.116422,44.777352</coordinates>
</Point>
</Placemark>
<Placemark>
<name>746</name>
<Point>
<coordinates>16.116435,44.777390</coordinates>
</Point>
</Placemark>
<Placemark>
<name>747</name>
<Point>
<coordinates>16.116448,44.777398</coordinates>
</Point>
</Placemark>
<Placemark>
<name>748</name>
<Point>
<coordinates>16.116577,44.777435</coordinates>
</Point>
</Placemark>
<Placemark>
<name>749</name>
<Point>
<coordinates>16.116527,44.777548</coordinates>
</Point>
</Placemark>
<Placemark>
<name>750</name>
<Point>
<coordinates>16.116477,44.777598</coordinates>
</Point>
</Placemark>
<Placemark>
<name>739</name>
<Point>
<coordinates>16.116315,44.777037</coordinates>
</Point>
</Placemark>
<Placemark>
<name>740</name>
<Point>
<coordinates>16.116315,44.777037</coordinates>
</Point>
</Placemark>
<Placemark>
<name>741</name>
<Point>
<coordinates>16.116405,44.777162</coordinates>
</Point>
</Placemark>
<Placemark>
<name>742</name>
<Point>
<coordinates>16.116300,44.777230</coordinates>
</Point>
</Placemark>
<Placemark>
<name>743</name>
<Point>
<coordinates>16.116412,44.777287</coordinates>
</Point>
</Placemark>
<Placemark>
<name>744</name>
<Point>
<coordinates>16.116428,44.777303</coordinates>
</Point>
</Placemark>
<Placemark>
<name>733</name>
<Point>
<coordinates>16.115980,44.776432</coordinates>
</Point>
</Placemark>
<Placemark>
<name>734</name>
<Point>
<coordinates>16.116000,44.776525</coordinates>
</Point>
</Placemark>
<Placemark>
<name>735</name>
<Point>
<coordinates>16.115972,44.776692</coordinates>
</Point>
</Placemark>
<Placemark>
<name>736</name>
<Point>
<coordinates>16.116072,44.776820</coordinates>
</Point>
</Placemark>
<Placemark>
<name>737</name>
<Point>
<coordinates>16.116197,44.776925</coordinates>
</Point>
</Placemark>
<Placemark>
<name>738</name>
<Point>
<coordinates>16.116290,44.776992</coordinates>
</Point>
</Placemark>
<Placemark>
<name>727</name>
<Point>
<coordinates>16.116223,44.776162</coordinates>
</Point>
</Placemark>
<Placemark>
<name>728</name>
<Point>
<coordinates>16.116242,44.776288</coordinates>
</Point>
</Placemark>
<Placemark>
<name>729</name>
<Point>
<coordinates>16.116077,44.776400</coordinates>
</Point>
</Placemark>
<Placemark>
<name>730</name>
<Point>
<coordinates>16.115965,44.776368</coordinates>
</Point>
</Placemark>
<Placemark>
<name>731</name>
<Point>
<coordinates>16.115980,44.776432</coordinates>
</Point>
</Placemark>
<Placemark>
<name>732</name>
<Point>
<coordinates>16.115980,44.776432</coordinates>
</Point>
</Placemark>
<Placemark>
<name>720</name>
<Point>
<coordinates>16.116272,44.775763</coordinates>
</Point>
</Placemark>
<Placemark>
<name>722</name>
<Point>
<coordinates>16.116113,44.775828</coordinates>
</Point>
</Placemark>
<Placemark>
<name>723</name>
<Point>
<coordinates>16.116113,44.775828</coordinates>
</Point>
</Placemark>
<Placemark>
<name>724</name>
<Point>
<coordinates>16.116098,44.775872</coordinates>
</Point>
</Placemark>
<Placemark>
<name>725</name>
<Point>
<coordinates>16.116148,44.775987</coordinates>
</Point>
</Placemark>
<Placemark>
<name>726</name>
<Point>
<coordinates>16.116148,44.775987</coordinates>
</Point>
</Placemark>
<Placemark>
<name>714</name>
<Point>
<coordinates>16.116012,44.775497</coordinates>
</Point>
</Placemark>
<Placemark>
<name>715</name>
<Point>
<coordinates>16.116063,44.775555</coordinates>
</Point>
</Placemark>
<Placemark>
<name>716</name>
<Point>
<coordinates>16.116200,44.775578</coordinates>
</Point>
</Placemark>
<Placemark>
<name>717</name>
<Point>
<coordinates>16.116203,44.775590</coordinates>
</Point>
</Placemark>
<Placemark>
<name>718</name>
<Point>
<coordinates>16.116235,44.775697</coordinates>
</Point>
</Placemark>
<Placemark>
<name>719</name>
<Point>
<coordinates>16.116163,44.775620</coordinates>
</Point>
</Placemark>
<Placemark>
<name>708</name>
<Point>
<coordinates>16.115907,44.775175</coordinates>
</Point>
</Placemark>
<Placemark>
<name>709</name>
<Point>
<coordinates>16.115925,44.775198</coordinates>
</Point>
</Placemark>
<Placemark>
<name>710</name>
<Point>
<coordinates>16.115925,44.775198</coordinates>
</Point>
</Placemark>
<Placemark>
<name>711</name>
<Point>
<coordinates>16.115938,44.775272</coordinates>
</Point>
</Placemark>
<Placemark>
<name>712</name>
<Point>
<coordinates>16.115908,44.775355</coordinates>
</Point>
</Placemark>
<Placemark>
<name>713</name>
<Point>
<coordinates>16.115940,44.775357</coordinates>
</Point>
</Placemark>
<Placemark>
<name>702</name>
<Point>
<coordinates>16.116057,44.774663</coordinates>
</Point>
</Placemark>
<Placemark>
<name>703</name>
<Point>
<coordinates>16.115922,44.774667</coordinates>
</Point>
</Placemark>
<Placemark>
<name>704</name>
<Point>
<coordinates>16.115822,44.774657</coordinates>
</Point>
</Placemark>
<Placemark>
<name>705</name>
<Point>
<coordinates>16.115880,44.774768</coordinates>
</Point>
</Placemark>
<Placemark>
<name>706</name>
<Point>
<coordinates>16.116038,44.775017</coordinates>
</Point>
</Placemark>
<Placemark>
<name>707</name>
<Point>
<coordinates>16.115902,44.775140</coordinates>
</Point>
</Placemark>
<Placemark>
<name>696</name>
<Point>
<coordinates>16.116695,44.774885</coordinates>
</Point>
</Placemark>
<Placemark>
<name>697</name>
<Point>
<coordinates>16.116453,44.774837</coordinates>
</Point>
</Placemark>
<Placemark>
<name>698</name>
<Point>
<coordinates>16.116417,44.774817</coordinates>
</Point>
</Placemark>
<Placemark>
<name>699</name>
<Point>
<coordinates>16.116283,44.774648</coordinates>
</Point>
</Placemark>
<Placemark>
<name>700</name>
<Point>
<coordinates>16.116283,44.774648</coordinates>
</Point>
</Placemark>
<Placemark>
<name>701</name>
<Point>
<coordinates>16.116057,44.774663</coordinates>
</Point>
</Placemark>
<Placemark>
<name>689</name>
<Point>
<coordinates>16.117320,44.775043</coordinates>
</Point>
</Placemark>
<Placemark>
<name>690</name>
<Point>
<coordinates>16.117228,44.774905</coordinates>
</Point>
</Placemark>
<Placemark>
<name>692</name>
<Point>
<coordinates>16.117232,44.774797</coordinates>
</Point>
</Placemark>
<Placemark>
<name>693</name>
<Point>
<coordinates>16.117167,44.774735</coordinates>
</Point>
</Placemark>
<Placemark>
<name>694</name>
<Point>
<coordinates>16.116750,44.774655</coordinates>
</Point>
</Placemark>
<Placemark>
<name>695</name>
<Point>
<coordinates>16.116697,44.774733</coordinates>
</Point>
</Placemark>
<Placemark>
<name>683</name>
<Point>
<coordinates>16.117397,44.775408</coordinates>
</Point>
</Placemark>
<Placemark>
<name>684</name>
<Point>
<coordinates>16.117412,44.775342</coordinates>
</Point>
</Placemark>
<Placemark>
<name>685</name>
<Point>
<coordinates>16.117412,44.775342</coordinates>
</Point>
</Placemark>
<Placemark>
<name>686</name>
<Point>
<coordinates>16.117412,44.775342</coordinates>
</Point>
</Placemark>
<Placemark>
<name>687</name>
<Point>
<coordinates>16.117357,44.775245</coordinates>
</Point>
</Placemark>
<Placemark>
<name>688</name>
<Point>
<coordinates>16.117315,44.775053</coordinates>
</Point>
</Placemark>
<Placemark>
<name>677</name>
<Point>
<coordinates>16.117470,44.775833</coordinates>
</Point>
</Placemark>
<Placemark>
<name>678</name>
<Point>
<coordinates>16.117395,44.775813</coordinates>
</Point>
</Placemark>
<Placemark>
<name>679</name>
<Point>
<coordinates>16.117337,44.775712</coordinates>
</Point>
</Placemark>
<Placemark>
<name>680</name>
<Point>
<coordinates>16.117355,44.775727</coordinates>
</Point>
</Placemark>
<Placemark>
<name>681</name>
<Point>
<coordinates>16.117355,44.775727</coordinates>
</Point>
</Placemark>
<Placemark>
<name>682</name>
<Point>
<coordinates>16.117362,44.775615</coordinates>
</Point>
</Placemark>
<Placemark>
<name>671</name>
<Point>
<coordinates>16.117495,44.776298</coordinates>
</Point>
</Placemark>
<Placemark>
<name>672</name>
<Point>
<coordinates>16.117562,44.776223</coordinates>
</Point>
</Placemark>
<Placemark>
<name>673</name>
<Point>
<coordinates>16.117562,44.776223</coordinates>
</Point>
</Placemark>
<Placemark>
<name>674</name>
<Point>
<coordinates>16.117545,44.776150</coordinates>
</Point>
</Placemark>
<Placemark>
<name>675</name>
<Point>
<coordinates>16.117435,44.776142</coordinates>
</Point>
</Placemark>
<Placemark>
<name>676</name>
<Point>
<coordinates>16.117428,44.775960</coordinates>
</Point>
</Placemark>
<Placemark>
<name>665</name>
<Point>
<coordinates>16.117653,44.776568</coordinates>
</Point>
</Placemark>
<Placemark>
<name>666</name>
<Point>
<coordinates>16.117653,44.776568</coordinates>
</Point>
</Placemark>
<Placemark>
<name>667</name>
<Point>
<coordinates>16.117653,44.776568</coordinates>
</Point>
</Placemark>
<Placemark>
<name>668</name>
<Point>
<coordinates>16.117743,44.776468</coordinates>
</Point>
</Placemark>
<Placemark>
<name>669</name>
<Point>
<coordinates>16.117730,44.776410</coordinates>
</Point>
</Placemark>
<Placemark>
<name>670</name>
<Point>
<coordinates>16.117495,44.776298</coordinates>
</Point>
</Placemark>
<Placemark>
<name>659</name>
<Point>
<coordinates>16.117668,44.777093</coordinates>
</Point>
</Placemark>
<Placemark>
<name>660</name>
<Point>
<coordinates>16.117588,44.776972</coordinates>
</Point>
</Placemark>
<Placemark>
<name>661</name>
<Point>
<coordinates>16.117592,44.776887</coordinates>
</Point>
</Placemark>
<Placemark>
<name>662</name>
<Point>
<coordinates>16.117665,44.776818</coordinates>
</Point>
</Placemark>
<Placemark>
<name>663</name>
<Point>
<coordinates>16.117665,44.776818</coordinates>
</Point>
</Placemark>
<Placemark>
<name>664</name>
<Point>
<coordinates>16.117622,44.776668</coordinates>
</Point>
</Placemark>
<Placemark>
<name>653</name>
<Point>
<coordinates>16.117692,44.777540</coordinates>
</Point>
</Placemark>
<Placemark>
<name>654</name>
<Point>
<coordinates>16.117605,44.777407</coordinates>
</Point>
</Placemark>
<Placemark>
<name>655</name>
<Point>
<coordinates>16.117613,44.777292</coordinates>
</Point>
</Placemark>
<Placemark>
<name>656</name>
<Point>
<coordinates>16.117583,44.777248</coordinates>
</Point>
</Placemark>
<Placemark>
<name>657</name>
<Point>
<coordinates>16.117617,44.777200</coordinates>
</Point>
</Placemark>
<Placemark>
<name>658</name>
<Point>
<coordinates>16.117652,44.777098</coordinates>
</Point>
</Placemark>
<Placemark>
<name>647</name>
<Point>
<coordinates>16.117888,44.778753</coordinates>
</Point>
</Placemark>
<Placemark>
<name>648</name>
<Point>
<coordinates>16.117878,44.778520</coordinates>
</Point>
</Placemark>
<Placemark>
<name>649</name>
<Point>
<coordinates>16.117698,44.778335</coordinates>
</Point>
</Placemark>
<Placemark>
<name>650</name>
<Point>
<coordinates>16.117607,44.778217</coordinates>
</Point>
</Placemark>
<Placemark>
<name>651</name>
<Point>
<coordinates>16.117525,44.778047</coordinates>
</Point>
</Placemark>
<Placemark>
<name>652</name>
<Point>
<coordinates>16.117787,44.777808</coordinates>
</Point>
</Placemark>
<Placemark>
<name>986</name>
<Point>
<coordinates>16.114868,44.776305</coordinates>
</Point>
</Placemark>
<Placemark>
<name>987</name>
<Point>
<coordinates>16.114807,44.776215</coordinates>
</Point>
</Placemark>
<Placemark>
<name>988</name>
<Point>
<coordinates>16.114722,44.776092</coordinates>
</Point>
</Placemark>
<Placemark>
<name>989</name>
<Point>
<coordinates>16.114722,44.776092</coordinates>
</Point>
</Placemark>
<Placemark>
<name>990</name>
<Point>
<coordinates>16.114722,44.776092</coordinates>
</Point>
</Placemark>
<Placemark>
<name>980</name>
<Point>
<coordinates>16.114985,44.776720</coordinates>
</Point>
</Placemark>
<Placemark>
<name>981</name>
<Point>
<coordinates>16.114985,44.776720</coordinates>
</Point>
</Placemark>
<Placemark>
<name>982</name>
<Point>
<coordinates>16.114962,44.776695</coordinates>
</Point>
</Placemark>
<Placemark>
<name>983</name>
<Point>
<coordinates>16.114893,44.776393</coordinates>
</Point>
</Placemark>
<Placemark>
<name>984</name>
<Point>
<coordinates>16.114893,44.776393</coordinates>
</Point>
</Placemark>
<Placemark>
<name>985</name>
<Point>
<coordinates>16.114893,44.776393</coordinates>
</Point>
</Placemark>
<Placemark>
<name>974</name>
<Point>
<coordinates>16.115203,44.777162</coordinates>
</Point>
</Placemark>
<Placemark>
<name>975</name>
<Point>
<coordinates>16.115203,44.777162</coordinates>
</Point>
</Placemark>
<Placemark>
<name>976</name>
<Point>
<coordinates>16.115043,44.777158</coordinates>
</Point>
</Placemark>
<Placemark>
<name>977</name>
<Point>
<coordinates>16.114977,44.777057</coordinates>
</Point>
</Placemark>
<Placemark>
<name>978</name>
<Point>
<coordinates>16.114993,44.776905</coordinates>
</Point>
</Placemark>
<Placemark>
<name>979</name>
<Point>
<coordinates>16.114993,44.776905</coordinates>
</Point>
</Placemark>
<Placemark>
<name>968</name>
<Point>
<coordinates>16.115378,44.777625</coordinates>
</Point>
</Placemark>
<Placemark>
<name>969</name>
<Point>
<coordinates>16.115562,44.777497</coordinates>
</Point>
</Placemark>
<Placemark>
<name>970</name>
<Point>
<coordinates>16.115562,44.777497</coordinates>
</Point>
</Placemark>
<Placemark>
<name>971</name>
<Point>
<coordinates>16.115455,44.777428</coordinates>
</Point>
</Placemark>
<Placemark>
<name>972</name>
<Point>
<coordinates>16.115188,44.777308</coordinates>
</Point>
</Placemark>
<Placemark>
<name>973</name>
<Point>
<coordinates>16.115203,44.777162</coordinates>
</Point>
</Placemark>
<Placemark>
<name>962</name>
<Point>
<coordinates>16.115417,44.777953</coordinates>
</Point>
</Placemark>
<Placemark>
<name>963</name>
<Point>
<coordinates>16.115413,44.777920</coordinates>
</Point>
</Placemark>
<Placemark>
<name>964</name>
<Point>
<coordinates>16.115395,44.777773</coordinates>
</Point>
</Placemark>
<Placemark>
<name>965</name>
<Point>
<coordinates>16.115390,44.777613</coordinates>
</Point>
</Placemark>
<Placemark>
<name>966</name>
<Point>
<coordinates>16.115390,44.777613</coordinates>
</Point>
</Placemark>
<Placemark>
<name>967</name>
<Point>
<coordinates>16.115378,44.777625</coordinates>
</Point>
</Placemark>
<Placemark>
<name>955</name>
<Point>
<coordinates>16.115602,44.778377</coordinates>
</Point>
</Placemark>
<Placemark>
<name>956</name>
<Point>
<coordinates>16.115642,44.778280</coordinates>
</Point>
</Placemark>
<Placemark>
<name>957</name>
<Point>
<coordinates>16.115642,44.778280</coordinates>
</Point>
</Placemark>
<Placemark>
<name>958</name>
<Point>
<coordinates>16.115563,44.778140</coordinates>
</Point>
</Placemark>
<Placemark>
<name>959</name>
<Point>
<coordinates>16.115568,44.778130</coordinates>
</Point>
</Placemark>
<Placemark>
<name>960</name>
<Point>
<coordinates>16.115572,44.777958</coordinates>
</Point>
</Placemark>
<Placemark>
<name>949</name>
<Point>
<coordinates>16.115890,44.778543</coordinates>
</Point>
</Placemark>
<Placemark>
<name>950</name>
<Point>
<coordinates>16.115888,44.778530</coordinates>
</Point>
</Placemark>
<Placemark>
<name>951</name>
<Point>
<coordinates>16.115888,44.778530</coordinates>
</Point>
</Placemark>
<Placemark>
<name>952</name>
<Point>
<coordinates>16.115737,44.778443</coordinates>
</Point>
</Placemark>
<Placemark>
<name>953</name>
<Point>
<coordinates>16.115737,44.778443</coordinates>
</Point>
</Placemark>
<Placemark>
<name>954</name>
<Point>
<coordinates>16.115602,44.778377</coordinates>
</Point>
</Placemark>
<Placemark>
<name>943</name>
<Point>
<coordinates>16.116722,44.778375</coordinates>
</Point>
</Placemark>
<Placemark>
<name>944</name>
<Point>
<coordinates>16.116785,44.778500</coordinates>
</Point>
</Placemark>
<Placemark>
<name>945</name>
<Point>
<coordinates>16.116777,44.778587</coordinates>
</Point>
</Placemark>
<Placemark>
<name>946</name>
<Point>
<coordinates>16.116777,44.778587</coordinates>
</Point>
</Placemark>
<Placemark>
<name>947</name>
<Point>
<coordinates>16.116188,44.778612</coordinates>
</Point>
</Placemark>
<Placemark>
<name>948</name>
<Point>
<coordinates>16.116038,44.778568</coordinates>
</Point>
</Placemark>
<Placemark>
<name>937</name>
<Point>
<coordinates>16.116813,44.778155</coordinates>
</Point>
</Placemark>
<Placemark>
<name>938</name>
<Point>
<coordinates>16.116818,44.778188</coordinates>
</Point>
</Placemark>
<Placemark>
<name>939</name>
<Point>
<coordinates>16.116818,44.778188</coordinates>
</Point>
</Placemark>
<Placemark>
<name>940</name>
<Point>
<coordinates>16.116818,44.778188</coordinates>
</Point>
</Placemark>
<Placemark>
<name>941</name>
<Point>
<coordinates>16.116888,44.778303</coordinates>
</Point>
</Placemark>
<Placemark>
<name>942</name>
<Point>
<coordinates>16.116695,44.778338</coordinates>
</Point>
</Placemark>
<Placemark>
<name>931</name>
<Point>
<coordinates>16.116940,44.777663</coordinates>
</Point>
</Placemark>
<Placemark>
<name>932</name>
<Point>
<coordinates>16.117060,44.777730</coordinates>
</Point>
</Placemark>
<Placemark>
<name>933</name>
<Point>
<coordinates>16.117060,44.777730</coordinates>
</Point>
</Placemark>
<Placemark>
<name>934</name>
<Point>
<coordinates>16.116992,44.777823</coordinates>
</Point>
</Placemark>
<Placemark>
<name>935</name>
<Point>
<coordinates>16.116858,44.777920</coordinates>
</Point>
</Placemark>
<Placemark>
<name>936</name>
<Point>
<coordinates>16.116845,44.777987</coordinates>
</Point>
</Placemark>
<Placemark>
<name>925</name>
<Point>
<coordinates>16.116742,44.777288</coordinates>
</Point>
</Placemark>
<Placemark>
<name>926</name>
<Point>
<coordinates>16.116722,44.777325</coordinates>
</Point>
</Placemark>
<Placemark>
<name>927</name>
<Point>
<coordinates>16.116868,44.777400</coordinates>
</Point>
</Placemark>
<Placemark>
<name>928</name>
<Point>
<coordinates>16.116917,44.777480</coordinates>
</Point>
</Placemark>
<Placemark>
<name>929</name>
<Point>
<coordinates>16.116908,44.777602</coordinates>
</Point>
</Placemark>
<Placemark>
<name>930</name>
<Point>
<coordinates>16.116932,44.777640</coordinates>
</Point>
</Placemark>
<Placemark>
<name>919</name>
<Point>
<coordinates>16.116715,44.777002</coordinates>
</Point>
</Placemark>
<Placemark>
<name>920</name>
<Point>
<coordinates>16.116813,44.777135</coordinates>
</Point>
</Placemark>
<Placemark>
<name>921</name>
<Point>
<coordinates>16.116732,44.777172</coordinates>
</Point>
</Placemark>
<Placemark>
<name>922</name>
<Point>
<coordinates>16.116763,44.777213</coordinates>
</Point>
</Placemark>
<Placemark>
<name>923</name>
<Point>
<coordinates>16.116742,44.777288</coordinates>
</Point>
</Placemark>
<Placemark>
<name>924</name>
<Point>
<coordinates>16.116742,44.777288</coordinates>
</Point>
</Placemark>
<Placemark>
<name>913</name>
<Point>
<coordinates>16.116597,44.776785</coordinates>
</Point>
</Placemark>
<Placemark>
<name>914</name>
<Point>
<coordinates>16.116597,44.776785</coordinates>
</Point>
</Placemark>
<Placemark>
<name>915</name>
<Point>
<coordinates>16.116597,44.776785</coordinates>
</Point>
</Placemark>
<Placemark>
<name>916</name>
<Point>
<coordinates>16.116597,44.776785</coordinates>
</Point>
</Placemark>
<Placemark>
<name>917</name>
<Point>
<coordinates>16.116728,44.776883</coordinates>
</Point>
</Placemark>
<Placemark>
<name>918</name>
<Point>
<coordinates>16.116715,44.777002</coordinates>
</Point>
</Placemark>
<Placemark>
<name>907</name>
<Point>
<coordinates>16.115900,44.774965</coordinates>
</Point>
</Placemark>
<Placemark>
<name>908</name>
<Point>
<coordinates>16.115900,44.774965</coordinates>
</Point>
</Placemark>
<Placemark>
<name>909</name>
<Point>
<coordinates>16.115900,44.774965</coordinates>
</Point>
</Placemark>
<Placemark>
<name>910</name>
<Point>
<coordinates>16.115900,44.774965</coordinates>
</Point>
</Placemark>
<Placemark>
<name>911</name>
<Point>
<coordinates>16.115900,44.774965</coordinates>
</Point>
</Placemark>
<Placemark>
<name>912</name>
<Point>
<coordinates>16.115900,44.774965</coordinates>
</Point>
</Placemark>
<Placemark>
<name>900</name>
<Point>
<coordinates>16.115900,44.774965</coordinates>
</Point>
</Placemark>
<Placemark>
<name>902</name>
<Point>
<coordinates>16.115900,44.774965</coordinates>
</Point>
</Placemark>
<Placemark>
<name>903</name>
<Point>
<coordinates>16.115900,44.774965</coordinates>
</Point>
</Placemark>
<Placemark>
<name>904</name>
<Point>
<coordinates>16.115900,44.774965</coordinates>
</Point>
</Placemark>
<Placemark>
<name>905</name>
<Point>
<coordinates>16.115900,44.774965</coordinates>
</Point>
</Placemark>
<Placemark>
<name>906</name>
<Point>
<coordinates>16.115900,44.774965</coordinates>
</Point>
</Placemark>
<Placemark>
<name>894</name>
<Point>
<coordinates>16.115900,44.774965</coordinates>
</Point>
</Placemark>
<Placemark>
<name>895</name>
<Point>
<coordinates>16.115900,44.774965</coordinates>
</Point>
</Placemark>
<Placemark>
<name>896</name>
<Point>
<coordinates>16.115900,44.774965</coordinates>
</Point>
</Placemark>
<Placemark>
<name>897</name>
<Point>
<coordinates>16.115900,44.774965</coordinates>
</Point>
</Placemark>
<Placemark>
<name>898</name>
<Point>
<coordinates>16.115900,44.774965</coordinates>
</Point>
</Placemark>
<Placemark>
<name>899</name>
<Point>
<coordinates>16.115900,44.774965</coordinates>
</Point>
</Placemark>
<Placemark>
<name>888</name>
<Point>
<coordinates>16.115900,44.774965</coordinates>
</Point>
</Placemark>
<Placemark>
<name>889</name>
<Point>
<coordinates>16.115900,44.774965</coordinates>
</Point>
</Placemark>
<Placemark>
<name>890</name>
<Point>
<coordinates>16.115900,44.774965</coordinates>
</Point>
</Placemark>
<Placemark>
<name>891</name>
<Point>
<coordinates>16.115900,44.774965</coordinates>
</Point>
</Placemark>
<Placemark>
<name>892</name>
<Point>
<coordinates>16.115900,44.774965</coordinates>
</Point>
</Placemark>
<Placemark>
<name>893</name>
<Point>
<coordinates>16.115900,44.774965</coordinates>
</Point>
</Placemark>
<Placemark>
<name>882</name>
<Point>
<coordinates>16.115973,44.774965</coordinates>
</Point>
</Placemark>
<Placemark>
<name>883</name>
<Point>
<coordinates>16.115973,44.774965</coordinates>
</Point>
</Placemark>
<Placemark>
<name>884</name>
<Point>
<coordinates>16.115768,44.775007</coordinates>
</Point>
</Placemark>
<Placemark>
<name>885</name>
<Point>
<coordinates>16.115900,44.774965</coordinates>
</Point>
</Placemark>
<Placemark>
<name>886</name>
<Point>
<coordinates>16.115900,44.774965</coordinates>
</Point>
</Placemark>
<Placemark>
<name>887</name>
<Point>
<coordinates>16.115900,44.774965</coordinates>
</Point>
</Placemark>
<Placemark>
<name>876</name>
<Point>
<coordinates>16.116430,44.774927</coordinates>
</Point>
</Placemark>
<Placemark>
<name>877</name>
<Point>
<coordinates>16.116190,44.774923</coordinates>
</Point>
</Placemark>
<Placemark>
<name>878</name>
<Point>
<coordinates>16.116130,44.774935</coordinates>
</Point>
</Placemark>
<Placemark>
<name>879</name>
<Point>
<coordinates>16.116068,44.774980</coordinates>
</Point>
</Placemark>
<Placemark>
<name>880</name>
<Point>
<coordinates>16.116073,44.774970</coordinates>
</Point>
</Placemark>
<Placemark>
<name>881</name>
<Point>
<coordinates>16.115992,44.774960</coordinates>
</Point>
</Placemark>
<Placemark>
<name>869</name>
<Point>
<coordinates>16.116745,44.775167</coordinates>
</Point>
</Placemark>
<Placemark>
<name>870</name>
<Point>
<coordinates>16.116722,44.775065</coordinates>
</Point>
</Placemark>
<Placemark>
<name>872</name>
<Point>
<coordinates>16.116722,44.775065</coordinates>
</Point>
</Placemark>
<Placemark>
<name>873</name>
<Point>
<coordinates>16.116722,44.775065</coordinates>
</Point>
</Placemark>
<Placemark>
<name>874</name>
<Point>
<coordinates>16.116583,44.775010</coordinates>
</Point>
</Placemark>
<Placemark>
<name>875</name>
<Point>
<coordinates>16.116492,44.774970</coordinates>
</Point>
</Placemark>
<Placemark>
<name>863</name>
<Point>
<coordinates>16.116875,44.775587</coordinates>
</Point>
</Placemark>
<Placemark>
<name>864</name>
<Point>
<coordinates>16.116875,44.775587</coordinates>
</Point>
</Placemark>
<Placemark>
<name>865</name>
<Point>
<coordinates>16.116875,44.775587</coordinates>
</Point>
</Placemark>
<Placemark>
<name>866</name>
<Point>
<coordinates>16.116857,44.775423</coordinates>
</Point>
</Placemark>
<Placemark>
<name>867</name>
<Point>
<coordinates>16.116877,44.775383</coordinates>
</Point>
</Placemark>
<Placemark>
<name>868</name>
<Point>
<coordinates>16.116755,44.775255</coordinates>
</Point>
</Placemark>
<Placemark>
<name>857</name>
<Point>
<coordinates>16.116890,44.775872</coordinates>
</Point>
</Placemark>
<Placemark>
<name>858</name>
<Point>
<coordinates>16.117007,44.775868</coordinates>
</Point>
</Placemark>
<Placemark>
<name>859</name>
<Point>
<coordinates>16.117007,44.775868</coordinates>
</Point>
</Placemark>
<Placemark>
<name>860</name>
<Point>
<coordinates>16.116917,44.775777</coordinates>
</Point>
</Placemark>
<Placemark>
<name>861</name>
<Point>
<coordinates>16.116917,44.775777</coordinates>
</Point>
</Placemark>
<Placemark>
<name>862</name>
<Point>
<coordinates>16.116917,44.775777</coordinates>
</Point>
</Placemark>
<Placemark>
<name>851</name>
<Point>
<coordinates>16.116927,44.776448</coordinates>
</Point>
</Placemark>
<Placemark>
<name>852</name>
<Point>
<coordinates>16.116933,44.776338</coordinates>
</Point>
</Placemark>
<Placemark>
<name>853</name>
<Point>
<coordinates>16.116930,44.776165</coordinates>
</Point>
</Placemark>
<Placemark>
<name>854</name>
<Point>
<coordinates>16.116943,44.776098</coordinates>
</Point>
</Placemark>
<Placemark>
<name>855</name>
<Point>
<coordinates>16.116872,44.776052</coordinates>
</Point>
</Placemark>
<Placemark>
<name>856</name>
<Point>
<coordinates>16.116890,44.775872</coordinates>
</Point>
</Placemark>
<Placemark>
<name>845</name>
<Point>
<coordinates>16.117058,44.777028</coordinates>
</Point>
</Placemark>
<Placemark>
<name>846</name>
<Point>
<coordinates>16.116997,44.776995</coordinates>
</Point>
</Placemark>
<Placemark>
<name>847</name>
<Point>
<coordinates>16.116982,44.776933</coordinates>
</Point>
</Placemark>
<Placemark>
<name>848</name>
<Point>
<coordinates>16.116953,44.776795</coordinates>
</Point>
</Placemark>
<Placemark>
<name>849</name>
<Point>
<coordinates>16.116977,44.776607</coordinates>
</Point>
</Placemark>
<Placemark>
<name>850</name>
<Point>
<coordinates>16.116983,44.776513</coordinates>
</Point>
</Placemark>
<Placemark>
<name>838</name>
<Point>
<coordinates>16.117192,44.777208</coordinates>
</Point>
</Placemark>
<Placemark>
<name>839</name>
<Point>
<coordinates>16.117192,44.777208</coordinates>
</Point>
</Placemark>
<Placemark>
<name>840</name>
<Point>
<coordinates>16.117192,44.777208</coordinates>
</Point>
</Placemark>
<Placemark>
<name>842</name>
<Point>
<coordinates>16.117192,44.777208</coordinates>
</Point>
</Placemark>
<Placemark>
<name>843</name>
<Point>
<coordinates>16.117192,44.777208</coordinates>
</Point>
</Placemark>
<Placemark>
<name>844</name>
<Point>
<coordinates>16.117117,44.777057</coordinates>
</Point>
</Placemark>
<Placemark>
<name>832</name>
<Point>
<coordinates>16.117307,44.777545</coordinates>
</Point>
</Placemark>
<Placemark>
<name>833</name>
<Point>
<coordinates>16.117307,44.777545</coordinates>
</Point>
</Placemark>
<Placemark>
<name>834</name>
<Point>
<coordinates>16.117368,44.777465</coordinates>
</Point>
</Placemark>
<Placemark>
<name>835</name>
<Point>
<coordinates>16.117285,44.777397</coordinates>
</Point>
</Placemark>
<Placemark>
<name>836</name>
<Point>
<coordinates>16.117285,44.777397</coordinates>
</Point>
</Placemark>
<Placemark>
<name>837</name>
<Point>
<coordinates>16.117273,44.777287</coordinates>
</Point>
</Placemark>
<Placemark>
<name>826</name>
<Point>
<coordinates>16.117265,44.778100</coordinates>
</Point>
</Placemark>
<Placemark>
<name>827</name>
<Point>
<coordinates>16.117265,44.778100</coordinates>
</Point>
</Placemark>
<Placemark>
<name>828</name>
<Point>
<coordinates>16.117162,44.778038</coordinates>
</Point>
</Placemark>
<Placemark>
<name>829</name>
<Point>
<coordinates>16.117162,44.778038</coordinates>
</Point>
</Placemark>
<Placemark>
<name>830</name>
<Point>
<coordinates>16.117420,44.777805</coordinates>
</Point>
</Placemark>
<Placemark>
<name>831</name>
<Point>
<coordinates>16.117453,44.777670</coordinates>
</Point>
</Placemark>
<Placemark>
<name>820</name>
<Point>
<coordinates>16.117480,44.778450</coordinates>
</Point>
</Placemark>
<Placemark>
<name>821</name>
<Point>
<coordinates>16.117455,44.778377</coordinates>
</Point>
</Placemark>
<Placemark>
<name>822</name>
<Point>
<coordinates>16.117382,44.778345</coordinates>
</Point>
</Placemark>
<Placemark>
<name>823</name>
<Point>
<coordinates>16.117345,44.778295</coordinates>
</Point>
</Placemark>
<Placemark>
<name>824</name>
<Point>
<coordinates>16.117345,44.778295</coordinates>
</Point>
</Placemark>
<Placemark>
<name>825</name>
<Point>
<coordinates>16.117387,44.778240</coordinates>
</Point>
</Placemark>
<Placemark>
<name>814</name>
<Point>
<coordinates>16.117748,44.778675</coordinates>
</Point>
</Placemark>
<Placemark>
<name>815</name>
<Point>
<coordinates>16.117630,44.778617</coordinates>
</Point>
</Placemark>
<Placemark>
<name>816</name>
<Point>
<coordinates>16.117630,44.778617</coordinates>
</Point>
</Placemark>
<Placemark>
<name>817</name>
<Point>
<coordinates>16.117535,44.778553</coordinates>
</Point>
</Placemark>
<Placemark>
<name>818</name>
<Point>
<coordinates>16.117510,44.778523</coordinates>
</Point>
</Placemark>
<Placemark>
<name>819</name>
<Point>
<coordinates>16.117462,44.778448</coordinates>
</Point>
</Placemark>
<Placemark>
<name>811</name>
<Point>
<coordinates>16.117740,44.778790</coordinates>
</Point>
</Placemark>
<Placemark>
<name>812</name>
<Point>
<coordinates>16.117750,44.778722</coordinates>
</Point>
</Placemark>
<Placemark>
<name>813</name>
<Point>
<coordinates>16.117748,44.778675</coordinates>
</Point>
</Placemark>
<Placemark>
<name>1351</name>
<Point>
<coordinates>16.115112,44.778363</coordinates>
</Point>
</Placemark>
<Placemark>
<name>1352</name>
<Point>
<coordinates>16.115112,44.778363</coordinates>
</Point>
</Placemark>
<Placemark>
<name>1353</name>
<Point>
<coordinates>16.115088,44.778145</coordinates>
</Point>
</Placemark>
<Placemark>
<name>1354</name>
<Point>
<coordinates>16.115088,44.778145</coordinates>
</Point>
</Placemark>
<Placemark>
<name>1355</name>
<Point>
<coordinates>16.115052,44.778052</coordinates>
</Point>
</Placemark>
<Placemark>
<name>1356</name>
<Point>
<coordinates>16.115052,44.778052</coordinates>
</Point>
</Placemark>
<Placemark>
<name>1495</name>
<Point>
<coordinates>16.112802,44.776427</coordinates>
</Point>
</Placemark>
<Placemark>
<name>1496</name>
<Point>
<coordinates>16.112802,44.776427</coordinates>
</Point>
</Placemark>
<Placemark>
<name>1497</name>
<Point>
<coordinates>16.112802,44.776427</coordinates>
</Point>
</Placemark>
<Placemark>
<name>1498</name>
<Point>
<coordinates>16.112802,44.776427</coordinates>
</Point>
</Placemark>
<Placemark>
<name>1499</name>
<Point>
<coordinates>16.112802,44.776427</coordinates>
</Point>
</Placemark>
<Placemark>
<name>1500</name>
<Point>
<coordinates>16.112802,44.776427</coordinates>
</Point>
</Placemark>
<Placemark>
<name>1489</name>
<Point>
<coordinates>16.112802,44.776427</coordinates>
</Point>
</Placemark>
<Placemark>
<name>1490</name>
<Point>
<coordinates>16.112802,44.776427</coordinates>
</Point>
</Placemark>
<Placemark>
<name>1491</name>
<Point>
<coordinates>16.112802,44.776427</coordinates>
</Point>
</Placemark>
<Placemark>
<name>1492</name>
<Point>
<coordinates>16.112802,44.776427</coordinates>
</Point>
</Placemark>
<Placemark>
<name>1493</name>
<Point>
<coordinates>16.112802,44.776427</coordinates>
</Point>
</Placemark>
<Placemark>
<name>1494</name>
<Point>
<coordinates>16.112802,44.776427</coordinates>
</Point>
</Placemark>
<Placemark>
<name>1483</name>
<Point>
<coordinates>16.112678,44.776260</coordinates>
</Point>
</Placemark>
<Placemark>
<name>1484</name>
<Point>
<coordinates>16.112738,44.776332</coordinates>
</Point>
</Placemark>
<Placemark>
<name>1485</name>
<Point>
<coordinates>16.112802,44.776427</coordinates>
</Point>
</Placemark>
<Placemark>
<name>1486</name>
<Point>
<coordinates>16.112802,44.776427</coordinates>
</Point>
</Placemark>
<Placemark>
<name>1487</name>
<Point>
<coordinates>16.112802,44.776427</coordinates>
</Point>
</Placemark>
<Placemark>
<name>1488</name>
<Point>
<coordinates>16.112802,44.776427</coordinates>
</Point>
</Placemark>
<Placemark>
<name>1477</name>
<Point>
<coordinates>16.112808,44.775945</coordinates>
</Point>
</Placemark>
<Placemark>
<name>1478</name>
<Point>
<coordinates>16.112770,44.775848</coordinates>
</Point>
</Placemark>
<Placemark>
<name>1479</name>
<Point>
<coordinates>16.112792,44.776053</coordinates>
</Point>
</Placemark>
<Placemark>
<name>1480</name>
<Point>
<coordinates>16.112792,44.776053</coordinates>
</Point>
</Placemark>
<Placemark>
<name>1481</name>
<Point>
<coordinates>16.112780,44.776152</coordinates>
</Point>
</Placemark>
<Placemark>
<name>1482</name>
<Point>
<coordinates>16.112780,44.776152</coordinates>
</Point>
</Placemark>
<Placemark>
<name>1471</name>
<Point>
<coordinates>16.113295,44.774727</coordinates>
</Point>
</Placemark>
<Placemark>
<name>1472</name>
<Point>
<coordinates>16.113295,44.774727</coordinates>
</Point>
</Placemark>
<Placemark>
<name>1473</name>
<Point>
<coordinates>16.113295,44.774727</coordinates>
</Point>
</Placemark>
<Placemark>
<name>1474</name>
<Point>
<coordinates>16.113295,44.774727</coordinates>
</Point>
</Placemark>
<Placemark>
<name>1475</name>
<Point>
<coordinates>16.113295,44.774727</coordinates>
</Point>
</Placemark>
<Placemark>
<name>1476</name>
<Point>
<coordinates>16.113295,44.774727</coordinates>
</Point>
</Placemark>
<Placemark>
<name>1465</name>
<Point>
<coordinates>16.113295,44.774727</coordinates>
</Point>
</Placemark>
<Placemark>
<name>1466</name>
<Point>
<coordinates>16.113295,44.774727</coordinates>
</Point>
</Placemark>
<Placemark>
<name>1467</name>
<Point>
<coordinates>16.113295,44.774727</coordinates>
</Point>
</Placemark>
<Placemark>
<name>1468</name>
<Point>
<coordinates>16.113295,44.774727</coordinates>
</Point>
</Placemark>
<Placemark>
<name>1469</name>
<Point>
<coordinates>16.113295,44.774727</coordinates>
</Point>
</Placemark>
<Placemark>
<name>1470</name>
<Point>
<coordinates>16.113295,44.774727</coordinates>
</Point>
</Placemark>
<Placemark>
<name>1459</name>
<Point>
<coordinates>16.114397,44.774927</coordinates>
</Point>
</Placemark>
<Placemark>
<name>1460</name>
<Point>
<coordinates>16.114397,44.774927</coordinates>
</Point>
</Placemark>
<Placemark>
<name>1461</name>
<Point>
<coordinates>16.114397,44.774927</coordinates>
</Point>
</Placemark>
<Placemark>
<name>1462</name>
<Point>
<coordinates>16.114397,44.774927</coordinates>
</Point>
</Placemark>
<Placemark>
<name>1463</name>
<Point>
<coordinates>16.113295,44.774727</coordinates>
</Point>
</Placemark>
<Placemark>
<name>1464</name>
<Point>
<coordinates>16.113295,44.774727</coordinates>
</Point>
</Placemark>
<Placemark>
<name>1453</name>
<Point>
<coordinates>16.114397,44.774927</coordinates>
</Point>
</Placemark>
<Placemark>
<name>1454</name>
<Point>
<coordinates>16.114397,44.774927</coordinates>
</Point>
</Placemark>
<Placemark>
<name>1455</name>
<Point>
<coordinates>16.114397,44.774927</coordinates>
</Point>
</Placemark>
<Placemark>
<name>1456</name>
<Point>
<coordinates>16.114397,44.774927</coordinates>
</Point>
</Placemark>
<Placemark>
<name>1457</name>
<Point>
<coordinates>16.114397,44.774927</coordinates>
</Point>
</Placemark>
<Placemark>
<name>1458</name>
<Point>
<coordinates>16.114397,44.774927</coordinates>
</Point>
</Placemark>
<Placemark>
<name>1447</name>
<Point>
<coordinates>16.114397,44.774927</coordinates>
</Point>
</Placemark>
<Placemark>
<name>1448</name>
<Point>
<coordinates>16.114397,44.774927</coordinates>
</Point>
</Placemark>
<Placemark>
<name>1449</name>
<Point>
<coordinates>16.114397,44.774927</coordinates>
</Point>
</Placemark>
<Placemark>
<name>1450</name>
<Point>
<coordinates>16.114397,44.774927</coordinates>
</Point>
</Placemark>
<Placemark>
<name>1451</name>
<Point>
<coordinates>16.114397,44.774927</coordinates>
</Point>
</Placemark>
<Placemark>
<name>1452</name>
<Point>
<coordinates>16.114397,44.774927</coordinates>
</Point>
</Placemark>
<Placemark>
<name>1441</name>
<Point>
<coordinates>16.114518,44.775043</coordinates>
</Point>
</Placemark>
<Placemark>
<name>1442</name>
<Point>
<coordinates>16.114518,44.775043</coordinates>
</Point>
</Placemark>
<Placemark>
<name>1443</name>
<Point>
<coordinates>16.114518,44.775043</coordinates>
</Point>
</Placemark>
<Placemark>
<name>1444</name>
<Point>
<coordinates>16.114518,44.775043</coordinates>
</Point>
</Placemark>
<Placemark>
<name>1445</name>
<Point>
<coordinates>16.114397,44.774927</coordinates>
</Point>
</Placemark>
<Placemark>
<name>1446</name>
<Point>
<coordinates>16.114397,44.774927</coordinates>
</Point>
</Placemark>
<Placemark>
<name>1435</name>
<Point>
<coordinates>16.114550,44.775140</coordinates>
</Point>
</Placemark>
<Placemark>
<name>1436</name>
<Point>
<coordinates>16.114550,44.775140</coordinates>
</Point>
</Placemark>
<Placemark>
<name>1437</name>
<Point>
<coordinates>16.114550,44.775140</coordinates>
</Point>
</Placemark>
<Placemark>
<name>1438</name>
<Point>
<coordinates>16.114550,44.775140</coordinates>
</Point>
</Placemark>
<Placemark>
<name>1439</name>
<Point>
<coordinates>16.114550,44.775140</coordinates>
</Point>
</Placemark>
<Placemark>
<name>1440</name>
<Point>
<coordinates>16.114518,44.775043</coordinates>
</Point>
</Placemark>
<Placemark>
<name>1429</name>
<Point>
<coordinates>16.114205,44.776273</coordinates>
</Point>
</Placemark>
<Placemark>
<name>1430</name>
<Point>
<coordinates>16.114205,44.776273</coordinates>
</Point>
</Placemark>
<Placemark>
<name>1431</name>
<Point>
<coordinates>16.114205,44.776273</coordinates>
</Point>
</Placemark>
<Placemark>
<name>1432</name>
<Point>
<coordinates>16.114205,44.776273</coordinates>
</Point>
</Placemark>
<Placemark>
<name>1433</name>
<Point>
<coordinates>16.114550,44.775140</coordinates>
</Point>
</Placemark>
<Placemark>
<name>1434</name>
<Point>
<coordinates>16.114550,44.775140</coordinates>
</Point>
</Placemark>
<Placemark>
<name>1423</name>
<Point>
<coordinates>16.114205,44.776273</coordinates>
</Point>
</Placemark>
<Placemark>
<name>1424</name>
<Point>
<coordinates>16.114205,44.776273</coordinates>
</Point>
</Placemark>
<Placemark>
<name>1425</name>
<Point>
<coordinates>16.114205,44.776273</coordinates>
</Point>
</Placemark>
<Placemark>
<name>1426</name>
<Point>
<coordinates>16.114205,44.776273</coordinates>
</Point>
</Placemark>
<Placemark>
<name>1427</name>
<Point>
<coordinates>16.114205,44.776273</coordinates>
</Point>
</Placemark>
<Placemark>
<name>1428</name>
<Point>
<coordinates>16.114205,44.776273</coordinates>
</Point>
</Placemark>
<Placemark>
<name>1417</name>
<Point>
<coordinates>16.114205,44.776273</coordinates>
</Point>
</Placemark>
<Placemark>
<name>1418</name>
<Point>
<coordinates>16.114205,44.776273</coordinates>
</Point>
</Placemark>
<Placemark>
<name>1419</name>
<Point>
<coordinates>16.114205,44.776273</coordinates>
</Point>
</Placemark>
<Placemark>
<name>1420</name>
<Point>
<coordinates>16.114205,44.776273</coordinates>
</Point>
</Placemark>
<Placemark>
<name>1421</name>
<Point>
<coordinates>16.114205,44.776273</coordinates>
</Point>
</Placemark>
<Placemark>
<name>1422</name>
<Point>
<coordinates>16.114205,44.776273</coordinates>
</Point>
</Placemark>
<Placemark>
<name>1411</name>
<Point>
<coordinates>16.114205,44.776273</coordinates>
</Point>
</Placemark>
<Placemark>
<name>1412</name>
<Point>
<coordinates>16.114205,44.776273</coordinates>
</Point>
</Placemark>
<Placemark>
<name>1413</name>
<Point>
<coordinates>16.114205,44.776273</coordinates>
</Point>
</Placemark>
<Placemark>
<name>1414</name>
<Point>
<coordinates>16.114205,44.776273</coordinates>
</Point>
</Placemark>
<Placemark>
<name>1415</name>
<Point>
<coordinates>16.114205,44.776273</coordinates>
</Point>
</Placemark>
<Placemark>
<name>1416</name>
<Point>
<coordinates>16.114205,44.776273</coordinates>
</Point>
</Placemark>
<Placemark>
<name>1405</name>
<Point>
<coordinates>16.114205,44.776273</coordinates>
</Point>
</Placemark>
<Placemark>
<name>1406</name>
<Point>
<coordinates>16.114205,44.776273</coordinates>
</Point>
</Placemark>
<Placemark>
<name>1407</name>
<Point>
<coordinates>16.114205,44.776273</coordinates>
</Point>
</Placemark>
<Placemark>
<name>1408</name>
<Point>
<coordinates>16.114205,44.776273</coordinates>
</Point>
</Placemark>
<Placemark>
<name>1409</name>
<Point>
<coordinates>16.114205,44.776273</coordinates>
</Point>
</Placemark>
<Placemark>
<name>1410</name>
<Point>
<coordinates>16.114205,44.776273</coordinates>
</Point>
</Placemark>
<Placemark>
<name>1399</name>
<Point>
<coordinates>16.114205,44.776273</coordinates>
</Point>
</Placemark>
<Placemark>
<name>1400</name>
<Point>
<coordinates>16.114205,44.776273</coordinates>
</Point>
</Placemark>
<Placemark>
<name>1401</name>
<Point>
<coordinates>16.114205,44.776273</coordinates>
</Point>
</Placemark>
<Placemark>
<name>1402</name>
<Point>
<coordinates>16.114205,44.776273</coordinates>
</Point>
</Placemark>
<Placemark>
<name>1403</name>
<Point>
<coordinates>16.114205,44.776273</coordinates>
</Point>
</Placemark>
<Placemark>
<name>1404</name>
<Point>
<coordinates>16.114205,44.776273</coordinates>
</Point>
</Placemark>
<Placemark>
<name>1393</name>
<Point>
<coordinates>16.114467,44.776558</coordinates>
</Point>
</Placemark>
<Placemark>
<name>1394</name>
<Point>
<coordinates>16.114467,44.776558</coordinates>
</Point>
</Placemark>
<Placemark>
<name>1395</name>
<Point>
<coordinates>16.114385,44.776470</coordinates>
</Point>
</Placemark>
<Placemark>
<name>1396</name>
<Point>
<coordinates>16.114385,44.776470</coordinates>
</Point>
</Placemark>
<Placemark>
<name>1397</name>
<Point>
<coordinates>16.114267,44.776378</coordinates>
</Point>
</Placemark>
<Placemark>
<name>1398</name>
<Point>
<coordinates>16.114267,44.776378</coordinates>
</Point>
</Placemark>
<Placemark>
<name>1387</name>
<Point>
<coordinates>16.114542,44.776778</coordinates>
</Point>
</Placemark>
<Placemark>
<name>1388</name>
<Point>
<coordinates>16.114542,44.776778</coordinates>
</Point>
</Placemark>
<Placemark>
<name>1389</name>
<Point>
<coordinates>16.114478,44.776657</coordinates>
</Point>
</Placemark>
<Placemark>
<name>1390</name>
<Point>
<coordinates>16.114467,44.776558</coordinates>
</Point>
</Placemark>
<Placemark>
<name>1391</name>
<Point>
<coordinates>16.114467,44.776558</coordinates>
</Point>
</Placemark>
<Placemark>
<name>1392</name>
<Point>
<coordinates>16.114467,44.776558</coordinates>
</Point>
</Placemark>
<Placemark>
<name>1381</name>
<Point>
<coordinates>16.114507,44.777082</coordinates>
</Point>
</Placemark>
<Placemark>
<name>1382</name>
<Point>
<coordinates>16.114618,44.777025</coordinates>
</Point>
</Placemark>
<Placemark>
<name>1383</name>
<Point>
<coordinates>16.114648,44.776915</coordinates>
</Point>
</Placemark>
<Placemark>
<name>1384</name>
<Point>
<coordinates>16.114570,44.776875</coordinates>
</Point>
</Placemark>
<Placemark>
<name>1385</name>
<Point>
<coordinates>16.114570,44.776875</coordinates>
</Point>
</Placemark>
<Placemark>
<name>1386</name>
<Point>
<coordinates>16.114570,44.776875</coordinates>
</Point>
</Placemark>
<Placemark>
<name>1375</name>
<Point>
<coordinates>16.114653,44.777217</coordinates>
</Point>
</Placemark>
<Placemark>
<name>1376</name>
<Point>
<coordinates>16.114598,44.777205</coordinates>
</Point>
</Placemark>
<Placemark>
<name>1377</name>
<Point>
<coordinates>16.114470,44.777163</coordinates>
</Point>
</Placemark>
<Placemark>
<name>1378</name>
<Point>
<coordinates>16.114470,44.777163</coordinates>
</Point>
</Placemark>
<Placemark>
<name>1379</name>
<Point>
<coordinates>16.114507,44.777082</coordinates>
</Point>
</Placemark>
<Placemark>
<name>1380</name>
<Point>
<coordinates>16.114507,44.777082</coordinates>
</Point>
</Placemark>
<Placemark>
<name>1369</name>
<Point>
<coordinates>16.114763,44.777452</coordinates>
</Point>
</Placemark>
<Placemark>
<name>1370</name>
<Point>
<coordinates>16.114678,44.777368</coordinates>
</Point>
</Placemark>
<Placemark>
<name>1371</name>
<Point>
<coordinates>16.114678,44.777368</coordinates>
</Point>
</Placemark>
<Placemark>
<name>1372</name>
<Point>
<coordinates>16.114632,44.777282</coordinates>
</Point>
</Placemark>
<Placemark>
<name>1373</name>
<Point>
<coordinates>16.114632,44.777282</coordinates>
</Point>
</Placemark>
<Placemark>
<name>1374</name>
<Point>
<coordinates>16.114632,44.777282</coordinates>
</Point>
</Placemark>
<Placemark>
<name>1363</name>
<Point>
<coordinates>16.114820,44.777655</coordinates>
</Point>
</Placemark>
<Placemark>
<name>1364</name>
<Point>
<coordinates>16.114820,44.777655</coordinates>
</Point>
</Placemark>
<Placemark>
<name>1365</name>
<Point>
<coordinates>16.114865,44.777633</coordinates>
</Point>
</Placemark>
<Placemark>
<name>1366</name>
<Point>
<coordinates>16.114865,44.777633</coordinates>
</Point>
</Placemark>
<Placemark>
<name>1367</name>
<Point>
<coordinates>16.114763,44.777452</coordinates>
</Point>
</Placemark>
<Placemark>
<name>1368</name>
<Point>
<coordinates>16.114763,44.777452</coordinates>
</Point>
</Placemark>
<Placemark>
<name>1357</name>
<Point>
<coordinates>16.114962,44.777982</coordinates>
</Point>
</Placemark>
<Placemark>
<name>1358</name>
<Point>
<coordinates>16.114960,44.777943</coordinates>
</Point>
</Placemark>
<Placemark>
<name>1359</name>
<Point>
<coordinates>16.114960,44.777943</coordinates>
</Point>
</Placemark>
<Placemark>
<name>1360</name>
<Point>
<coordinates>16.114917,44.777885</coordinates>
</Point>
</Placemark>
<Placemark>
<name>1361</name>
<Point>
<coordinates>16.114865,44.777750</coordinates>
</Point>
</Placemark>
<Placemark>
<name>1362</name>
<Point>
<coordinates>16.114865,44.777750</coordinates>
</Point>
</Placemark>
<Placemark>
<name>1168</name>
<Point>
<coordinates>16.111010,44.776440</coordinates>
</Point>
</Placemark>
<Placemark>
<name>1169</name>
<Point>
<coordinates>16.111170,44.776708</coordinates>
</Point>
</Placemark>
<Placemark>
<name>1170</name>
<Point>
<coordinates>16.111038,44.776707</coordinates>
</Point>
</Placemark>
<Placemark>
<name>1162</name>
<Point>
<coordinates>16.111017,44.775908</coordinates>
</Point>
</Placemark>
<Placemark>
<name>1163</name>
<Point>
<coordinates>16.111077,44.776020</coordinates>
</Point>
</Placemark>
<Placemark>
<name>1164</name>
<Point>
<coordinates>16.111093,44.776067</coordinates>
</Point>
</Placemark>
<Placemark>
<name>1165</name>
<Point>
<coordinates>16.111060,44.776128</coordinates>
</Point>
</Placemark>
<Placemark>
<name>1166</name>
<Point>
<coordinates>16.111118,44.776347</coordinates>
</Point>
</Placemark>
<Placemark>
<name>1167</name>
<Point>
<coordinates>16.111065,44.776408</coordinates>
</Point>
</Placemark>
<Placemark>
<name>1156</name>
<Point>
<coordinates>16.110978,44.775190</coordinates>
</Point>
</Placemark>
<Placemark>
<name>1157</name>
<Point>
<coordinates>16.110960,44.775302</coordinates>
</Point>
</Placemark>
<Placemark>
<name>1158</name>
<Point>
<coordinates>16.110960,44.775347</coordinates>
</Point>
</Placemark>
<Placemark>
<name>1159</name>
<Point>
<coordinates>16.111015,44.775573</coordinates>
</Point>
</Placemark>
<Placemark>
<name>1160</name>
<Point>
<coordinates>16.111215,44.775677</coordinates>
</Point>
</Placemark>
<Placemark>
<name>1161</name>
<Point>
<coordinates>16.111123,44.775923</coordinates>
</Point>
</Placemark>
<Placemark>
<name>1150</name>
<Point>
<coordinates>16.112795,44.774552</coordinates>
</Point>
</Placemark>
<Placemark>
<name>1151</name>
<Point>
<coordinates>16.112148,44.774380</coordinates>
</Point>
</Placemark>
<Placemark>
<name>1152</name>
<Point>
<coordinates>16.111695,44.774670</coordinates>
</Point>
</Placemark>
<Placemark>
<name>1153</name>
<Point>
<coordinates>16.111508,44.774750</coordinates>
</Point>
</Placemark>
<Placemark>
<name>1154</name>
<Point>
<coordinates>16.111155,44.774805</coordinates>
</Point>
</Placemark>
<Placemark>
<name>1155</name>
<Point>
<coordinates>16.110992,44.775182</coordinates>
</Point>
</Placemark>
<Placemark>
<name>1144</name>
<Point>
<coordinates>16.112458,44.774885</coordinates>
</Point>
</Placemark>
<Placemark>
<name>1145</name>
<Point>
<coordinates>16.112268,44.774672</coordinates>
</Point>
</Placemark>
<Placemark>
<name>1146</name>
<Point>
<coordinates>16.112403,44.774467</coordinates>
</Point>
</Placemark>
<Placemark>
<name>1147</name>
<Point>
<coordinates>16.112600,44.774440</coordinates>
</Point>
</Placemark>
<Placemark>
<name>1148</name>
<Point>
<coordinates>16.112762,44.774562</coordinates>
</Point>
</Placemark>
<Placemark>
<name>1149</name>
<Point>
<coordinates>16.112795,44.774552</coordinates>
</Point>
</Placemark>
<Placemark>
<name>1137</name>
<Point>
<coordinates>16.112143,44.775122</coordinates>
</Point>
</Placemark>
<Placemark>
<name>1138</name>
<Point>
<coordinates>16.112040,44.775062</coordinates>
</Point>
</Placemark>
<Placemark>
<name>1139</name>
<Point>
<coordinates>16.112008,44.775077</coordinates>
</Point>
</Placemark>
<Placemark>
<name>1140</name>
<Point>
<coordinates>16.111823,44.775050</coordinates>
</Point>
</Placemark>
<Placemark>
<name>1141</name>
<Point>
<coordinates>16.111823,44.775050</coordinates>
</Point>
</Placemark>
<Placemark>
<name>1142</name>
<Point>
<coordinates>16.112190,44.774892</coordinates>
</Point>
</Placemark>
<Placemark>
<name>1131</name>
<Point>
<coordinates>16.111943,44.775822</coordinates>
</Point>
</Placemark>
<Placemark>
<name>1132</name>
<Point>
<coordinates>16.112000,44.775768</coordinates>
</Point>
</Placemark>
<Placemark>
<name>1133</name>
<Point>
<coordinates>16.112100,44.775665</coordinates>
</Point>
</Placemark>
<Placemark>
<name>1134</name>
<Point>
<coordinates>16.112168,44.775558</coordinates>
</Point>
</Placemark>
<Placemark>
<name>1135</name>
<Point>
<coordinates>16.112092,44.775343</coordinates>
</Point>
</Placemark>
<Placemark>
<name>1136</name>
<Point>
<coordinates>16.112140,44.775302</coordinates>
</Point>
</Placemark>
<Placemark>
<name>1125</name>
<Point>
<coordinates>16.112080,44.776565</coordinates>
</Point>
</Placemark>
<Placemark>
<name>1126</name>
<Point>
<coordinates>16.112042,44.776405</coordinates>
</Point>
</Placemark>
<Placemark>
<name>1127</name>
<Point>
<coordinates>16.112053,44.776230</coordinates>
</Point>
</Placemark>
<Placemark>
<name>1128</name>
<Point>
<coordinates>16.112122,44.776217</coordinates>
</Point>
</Placemark>
<Placemark>
<name>1129</name>
<Point>
<coordinates>16.112078,44.776065</coordinates>
</Point>
</Placemark>
<Placemark>
<name>1130</name>
<Point>
<coordinates>16.112110,44.776000</coordinates>
</Point>
</Placemark>
<Placemark>
<name>1119</name>
<Point>
<coordinates>16.112408,44.776848</coordinates>
</Point>
</Placemark>
<Placemark>
<name>1120</name>
<Point>
<coordinates>16.112253,44.776802</coordinates>
</Point>
</Placemark>
<Placemark>
<name>1121</name>
<Point>
<coordinates>16.112278,44.776845</coordinates>
</Point>
</Placemark>
<Placemark>
<name>1122</name>
<Point>
<coordinates>16.112262,44.776688</coordinates>
</Point>
</Placemark>
<Placemark>
<name>1123</name>
<Point>
<coordinates>16.112225,44.776640</coordinates>
</Point>
</Placemark>
<Placemark>
<name>1124</name>
<Point>
<coordinates>16.112225,44.776640</coordinates>
</Point>
</Placemark>
<Placemark>
<name>1113</name>
<Point>
<coordinates>16.112492,44.777225</coordinates>
</Point>
</Placemark>
<Placemark>
<name>1114</name>
<Point>
<coordinates>16.112492,44.777225</coordinates>
</Point>
</Placemark>
<Placemark>
<name>1115</name>
<Point>
<coordinates>16.112382,44.777037</coordinates>
</Point>
</Placemark>
<Placemark>
<name>1116</name>
<Point>
<coordinates>16.112433,44.776968</coordinates>
</Point>
</Placemark>
<Placemark>
<name>1117</name>
<Point>
<coordinates>16.112390,44.776880</coordinates>
</Point>
</Placemark>
<Placemark>
<name>1118</name>
<Point>
<coordinates>16.112430,44.776838</coordinates>
</Point>
</Placemark>
<Placemark>
<name>1107</name>
<Point>
<coordinates>16.114263,44.775347</coordinates>
</Point>
</Placemark>
<Placemark>
<name>1108</name>
<Point>
<coordinates>16.114263,44.775347</coordinates>
</Point>
</Placemark>
<Placemark>
<name>1109</name>
<Point>
<coordinates>16.114263,44.775347</coordinates>
</Point>
</Placemark>
<Placemark>
<name>1110</name>
<Point>
<coordinates>16.114263,44.775347</coordinates>
</Point>
</Placemark>
<Placemark>
<name>1111</name>
<Point>
<coordinates>16.114263,44.775347</coordinates>
</Point>
</Placemark>
<Placemark>
<name>1112</name>
<Point>
<coordinates>16.112543,44.777412</coordinates>
</Point>
</Placemark>
<Placemark>
<name>1101</name>
<Point>
<coordinates>16.114263,44.775347</coordinates>
</Point>
</Placemark>
<Placemark>
<name>1102</name>
<Point>
<coordinates>16.114263,44.775347</coordinates>
</Point>
</Placemark>
<Placemark>
<name>1103</name>
<Point>
<coordinates>16.114263,44.775347</coordinates>
</Point>
</Placemark>
<Placemark>
<name>1104</name>
<Point>
<coordinates>16.114263,44.775347</coordinates>
</Point>
</Placemark>
<Placemark>
<name>1105</name>
<Point>
<coordinates>16.114263,44.775347</coordinates>
</Point>
</Placemark>
<Placemark>
<name>1106</name>
<Point>
<coordinates>16.114263,44.775347</coordinates>
</Point>
</Placemark>
<Placemark>
<name>1095</name>
<Point>
<coordinates>16.114263,44.775347</coordinates>
</Point>
</Placemark>
<Placemark>
<name>1096</name>
<Point>
<coordinates>16.114263,44.775347</coordinates>
</Point>
</Placemark>
<Placemark>
<name>1097</name>
<Point>
<coordinates>16.114263,44.775347</coordinates>
</Point>
</Placemark>
<Placemark>
<name>1098</name>
<Point>
<coordinates>16.114263,44.775347</coordinates>
</Point>
</Placemark>
<Placemark>
<name>1099</name>
<Point>
<coordinates>16.114263,44.775347</coordinates>
</Point>
</Placemark>
<Placemark>
<name>1100</name>
<Point>
<coordinates>16.114263,44.775347</coordinates>
</Point>
</Placemark>
<Placemark>
<name>1089</name>
<Point>
<coordinates>16.114263,44.775347</coordinates>
</Point>
</Placemark>
<Placemark>
<name>1090</name>
<Point>
<coordinates>16.114263,44.775347</coordinates>
</Point>
</Placemark>
<Placemark>
<name>1091</name>
<Point>
<coordinates>16.114263,44.775347</coordinates>
</Point>
</Placemark>
<Placemark>
<name>1092</name>
<Point>
<coordinates>16.114263,44.775347</coordinates>
</Point>
</Placemark>
<Placemark>
<name>1093</name>
<Point>
<coordinates>16.114263,44.775347</coordinates>
</Point>
</Placemark>
<Placemark>
<name>1094</name>
<Point>
<coordinates>16.114263,44.775347</coordinates>
</Point>
</Placemark>
<Placemark>
<name>1083</name>
<Point>
<coordinates>16.114263,44.775347</coordinates>
</Point>
</Placemark>
<Placemark>
<name>1084</name>
<Point>
<coordinates>16.114263,44.775347</coordinates>
</Point>
</Placemark>
<Placemark>
<name>1085</name>
<Point>
<coordinates>16.114263,44.775347</coordinates>
</Point>
</Placemark>
<Placemark>
<name>1086</name>
<Point>
<coordinates>16.114263,44.775347</coordinates>
</Point>
</Placemark>
<Placemark>
<name>1087</name>
<Point>
<coordinates>16.114263,44.775347</coordinates>
</Point>
</Placemark>
<Placemark>
<name>1088</name>
<Point>
<coordinates>16.114263,44.775347</coordinates>
</Point>
</Placemark>
<Placemark>
<name>1077</name>
<Point>
<coordinates>16.114263,44.775347</coordinates>
</Point>
</Placemark>
<Placemark>
<name>1078</name>
<Point>
<coordinates>16.114263,44.775347</coordinates>
</Point>
</Placemark>
<Placemark>
<name>1079</name>
<Point>
<coordinates>16.114263,44.775347</coordinates>
</Point>
</Placemark>
<Placemark>
<name>1080</name>
<Point>
<coordinates>16.114263,44.775347</coordinates>
</Point>
</Placemark>
<Placemark>
<name>1081</name>
<Point>
<coordinates>16.114263,44.775347</coordinates>
</Point>
</Placemark>
<Placemark>
<name>1082</name>
<Point>
<coordinates>16.114263,44.775347</coordinates>
</Point>
</Placemark>
<Placemark>
<name>1071</name>
<Point>
<coordinates>16.114263,44.775347</coordinates>
</Point>
</Placemark>
<Placemark>
<name>1072</name>
<Point>
<coordinates>16.114263,44.775347</coordinates>
</Point>
</Placemark>
<Placemark>
<name>1073</name>
<Point>
<coordinates>16.114263,44.775347</coordinates>
</Point>
</Placemark>
<Placemark>
<name>1074</name>
<Point>
<coordinates>16.114263,44.775347</coordinates>
</Point>
</Placemark>
<Placemark>
<name>1075</name>
<Point>
<coordinates>16.114263,44.775347</coordinates>
</Point>
</Placemark>
<Placemark>
<name>1076</name>
<Point>
<coordinates>16.114263,44.775347</coordinates>
</Point>
</Placemark>
<Placemark>
<name>1065</name>
<Point>
<coordinates>16.115050,44.774533</coordinates>
</Point>
</Placemark>
<Placemark>
<name>1066</name>
<Point>
<coordinates>16.115383,44.774542</coordinates>
</Point>
</Placemark>
<Placemark>
<name>1067</name>
<Point>
<coordinates>16.114448,44.774678</coordinates>
</Point>
</Placemark>
<Placemark>
<name>1068</name>
<Point>
<coordinates>16.114675,44.774542</coordinates>
</Point>
</Placemark>
<Placemark>
<name>1069</name>
<Point>
<coordinates>16.114750,44.774535</coordinates>
</Point>
</Placemark>
<Placemark>
<name>1070</name>
<Point>
<coordinates>16.114520,44.774500</coordinates>
</Point>
</Placemark>
<Placemark>
<name>1059</name>
<Point>
<coordinates>16.115432,44.775030</coordinates>
</Point>
</Placemark>
<Placemark>
<name>1060</name>
<Point>
<coordinates>16.115427,44.774930</coordinates>
</Point>
</Placemark>
<Placemark>
<name>1061</name>
<Point>
<coordinates>16.115427,44.774930</coordinates>
</Point>
</Placemark>
<Placemark>
<name>1062</name>
<Point>
<coordinates>16.115335,44.774757</coordinates>
</Point>
</Placemark>
<Placemark>
<name>1063</name>
<Point>
<coordinates>16.115220,44.774702</coordinates>
</Point>
</Placemark>
<Placemark>
<name>1064</name>
<Point>
<coordinates>16.115155,44.774623</coordinates>
</Point>
</Placemark>
<Placemark>
<name>1053</name>
<Point>
<coordinates>16.115637,44.775258</coordinates>
</Point>
</Placemark>
<Placemark>
<name>1054</name>
<Point>
<coordinates>16.115637,44.775258</coordinates>
</Point>
</Placemark>
<Placemark>
<name>1055</name>
<Point>
<coordinates>16.115637,44.775258</coordinates>
</Point>
</Placemark>
<Placemark>
<name>1056</name>
<Point>
<coordinates>16.115637,44.775258</coordinates>
</Point>
</Placemark>
<Placemark>
<name>1057</name>
<Point>
<coordinates>16.115637,44.775125</coordinates>
</Point>
</Placemark>
<Placemark>
<name>1058</name>
<Point>
<coordinates>16.115637,44.775125</coordinates>
</Point>
</Placemark>
<Placemark>
<name>1047</name>
<Point>
<coordinates>16.115213,44.775383</coordinates>
</Point>
</Placemark>
<Placemark>
<name>1048</name>
<Point>
<coordinates>16.115363,44.775307</coordinates>
</Point>
</Placemark>
<Placemark>
<name>1049</name>
<Point>
<coordinates>16.115363,44.775307</coordinates>
</Point>
</Placemark>
<Placemark>
<name>1050</name>
<Point>
<coordinates>16.115483,44.775410</coordinates>
</Point>
</Placemark>
<Placemark>
<name>1051</name>
<Point>
<coordinates>16.115485,44.775420</coordinates>
</Point>
</Placemark>
<Placemark>
<name>1052</name>
<Point>
<coordinates>16.115682,44.775370</coordinates>
</Point>
</Placemark>
<Placemark>
<name>1041</name>
<Point>
<coordinates>16.114707,44.775828</coordinates>
</Point>
</Placemark>
<Placemark>
<name>1042</name>
<Point>
<coordinates>16.114778,44.775852</coordinates>
</Point>
</Placemark>
<Placemark>
<name>1043</name>
<Point>
<coordinates>16.115042,44.775678</coordinates>
</Point>
</Placemark>
<Placemark>
<name>1044</name>
<Point>
<coordinates>16.114910,44.775622</coordinates>
</Point>
</Placemark>
<Placemark>
<name>1045</name>
<Point>
<coordinates>16.114928,44.775503</coordinates>
</Point>
</Placemark>
<Placemark>
<name>1046</name>
<Point>
<coordinates>16.114950,44.775420</coordinates>
</Point>
</Placemark>
<Placemark>
<name>1035</name>
<Point>
<coordinates>16.114350,44.776020</coordinates>
</Point>
</Placemark>
<Placemark>
<name>1036</name>
<Point>
<coordinates>16.114522,44.775925</coordinates>
</Point>
</Placemark>
<Placemark>
<name>1037</name>
<Point>
<coordinates>16.114522,44.775925</coordinates>
</Point>
</Placemark>
<Placemark>
<name>1038</name>
<Point>
<coordinates>16.114522,44.775925</coordinates>
</Point>
</Placemark>
<Placemark>
<name>1039</name>
<Point>
<coordinates>16.114643,44.775845</coordinates>
</Point>
</Placemark>
<Placemark>
<name>1040</name>
<Point>
<coordinates>16.114707,44.775828</coordinates>
</Point>
</Placemark>
<Placemark>
<name>1029</name>
<Point>
<coordinates>16.114428,44.776195</coordinates>
</Point>
</Placemark>
<Placemark>
<name>1030</name>
<Point>
<coordinates>16.114428,44.776195</coordinates>
</Point>
</Placemark>
<Placemark>
<name>1031</name>
<Point>
<coordinates>16.114282,44.776225</coordinates>
</Point>
</Placemark>
<Placemark>
<name>1032</name>
<Point>
<coordinates>16.114267,44.776198</coordinates>
</Point>
</Placemark>
<Placemark>
<name>1033</name>
<Point>
<coordinates>16.114267,44.776198</coordinates>
</Point>
</Placemark>
<Placemark>
<name>1034</name>
<Point>
<coordinates>16.114288,44.776118</coordinates>
</Point>
</Placemark>
<Placemark>
<name>1023</name>
<Point>
<coordinates>16.114588,44.776505</coordinates>
</Point>
</Placemark>
<Placemark>
<name>1024</name>
<Point>
<coordinates>16.114480,44.776433</coordinates>
</Point>
</Placemark>
<Placemark>
<name>1025</name>
<Point>
<coordinates>16.114480,44.776433</coordinates>
</Point>
</Placemark>
<Placemark>
<name>1026</name>
<Point>
<coordinates>16.114582,44.776360</coordinates>
</Point>
</Placemark>
<Placemark>
<name>1027</name>
<Point>
<coordinates>16.114582,44.776360</coordinates>
</Point>
</Placemark>
<Placemark>
<name>1028</name>
<Point>
<coordinates>16.114582,44.776360</coordinates>
</Point>
</Placemark>
<Placemark>
<name>1017</name>
<Point>
<coordinates>16.114643,44.776987</coordinates>
</Point>
</Placemark>
<Placemark>
<name>1018</name>
<Point>
<coordinates>16.114643,44.776987</coordinates>
</Point>
</Placemark>
<Placemark>
<name>1019</name>
<Point>
<coordinates>16.114707,44.776885</coordinates>
</Point>
</Placemark>
<Placemark>
<name>1020</name>
<Point>
<coordinates>16.114820,44.776800</coordinates>
</Point>
</Placemark>
<Placemark>
<name>1021</name>
<Point>
<coordinates>16.114767,44.776653</coordinates>
</Point>
</Placemark>
<Placemark>
<name>1022</name>
<Point>
<coordinates>16.114588,44.776505</coordinates>
</Point>
</Placemark>
<Placemark>
<name>1011</name>
<Point>
<coordinates>16.115023,44.777300</coordinates>
</Point>
</Placemark>
<Placemark>
<name>1012</name>
<Point>
<coordinates>16.114808,44.777237</coordinates>
</Point>
</Placemark>
<Placemark>
<name>1013</name>
<Point>
<coordinates>16.114685,44.777172</coordinates>
</Point>
</Placemark>
<Placemark>
<name>1014</name>
<Point>
<coordinates>16.114685,44.777172</coordinates>
</Point>
</Placemark>
<Placemark>
<name>1015</name>
<Point>
<coordinates>16.114710,44.777065</coordinates>
</Point>
</Placemark>
<Placemark>
<name>1016</name>
<Point>
<coordinates>16.114710,44.777065</coordinates>
</Point>
</Placemark>
<Placemark>
<name>1005</name>
<Point>
<coordinates>16.115057,44.777615</coordinates>
</Point>
</Placemark>
<Placemark>
<name>1006</name>
<Point>
<coordinates>16.115057,44.777615</coordinates>
</Point>
</Placemark>
<Placemark>
<name>1007</name>
<Point>
<coordinates>16.115057,44.777615</coordinates>
</Point>
</Placemark>
<Placemark>
<name>1008</name>
<Point>
<coordinates>16.114965,44.777448</coordinates>
</Point>
</Placemark>
<Placemark>
<name>1009</name>
<Point>
<coordinates>16.114980,44.777443</coordinates>
</Point>
</Placemark>
<Placemark>
<name>1010</name>
<Point>
<coordinates>16.115100,44.777423</coordinates>
</Point>
</Placemark>
<Placemark>
<name>999</name>
<Point>
<coordinates>16.115105,44.777943</coordinates>
</Point>
</Placemark>
<Placemark>
<name>1000</name>
<Point>
<coordinates>16.115033,44.777853</coordinates>
</Point>
</Placemark>
<Placemark>
<name>1001</name>
<Point>
<coordinates>16.114980,44.777678</coordinates>
</Point>
</Placemark>
<Placemark>
<name>1002</name>
<Point>
<coordinates>16.114980,44.777678</coordinates>
</Point>
</Placemark>
<Placemark>
<name>1003</name>
<Point>
<coordinates>16.115057,44.777615</coordinates>
</Point>
</Placemark>
<Placemark>
<name>1004</name>
<Point>
<coordinates>16.115057,44.777615</coordinates>
</Point>
</Placemark>
<Placemark>
<name>993</name>
<Point>
<coordinates>16.115218,44.778120</coordinates>
</Point>
</Placemark>
<Placemark>
<name>994</name>
<Point>
<coordinates>16.115218,44.778120</coordinates>
</Point>
</Placemark>
<Placemark>
<name>995</name>
<Point>
<coordinates>16.115237,44.778095</coordinates>
</Point>
</Placemark>
<Placemark>
<name>996</name>
<Point>
<coordinates>16.115237,44.778095</coordinates>
</Point>
</Placemark>
<Placemark>
<name>997</name>
<Point>
<coordinates>16.115237,44.778095</coordinates>
</Point>
</Placemark>
<Placemark>
<name>998</name>
<Point>
<coordinates>16.115182,44.778008</coordinates>
</Point>
</Placemark>
<Placemark>
<name>992</name>
<Point>
<coordinates>16.115253,44.778247</coordinates>
</Point>
</Placemark>
<Placemark>
<name>1171</name>
<Point>
<coordinates>16.115275,44.778422</coordinates>
</Point>
</Placemark>
<Placemark>
<name>1172</name>
<Point>
<coordinates>16.114980,44.778285</coordinates>
</Point>
</Placemark>
<Placemark>
<name>1173</name>
<Point>
<coordinates>16.114782,44.778305</coordinates>
</Point>
</Placemark>
<Placemark>
<name>1174</name>
<Point>
<coordinates>16.115163,44.778127</coordinates>
</Point>
</Placemark>
<Placemark>
<name>1175</name>
<Point>
<coordinates>16.114808,44.778133</coordinates>
</Point>
</Placemark>
<Placemark>
<name>1176</name>
<Point>
<coordinates>16.114735,44.778110</coordinates>
</Point>
</Placemark>
<Placemark>
<name>1339</name>
<Point>
<coordinates>16.111313,44.776993</coordinates>
</Point>
</Placemark>
<Placemark>
<name>1340</name>
<Point>
<coordinates>16.111313,44.776993</coordinates>
</Point>
</Placemark>
<Placemark>
<name>1341</name>
<Point>
<coordinates>16.111313,44.776993</coordinates>
</Point>
</Placemark>
<Placemark>
<name>1333</name>
<Point>
<coordinates>16.111313,44.776993</coordinates>
</Point>
</Placemark>
<Placemark>
<name>1334</name>
<Point>
<coordinates>16.111313,44.776993</coordinates>
</Point>
</Placemark>
<Placemark>
<name>1335</name>
<Point>
<coordinates>16.111313,44.776993</coordinates>
</Point>
</Placemark>
<Placemark>
<name>1336</name>
<Point>
<coordinates>16.111313,44.776993</coordinates>
</Point>
</Placemark>
<Placemark>
<name>1337</name>
<Point>
<coordinates>16.111313,44.776993</coordinates>
</Point>
</Placemark>
<Placemark>
<name>1338</name>
<Point>
<coordinates>16.111313,44.776993</coordinates>
</Point>
</Placemark>
<Placemark>
<name>1327</name>
<Point>
<coordinates>16.111227,44.776042</coordinates>
</Point>
</Placemark>
<Placemark>
<name>1328</name>
<Point>
<coordinates>16.111227,44.776042</coordinates>
</Point>
</Placemark>
<Placemark>
<name>1329</name>
<Point>
<coordinates>16.111227,44.776042</coordinates>
</Point>
</Placemark>
<Placemark>
<name>1330</name>
<Point>
<coordinates>16.111227,44.776042</coordinates>
</Point>
</Placemark>
<Placemark>
<name>1331</name>
<Point>
<coordinates>16.111227,44.776042</coordinates>
</Point>
</Placemark>
<Placemark>
<name>1332</name>
<Point>
<coordinates>16.111313,44.776993</coordinates>
</Point>
</Placemark>
<Placemark>
<name>1321</name>
<Point>
<coordinates>16.111227,44.776042</coordinates>
</Point>
</Placemark>
<Placemark>
<name>1322</name>
<Point>
<coordinates>16.111227,44.776042</coordinates>
</Point>
</Placemark>
<Placemark>
<name>1323</name>
<Point>
<coordinates>16.111227,44.776042</coordinates>
</Point>
</Placemark>
<Placemark>
<name>1324</name>
<Point>
<coordinates>16.111227,44.776042</coordinates>
</Point>
</Placemark>
<Placemark>
<name>1325</name>
<Point>
<coordinates>16.111227,44.776042</coordinates>
</Point>
</Placemark>
<Placemark>
<name>1326</name>
<Point>
<coordinates>16.111227,44.776042</coordinates>
</Point>
</Placemark>
<Placemark>
<name>1315</name>
<Point>
<coordinates>16.111140,44.775238</coordinates>
</Point>
</Placemark>
<Placemark>
<name>1316</name>
<Point>
<coordinates>16.111140,44.775238</coordinates>
</Point>
</Placemark>
<Placemark>
<name>1317</name>
<Point>
<coordinates>16.111140,44.775238</coordinates>
</Point>
</Placemark>
<Placemark>
<name>1318</name>
<Point>
<coordinates>16.111140,44.775238</coordinates>
</Point>
</Placemark>
<Placemark>
<name>1319</name>
<Point>
<coordinates>16.111140,44.775238</coordinates>
</Point>
</Placemark>
<Placemark>
<name>1320</name>
<Point>
<coordinates>16.111227,44.776042</coordinates>
</Point>
</Placemark>
<Placemark>
<name>1309</name>
<Point>
<coordinates>16.111140,44.775238</coordinates>
</Point>
</Placemark>
<Placemark>
<name>1310</name>
<Point>
<coordinates>16.111140,44.775238</coordinates>
</Point>
</Placemark>
<Placemark>
<name>1311</name>
<Point>
<coordinates>16.111140,44.775238</coordinates>
</Point>
</Placemark>
<Placemark>
<name>1312</name>
<Point>
<coordinates>16.111140,44.775238</coordinates>
</Point>
</Placemark>
<Placemark>
<name>1313</name>
<Point>
<coordinates>16.111140,44.775238</coordinates>
</Point>
</Placemark>
<Placemark>
<name>1314</name>
<Point>
<coordinates>16.111140,44.775238</coordinates>
</Point>
</Placemark>
<Placemark>
<name>1303</name>
<Point>
<coordinates>16.111488,44.774970</coordinates>
</Point>
</Placemark>
<Placemark>
<name>1304</name>
<Point>
<coordinates>16.111488,44.774970</coordinates>
</Point>
</Placemark>
<Placemark>
<name>1305</name>
<Point>
<coordinates>16.111488,44.774970</coordinates>
</Point>
</Placemark>
<Placemark>
<name>1306</name>
<Point>
<coordinates>16.111488,44.774970</coordinates>
</Point>
</Placemark>
<Placemark>
<name>1307</name>
<Point>
<coordinates>16.111127,44.775222</coordinates>
</Point>
</Placemark>
<Placemark>
<name>1308</name>
<Point>
<coordinates>16.111140,44.775238</coordinates>
</Point>
</Placemark>
<Placemark>
<name>1297</name>
<Point>
<coordinates>16.111675,44.775210</coordinates>
</Point>
</Placemark>
<Placemark>
<name>1298</name>
<Point>
<coordinates>16.111675,44.775210</coordinates>
</Point>
</Placemark>
<Placemark>
<name>1299</name>
<Point>
<coordinates>16.111578,44.775117</coordinates>
</Point>
</Placemark>
<Placemark>
<name>1300</name>
<Point>
<coordinates>16.111668,44.774920</coordinates>
</Point>
</Placemark>
<Placemark>
<name>1301</name>
<Point>
<coordinates>16.111957,44.774717</coordinates>
</Point>
</Placemark>
<Placemark>
<name>1302</name>
<Point>
<coordinates>16.112188,44.775527</coordinates>
</Point>
</Placemark>
<Placemark>
<name>1291</name>
<Point>
<coordinates>16.111855,44.775413</coordinates>
</Point>
</Placemark>
<Placemark>
<name>1292</name>
<Point>
<coordinates>16.111733,44.775365</coordinates>
</Point>
</Placemark>
<Placemark>
<name>1293</name>
<Point>
<coordinates>16.111733,44.775365</coordinates>
</Point>
</Placemark>
<Placemark>
<name>1294</name>
<Point>
<coordinates>16.111733,44.775365</coordinates>
</Point>
</Placemark>
<Placemark>
<name>1295</name>
<Point>
<coordinates>16.111748,44.775245</coordinates>
</Point>
</Placemark>
<Placemark>
<name>1296</name>
<Point>
<coordinates>16.111720,44.775345</coordinates>
</Point>
</Placemark>
<Placemark>
<name>1285</name>
<Point>
<coordinates>16.111543,44.775927</coordinates>
</Point>
</Placemark>
<Placemark>
<name>1286</name>
<Point>
<coordinates>16.111453,44.776002</coordinates>
</Point>
</Placemark>
<Placemark>
<name>1287</name>
<Point>
<coordinates>16.111702,44.775845</coordinates>
</Point>
</Placemark>
<Placemark>
<name>1288</name>
<Point>
<coordinates>16.111717,44.775775</coordinates>
</Point>
</Placemark>
<Placemark>
<name>1289</name>
<Point>
<coordinates>16.111878,44.775662</coordinates>
</Point>
</Placemark>
<Placemark>
<name>1290</name>
<Point>
<coordinates>16.111880,44.775410</coordinates>
</Point>
</Placemark>
<Placemark>
<name>1279</name>
<Point>
<coordinates>16.111717,44.776468</coordinates>
</Point>
</Placemark>
<Placemark>
<name>1280</name>
<Point>
<coordinates>16.111717,44.776468</coordinates>
</Point>
</Placemark>
<Placemark>
<name>1281</name>
<Point>
<coordinates>16.111717,44.776468</coordinates>
</Point>
</Placemark>
<Placemark>
<name>1282</name>
<Point>
<coordinates>16.111615,44.776303</coordinates>
</Point>
</Placemark>
<Placemark>
<name>1283</name>
<Point>
<coordinates>16.111645,44.776288</coordinates>
</Point>
</Placemark>
<Placemark>
<name>1284</name>
<Point>
<coordinates>16.111692,44.776098</coordinates>
</Point>
</Placemark>
<Placemark>
<name>1273</name>
<Point>
<coordinates>16.111738,44.776688</coordinates>
</Point>
</Placemark>
<Placemark>
<name>1274</name>
<Point>
<coordinates>16.111930,44.776830</coordinates>
</Point>
</Placemark>
<Placemark>
<name>1275</name>
<Point>
<coordinates>16.111855,44.776853</coordinates>
</Point>
</Placemark>
<Placemark>
<name>1276</name>
<Point>
<coordinates>16.111762,44.776777</coordinates>
</Point>
</Placemark>
<Placemark>
<name>1277</name>
<Point>
<coordinates>16.111827,44.776715</coordinates>
</Point>
</Placemark>
<Placemark>
<name>1278</name>
<Point>
<coordinates>16.111748,44.776535</coordinates>
</Point>
</Placemark>
<Placemark>
<name>1267</name>
<Point>
<coordinates>16.112337,44.777388</coordinates>
</Point>
</Placemark>
<Placemark>
<name>1268</name>
<Point>
<coordinates>16.112038,44.777298</coordinates>
</Point>
</Placemark>
<Placemark>
<name>1269</name>
<Point>
<coordinates>16.112025,44.777305</coordinates>
</Point>
</Placemark>
<Placemark>
<name>1270</name>
<Point>
<coordinates>16.111773,44.777138</coordinates>
</Point>
</Placemark>
<Placemark>
<name>1271</name>
<Point>
<coordinates>16.111903,44.777057</coordinates>
</Point>
</Placemark>
<Placemark>
<name>1272</name>
<Point>
<coordinates>16.111903,44.777057</coordinates>
</Point>
</Placemark>
<Placemark>
<name>1261</name>
<Point>
<coordinates>16.113635,44.777417</coordinates>
</Point>
</Placemark>
<Placemark>
<name>1262</name>
<Point>
<coordinates>16.113822,44.777482</coordinates>
</Point>
</Placemark>
<Placemark>
<name>1263</name>
<Point>
<coordinates>16.113992,44.777515</coordinates>
</Point>
</Placemark>
<Placemark>
<name>1264</name>
<Point>
<coordinates>16.114077,44.777587</coordinates>
</Point>
</Placemark>
<Placemark>
<name>1265</name>
<Point>
<coordinates>16.113970,44.777560</coordinates>
</Point>
</Placemark>
<Placemark>
<name>1266</name>
<Point>
<coordinates>16.112633,44.777552</coordinates>
</Point>
</Placemark>
<Placemark>
<name>1255</name>
<Point>
<coordinates>16.113478,44.776667</coordinates>
</Point>
</Placemark>
<Placemark>
<name>1256</name>
<Point>
<coordinates>16.113717,44.776730</coordinates>
</Point>
</Placemark>
<Placemark>
<name>1257</name>
<Point>
<coordinates>16.113748,44.776780</coordinates>
</Point>
</Placemark>
<Placemark>
<name>1258</name>
<Point>
<coordinates>16.113478,44.776950</coordinates>
</Point>
</Placemark>
<Placemark>
<name>1259</name>
<Point>
<coordinates>16.113512,44.777140</coordinates>
</Point>
</Placemark>
<Placemark>
<name>1260</name>
<Point>
<coordinates>16.113512,44.777140</coordinates>
</Point>
</Placemark>
<Placemark>
<name>1249</name>
<Point>
<coordinates>16.113527,44.776330</coordinates>
</Point>
</Placemark>
<Placemark>
<name>1250</name>
<Point>
<coordinates>16.113493,44.776432</coordinates>
</Point>
</Placemark>
<Placemark>
<name>1251</name>
<Point>
<coordinates>16.113540,44.776515</coordinates>
</Point>
</Placemark>
<Placemark>
<name>1252</name>
<Point>
<coordinates>16.113540,44.776515</coordinates>
</Point>
</Placemark>
<Placemark>
<name>1253</name>
<Point>
<coordinates>16.113540,44.776515</coordinates>
</Point>
</Placemark>
<Placemark>
<name>1254</name>
<Point>
<coordinates>16.113435,44.776575</coordinates>
</Point>
</Placemark>
<Placemark>
<name>1243</name>
<Point>
<coordinates>16.113368,44.776190</coordinates>
</Point>
</Placemark>
<Placemark>
<name>1244</name>
<Point>
<coordinates>16.113372,44.776213</coordinates>
</Point>
</Placemark>
<Placemark>
<name>1245</name>
<Point>
<coordinates>16.113372,44.776213</coordinates>
</Point>
</Placemark>
<Placemark>
<name>1246</name>
<Point>
<coordinates>16.113372,44.776213</coordinates>
</Point>
</Placemark>
<Placemark>
<name>1247</name>
<Point>
<coordinates>16.113483,44.776242</coordinates>
</Point>
</Placemark>
<Placemark>
<name>1248</name>
<Point>
<coordinates>16.113483,44.776242</coordinates>
</Point>
</Placemark>
<Placemark>
<name>1237</name>
<Point>
<coordinates>16.113368,44.775827</coordinates>
</Point>
</Placemark>
<Placemark>
<name>1238</name>
<Point>
<coordinates>16.113282,44.775812</coordinates>
</Point>
</Placemark>
<Placemark>
<name>1239</name>
<Point>
<coordinates>16.113282,44.775812</coordinates>
</Point>
</Placemark>
<Placemark>
<name>1240</name>
<Point>
<coordinates>16.113248,44.775898</coordinates>
</Point>
</Placemark>
<Placemark>
<name>1241</name>
<Point>
<coordinates>16.113327,44.776023</coordinates>
</Point>
</Placemark>
<Placemark>
<name>1242</name>
<Point>
<coordinates>16.113425,44.776088</coordinates>
</Point>
</Placemark>
<Placemark>
<name>1231</name>
<Point>
<coordinates>16.113403,44.775117</coordinates>
</Point>
</Placemark>
<Placemark>
<name>1232</name>
<Point>
<coordinates>16.113457,44.775150</coordinates>
</Point>
</Placemark>
<Placemark>
<name>1233</name>
<Point>
<coordinates>16.113457,44.775150</coordinates>
</Point>
</Placemark>
<Placemark>
<name>1234</name>
<Point>
<coordinates>16.113415,44.775273</coordinates>
</Point>
</Placemark>
<Placemark>
<name>1235</name>
<Point>
<coordinates>16.113268,44.775615</coordinates>
</Point>
</Placemark>
<Placemark>
<name>1236</name>
<Point>
<coordinates>16.113238,44.775723</coordinates>
</Point>
</Placemark>
<Placemark>
<name>1225</name>
<Point>
<coordinates>16.113475,44.775017</coordinates>
</Point>
</Placemark>
<Placemark>
<name>1226</name>
<Point>
<coordinates>16.113462,44.774918</coordinates>
</Point>
</Placemark>
<Placemark>
<name>1227</name>
<Point>
<coordinates>16.113442,44.774777</coordinates>
</Point>
</Placemark>
<Placemark>
<name>1228</name>
<Point>
<coordinates>16.113082,44.774943</coordinates>
</Point>
</Placemark>
<Placemark>
<name>1229</name>
<Point>
<coordinates>16.113240,44.775060</coordinates>
</Point>
</Placemark>
<Placemark>
<name>1230</name>
<Point>
<coordinates>16.113368,44.775042</coordinates>
</Point>
</Placemark>
<Placemark>
<name>1219</name>
<Point>
<coordinates>16.113758,44.775107</coordinates>
</Point>
</Placemark>
<Placemark>
<name>1220</name>
<Point>
<coordinates>16.113758,44.775107</coordinates>
</Point>
</Placemark>
<Placemark>
<name>1221</name>
<Point>
<coordinates>16.113758,44.775107</coordinates>
</Point>
</Placemark>
<Placemark>
<name>1222</name>
<Point>
<coordinates>16.113645,44.775002</coordinates>
</Point>
</Placemark>
<Placemark>
<name>1223</name>
<Point>
<coordinates>16.113508,44.775018</coordinates>
</Point>
</Placemark>
<Placemark>
<name>1224</name>
<Point>
<coordinates>16.113483,44.775027</coordinates>
</Point>
</Placemark>
<Placemark>
<name>1213</name>
<Point>
<coordinates>16.113632,44.775365</coordinates>
</Point>
</Placemark>
<Placemark>
<name>1214</name>
<Point>
<coordinates>16.113632,44.775365</coordinates>
</Point>
</Placemark>
<Placemark>
<name>1215</name>
<Point>
<coordinates>16.113632,44.775365</coordinates>
</Point>
</Placemark>
<Placemark>
<name>1216</name>
<Point>
<coordinates>16.113752,44.775313</coordinates>
</Point>
</Placemark>
<Placemark>
<name>1217</name>
<Point>
<coordinates>16.113725,44.775212</coordinates>
</Point>
</Placemark>
<Placemark>
<name>1218</name>
<Point>
<coordinates>16.113725,44.775212</coordinates>
</Point>
</Placemark>
<Placemark>
<name>1207</name>
<Point>
<coordinates>16.113703,44.775840</coordinates>
</Point>
</Placemark>
<Placemark>
<name>1208</name>
<Point>
<coordinates>16.113642,44.775807</coordinates>
</Point>
</Placemark>
<Placemark>
<name>1209</name>
<Point>
<coordinates>16.113600,44.775868</coordinates>
</Point>
</Placemark>
<Placemark>
<name>1210</name>
<Point>
<coordinates>16.113645,44.775562</coordinates>
</Point>
</Placemark>
<Placemark>
<name>1211</name>
<Point>
<coordinates>16.113662,44.775557</coordinates>
</Point>
</Placemark>
<Placemark>
<name>1212</name>
<Point>
<coordinates>16.113632,44.775365</coordinates>
</Point>
</Placemark>
<Placemark>
<name>1201</name>
<Point>
<coordinates>16.113827,44.776463</coordinates>
</Point>
</Placemark>
<Placemark>
<name>1202</name>
<Point>
<coordinates>16.113850,44.776220</coordinates>
</Point>
</Placemark>
<Placemark>
<name>1203</name>
<Point>
<coordinates>16.113850,44.776220</coordinates>
</Point>
</Placemark>
<Placemark>
<name>1204</name>
<Point>
<coordinates>16.113777,44.776142</coordinates>
</Point>
</Placemark>
<Placemark>
<name>1205</name>
<Point>
<coordinates>16.113750,44.775992</coordinates>
</Point>
</Placemark>
<Placemark>
<name>1206</name>
<Point>
<coordinates>16.113750,44.775992</coordinates>
</Point>
</Placemark>
<Placemark>
<name>1195</name>
<Point>
<coordinates>16.113875,44.776830</coordinates>
</Point>
</Placemark>
<Placemark>
<name>1196</name>
<Point>
<coordinates>16.113907,44.776738</coordinates>
</Point>
</Placemark>
<Placemark>
<name>1197</name>
<Point>
<coordinates>16.113907,44.776738</coordinates>
</Point>
</Placemark>
<Placemark>
<name>1198</name>
<Point>
<coordinates>16.113890,44.776663</coordinates>
</Point>
</Placemark>
<Placemark>
<name>1199</name>
<Point>
<coordinates>16.114002,44.776438</coordinates>
</Point>
</Placemark>
<Placemark>
<name>1200</name>
<Point>
<coordinates>16.113840,44.776493</coordinates>
</Point>
</Placemark>
<Placemark>
<name>1189</name>
<Point>
<coordinates>16.114087,44.777437</coordinates>
</Point>
</Placemark>
<Placemark>
<name>1190</name>
<Point>
<coordinates>16.114087,44.777437</coordinates>
</Point>
</Placemark>
<Placemark>
<name>1191</name>
<Point>
<coordinates>16.113953,44.777442</coordinates>
</Point>
</Placemark>
<Placemark>
<name>1192</name>
<Point>
<coordinates>16.113837,44.777378</coordinates>
</Point>
</Placemark>
<Placemark>
<name>1193</name>
<Point>
<coordinates>16.113703,44.777323</coordinates>
</Point>
</Placemark>
<Placemark>
<name>1194</name>
<Point>
<coordinates>16.113947,44.777048</coordinates>
</Point>
</Placemark>
<Placemark>
<name>1183</name>
<Point>
<coordinates>16.114442,44.777823</coordinates>
</Point>
</Placemark>
<Placemark>
<name>1184</name>
<Point>
<coordinates>16.114227,44.777690</coordinates>
</Point>
</Placemark>
<Placemark>
<name>1185</name>
<Point>
<coordinates>16.114227,44.777690</coordinates>
</Point>
</Placemark>
<Placemark>
<name>1186</name>
<Point>
<coordinates>16.114275,44.777607</coordinates>
</Point>
</Placemark>
<Placemark>
<name>1187</name>
<Point>
<coordinates>16.114182,44.777512</coordinates>
</Point>
</Placemark>
<Placemark>
<name>1188</name>
<Point>
<coordinates>16.114182,44.777512</coordinates>
</Point>
</Placemark>
<Placemark>
<name>1177</name>
<Point>
<coordinates>16.114633,44.778052</coordinates>
</Point>
</Placemark>
<Placemark>
<name>1178</name>
<Point>
<coordinates>16.114620,44.778047</coordinates>
</Point>
</Placemark>
<Placemark>
<name>1179</name>
<Point>
<coordinates>16.114525,44.777925</coordinates>
</Point>
</Placemark>
<Placemark>
<name>1180</name>
<Point>
<coordinates>16.114515,44.777932</coordinates>
</Point>
</Placemark>
<Placemark>
<name>1181</name>
<Point>
<coordinates>16.114515,44.777932</coordinates>
</Point>
</Placemark>
<Placemark>
<name>1182</name>
<Point>
<coordinates>16.114392,44.777912</coordinates>
</Point>
</Placemark>
<Placemark>
<name>1587</name>
<Point>
<coordinates>16.109860,44.778230</coordinates>
</Point>
</Placemark>
<Placemark>
<name>1588</name>
<Point>
<coordinates>16.109758,44.778200</coordinates>
</Point>
</Placemark>
<Placemark>
<name>1589</name>
<Point>
<coordinates>16.109710,44.778252</coordinates>
</Point>
</Placemark>
<Placemark>
<name>1590</name>
<Point>
<coordinates>16.109810,44.778438</coordinates>
</Point>
</Placemark>
<Placemark>
<name>1581</name>
<Point>
<coordinates>16.110278,44.777953</coordinates>
</Point>
</Placemark>
<Placemark>
<name>1582</name>
<Point>
<coordinates>16.110278,44.777953</coordinates>
</Point>
</Placemark>
<Placemark>
<name>1583</name>
<Point>
<coordinates>16.110238,44.778063</coordinates>
</Point>
</Placemark>
<Placemark>
<name>1584</name>
<Point>
<coordinates>16.110238,44.778063</coordinates>
</Point>
</Placemark>
<Placemark>
<name>1585</name>
<Point>
<coordinates>16.110348,44.778155</coordinates>
</Point>
</Placemark>
<Placemark>
<name>1586</name>
<Point>
<coordinates>16.110060,44.778223</coordinates>
</Point>
</Placemark>
<Placemark>
<name>1575</name>
<Point>
<coordinates>16.109953,44.777552</coordinates>
</Point>
</Placemark>
<Placemark>
<name>1576</name>
<Point>
<coordinates>16.110065,44.777680</coordinates>
</Point>
</Placemark>
<Placemark>
<name>1577</name>
<Point>
<coordinates>16.110178,44.777765</coordinates>
</Point>
</Placemark>
<Placemark>
<name>1578</name>
<Point>
<coordinates>16.110203,44.777865</coordinates>
</Point>
</Placemark>
<Placemark>
<name>1579</name>
<Point>
<coordinates>16.110278,44.777953</coordinates>
</Point>
</Placemark>
<Placemark>
<name>1580</name>
<Point>
<coordinates>16.110278,44.777953</coordinates>
</Point>
</Placemark>
<Placemark>
<name>1569</name>
<Point>
<coordinates>16.109977,44.776962</coordinates>
</Point>
</Placemark>
<Placemark>
<name>1570</name>
<Point>
<coordinates>16.109942,44.777073</coordinates>
</Point>
</Placemark>
<Placemark>
<name>1571</name>
<Point>
<coordinates>16.110012,44.777175</coordinates>
</Point>
</Placemark>
<Placemark>
<name>1572</name>
<Point>
<coordinates>16.109993,44.777342</coordinates>
</Point>
</Placemark>
<Placemark>
<name>1573</name>
<Point>
<coordinates>16.109998,44.777432</coordinates>
</Point>
</Placemark>
<Placemark>
<name>1574</name>
<Point>
<coordinates>16.110000,44.777500</coordinates>
</Point>
</Placemark>
<Placemark>
<name>1563</name>
<Point>
<coordinates>16.109468,44.776208</coordinates>
</Point>
</Placemark>
<Placemark>
<name>1564</name>
<Point>
<coordinates>16.109647,44.776423</coordinates>
</Point>
</Placemark>
<Placemark>
<name>1565</name>
<Point>
<coordinates>16.109785,44.776520</coordinates>
</Point>
</Placemark>
<Placemark>
<name>1566</name>
<Point>
<coordinates>16.109832,44.776652</coordinates>
</Point>
</Placemark>
<Placemark>
<name>1567</name>
<Point>
<coordinates>16.109898,44.776718</coordinates>
</Point>
</Placemark>
<Placemark>
<name>1568</name>
<Point>
<coordinates>16.109900,44.776797</coordinates>
</Point>
</Placemark>
<Placemark>
<name>1557</name>
<Point>
<coordinates>16.109208,44.775390</coordinates>
</Point>
</Placemark>
<Placemark>
<name>1558</name>
<Point>
<coordinates>16.109315,44.775452</coordinates>
</Point>
</Placemark>
<Placemark>
<name>1559</name>
<Point>
<coordinates>16.109258,44.775552</coordinates>
</Point>
</Placemark>
<Placemark>
<name>1560</name>
<Point>
<coordinates>16.109275,44.775738</coordinates>
</Point>
</Placemark>
<Placemark>
<name>1561</name>
<Point>
<coordinates>16.109408,44.775778</coordinates>
</Point>
</Placemark>
<Placemark>
<name>1562</name>
<Point>
<coordinates>16.109433,44.775935</coordinates>
</Point>
</Placemark>
<Placemark>
<name>1551</name>
<Point>
<coordinates>16.109098,44.774860</coordinates>
</Point>
</Placemark>
<Placemark>
<name>1552</name>
<Point>
<coordinates>16.108942,44.774858</coordinates>
</Point>
</Placemark>
<Placemark>
<name>1553</name>
<Point>
<coordinates>16.109057,44.775008</coordinates>
</Point>
</Placemark>
<Placemark>
<name>1554</name>
<Point>
<coordinates>16.109172,44.775067</coordinates>
</Point>
</Placemark>
<Placemark>
<name>1555</name>
<Point>
<coordinates>16.109175,44.775137</coordinates>
</Point>
</Placemark>
<Placemark>
<name>1556</name>
<Point>
<coordinates>16.109195,44.775242</coordinates>
</Point>
</Placemark>
<Placemark>
<name>1545</name>
<Point>
<coordinates>16.109702,44.775050</coordinates>
</Point>
</Placemark>
<Placemark>
<name>1546</name>
<Point>
<coordinates>16.109702,44.775050</coordinates>
</Point>
</Placemark>
<Placemark>
<name>1547</name>
<Point>
<coordinates>16.109502,44.775007</coordinates>
</Point>
</Placemark>
<Placemark>
<name>1548</name>
<Point>
<coordinates>16.109370,44.774903</coordinates>
</Point>
</Placemark>
<Placemark>
<name>1549</name>
<Point>
<coordinates>16.109370,44.774903</coordinates>
</Point>
</Placemark>
<Placemark>
<name>1550</name>
<Point>
<coordinates>16.109370,44.774903</coordinates>
</Point>
</Placemark>
<Placemark>
<name>1539</name>
<Point>
<coordinates>16.110183,44.775423</coordinates>
</Point>
</Placemark>
<Placemark>
<name>1540</name>
<Point>
<coordinates>16.110298,44.775420</coordinates>
</Point>
</Placemark>
<Placemark>
<name>1541</name>
<Point>
<coordinates>16.110308,44.775330</coordinates>
</Point>
</Placemark>
<Placemark>
<name>1542</name>
<Point>
<coordinates>16.110135,44.775185</coordinates>
</Point>
</Placemark>
<Placemark>
<name>1543</name>
<Point>
<coordinates>16.109927,44.775137</coordinates>
</Point>
</Placemark>
<Placemark>
<name>1544</name>
<Point>
<coordinates>16.109823,44.775105</coordinates>
</Point>
</Placemark>
<Placemark>
<name>1533</name>
<Point>
<coordinates>16.109972,44.775843</coordinates>
</Point>
</Placemark>
<Placemark>
<name>1534</name>
<Point>
<coordinates>16.110013,44.775800</coordinates>
</Point>
</Placemark>
<Placemark>
<name>1535</name>
<Point>
<coordinates>16.110067,44.775630</coordinates>
</Point>
</Placemark>
<Placemark>
<name>1536</name>
<Point>
<coordinates>16.110113,44.775585</coordinates>
</Point>
</Placemark>
<Placemark>
<name>1537</name>
<Point>
<coordinates>16.110147,44.775565</coordinates>
</Point>
</Placemark>
<Placemark>
<name>1538</name>
<Point>
<coordinates>16.110130,44.775465</coordinates>
</Point>
</Placemark>
<Placemark>
<name>1527</name>
<Point>
<coordinates>16.109930,44.776307</coordinates>
</Point>
</Placemark>
<Placemark>
<name>1528</name>
<Point>
<coordinates>16.109930,44.776307</coordinates>
</Point>
</Placemark>
<Placemark>
<name>1529</name>
<Point>
<coordinates>16.109862,44.776217</coordinates>
</Point>
</Placemark>
<Placemark>
<name>1530</name>
<Point>
<coordinates>16.109545,44.776040</coordinates>
</Point>
</Placemark>
<Placemark>
<name>1531</name>
<Point>
<coordinates>16.109637,44.776050</coordinates>
</Point>
</Placemark>
<Placemark>
<name>1532</name>
<Point>
<coordinates>16.109677,44.776022</coordinates>
</Point>
</Placemark>
<Placemark>
<name>1521</name>
<Point>
<coordinates>16.110277,44.776673</coordinates>
</Point>
</Placemark>
<Placemark>
<name>1522</name>
<Point>
<coordinates>16.110277,44.776673</coordinates>
</Point>
</Placemark>
<Placemark>
<name>1523</name>
<Point>
<coordinates>16.110348,44.776585</coordinates>
</Point>
</Placemark>
<Placemark>
<name>1524</name>
<Point>
<coordinates>16.110302,44.776537</coordinates>
</Point>
</Placemark>
<Placemark>
<name>1525</name>
<Point>
<coordinates>16.110150,44.776447</coordinates>
</Point>
</Placemark>
<Placemark>
<name>1526</name>
<Point>
<coordinates>16.109915,44.776362</coordinates>
</Point>
</Placemark>
<Placemark>
<name>1515</name>
<Point>
<coordinates>16.110528,44.776905</coordinates>
</Point>
</Placemark>
<Placemark>
<name>1516</name>
<Point>
<coordinates>16.110537,44.776865</coordinates>
</Point>
</Placemark>
<Placemark>
<name>1517</name>
<Point>
<coordinates>16.110537,44.776865</coordinates>
</Point>
</Placemark>
<Placemark>
<name>1518</name>
<Point>
<coordinates>16.110532,44.776795</coordinates>
</Point>
</Placemark>
<Placemark>
<name>1519</name>
<Point>
<coordinates>16.110407,44.776715</coordinates>
</Point>
</Placemark>
<Placemark>
<name>1520</name>
<Point>
<coordinates>16.110277,44.776673</coordinates>
</Point>
</Placemark>
<Placemark>
<name>1509</name>
<Point>
<coordinates>16.110367,44.777160</coordinates>
</Point>
</Placemark>
<Placemark>
<name>1510</name>
<Point>
<coordinates>16.110367,44.777160</coordinates>
</Point>
</Placemark>
<Placemark>
<name>1511</name>
<Point>
<coordinates>16.110367,44.777160</coordinates>
</Point>
</Placemark>
<Placemark>
<name>1512</name>
<Point>
<coordinates>16.110365,44.777062</coordinates>
</Point>
</Placemark>
<Placemark>
<name>1513</name>
<Point>
<coordinates>16.110455,44.776993</coordinates>
</Point>
</Placemark>
<Placemark>
<name>1514</name>
<Point>
<coordinates>16.110528,44.776905</coordinates>
</Point>
</Placemark>
<Placemark>
<name>1503</name>
<Point>
<coordinates>16.110795,44.777715</coordinates>
</Point>
</Placemark>
<Placemark>
<name>1504</name>
<Point>
<coordinates>16.110767,44.777668</coordinates>
</Point>
</Placemark>
<Placemark>
<name>1505</name>
<Point>
<coordinates>16.110655,44.777572</coordinates>
</Point>
</Placemark>
<Placemark>
<name>1506</name>
<Point>
<coordinates>16.110478,44.777483</coordinates>
</Point>
</Placemark>
<Placemark>
<name>1507</name>
<Point>
<coordinates>16.110478,44.777483</coordinates>
</Point>
</Placemark>
<Placemark>
<name>1508</name>
<Point>
<coordinates>16.110447,44.777253</coordinates>
</Point>
</Placemark>
<Placemark>
<name>1501</name>
<Point>
<coordinates>16.110743,44.777805</coordinates>
</Point>
</Placemark>
<Placemark>
<name>1502</name>
<Point>
<coordinates>16.110743,44.777805</coordinates>
</Point>
</Placemark>
<Placemark>
<name>1669</name>
<Point>
<coordinates>16.109592,44.778660</coordinates>
</Point>
</Placemark>
<Placemark>
<name>1670</name>
<Point>
<coordinates>16.109638,44.778573</coordinates>
</Point>
</Placemark>
<Placemark>
<name>1671</name>
<Point>
<coordinates>16.109705,44.778570</coordinates>
</Point>
</Placemark>
<Placemark>
<name>1672</name>
<Point>
<coordinates>16.109895,44.778588</coordinates>
</Point>
</Placemark>
<Placemark>
<name>1673</name>
<Point>
<coordinates>16.109958,44.778528</coordinates>
</Point>
</Placemark>
<Placemark>
<name>1663</name>
<Point>
<coordinates>16.109082,44.778950</coordinates>
</Point>
</Placemark>
<Placemark>
<name>1664</name>
<Point>
<coordinates>16.109082,44.778950</coordinates>
</Point>
</Placemark>
<Placemark>
<name>1665</name>
<Point>
<coordinates>16.109142,44.778867</coordinates>
</Point>
</Placemark>
<Placemark>
<name>1666</name>
<Point>
<coordinates>16.109107,44.778840</coordinates>
</Point>
</Placemark>
<Placemark>
<name>1667</name>
<Point>
<coordinates>16.109360,44.778852</coordinates>
</Point>
</Placemark>
<Placemark>
<name>1668</name>
<Point>
<coordinates>16.109527,44.778857</coordinates>
</Point>
</Placemark>
<Placemark>
<name>1657</name>
<Point>
<coordinates>16.109068,44.777995</coordinates>
</Point>
</Placemark>
<Placemark>
<name>1658</name>
<Point>
<coordinates>16.109022,44.778198</coordinates>
</Point>
</Placemark>
<Placemark>
<name>1659</name>
<Point>
<coordinates>16.109322,44.778448</coordinates>
</Point>
</Placemark>
<Placemark>
<name>1660</name>
<Point>
<coordinates>16.109275,44.778530</coordinates>
</Point>
</Placemark>
<Placemark>
<name>1661</name>
<Point>
<coordinates>16.109232,44.778548</coordinates>
</Point>
</Placemark>
<Placemark>
<name>1662</name>
<Point>
<coordinates>16.109202,44.778780</coordinates>
</Point>
</Placemark>
<Placemark>
<name>1651</name>
<Point>
<coordinates>16.109332,44.778247</coordinates>
</Point>
</Placemark>
<Placemark>
<name>1652</name>
<Point>
<coordinates>16.109253,44.778307</coordinates>
</Point>
</Placemark>
<Placemark>
<name>1653</name>
<Point>
<coordinates>16.109325,44.778088</coordinates>
</Point>
</Placemark>
<Placemark>
<name>1654</name>
<Point>
<coordinates>16.109157,44.777843</coordinates>
</Point>
</Placemark>
<Placemark>
<name>1655</name>
<Point>
<coordinates>16.109157,44.777843</coordinates>
</Point>
</Placemark>
<Placemark>
<name>1656</name>
<Point>
<coordinates>16.109175,44.777672</coordinates>
</Point>
</Placemark>
<Placemark>
<name>1645</name>
<Point>
<coordinates>16.109675,44.777948</coordinates>
</Point>
</Placemark>
<Placemark>
<name>1646</name>
<Point>
<coordinates>16.109763,44.778073</coordinates>
</Point>
</Placemark>
<Placemark>
<name>1647</name>
<Point>
<coordinates>16.109930,44.778193</coordinates>
</Point>
</Placemark>
<Placemark>
<name>1648</name>
<Point>
<coordinates>16.110157,44.778185</coordinates>
</Point>
</Placemark>
<Placemark>
<name>1649</name>
<Point>
<coordinates>16.109545,44.778208</coordinates>
</Point>
</Placemark>
<Placemark>
<name>1650</name>
<Point>
<coordinates>16.109430,44.778223</coordinates>
</Point>
</Placemark>
<Placemark>
<name>1639</name>
<Point>
<coordinates>16.109763,44.777247</coordinates>
</Point>
</Placemark>
<Placemark>
<name>1640</name>
<Point>
<coordinates>16.109670,44.777312</coordinates>
</Point>
</Placemark>
<Placemark>
<name>1641</name>
<Point>
<coordinates>16.109690,44.777402</coordinates>
</Point>
</Placemark>
<Placemark>
<name>1642</name>
<Point>
<coordinates>16.109600,44.777532</coordinates>
</Point>
</Placemark>
<Placemark>
<name>1643</name>
<Point>
<coordinates>16.109618,44.777610</coordinates>
</Point>
</Placemark>
<Placemark>
<name>1644</name>
<Point>
<coordinates>16.109647,44.777855</coordinates>
</Point>
</Placemark>
<Placemark>
<name>1633</name>
<Point>
<coordinates>16.109053,44.776515</coordinates>
</Point>
</Placemark>
<Placemark>
<name>1634</name>
<Point>
<coordinates>16.109260,44.776562</coordinates>
</Point>
</Placemark>
<Placemark>
<name>1635</name>
<Point>
<coordinates>16.109408,44.776725</coordinates>
</Point>
</Placemark>
<Placemark>
<name>1636</name>
<Point>
<coordinates>16.109380,44.776837</coordinates>
</Point>
</Placemark>
<Placemark>
<name>1637</name>
<Point>
<coordinates>16.109385,44.777073</coordinates>
</Point>
</Placemark>
<Placemark>
<name>1638</name>
<Point>
<coordinates>16.109527,44.777095</coordinates>
</Point>
</Placemark>
<Placemark>
<name>1627</name>
<Point>
<coordinates>16.109493,44.774598</coordinates>
</Point>
</Placemark>
<Placemark>
<name>1628</name>
<Point>
<coordinates>16.109500,44.774592</coordinates>
</Point>
</Placemark>
<Placemark>
<name>1629</name>
<Point>
<coordinates>16.109070,44.774555</coordinates>
</Point>
</Placemark>
<Placemark>
<name>1630</name>
<Point>
<coordinates>16.109100,44.774877</coordinates>
</Point>
</Placemark>
<Placemark>
<name>1631</name>
<Point>
<coordinates>16.109080,44.775433</coordinates>
</Point>
</Placemark>
<Placemark>
<name>1632</name>
<Point>
<coordinates>16.109133,44.775783</coordinates>
</Point>
</Placemark>
<Placemark>
<name>1621</name>
<Point>
<coordinates>16.109870,44.774975</coordinates>
</Point>
</Placemark>
<Placemark>
<name>1622</name>
<Point>
<coordinates>16.109870,44.774975</coordinates>
</Point>
</Placemark>
<Placemark>
<name>1623</name>
<Point>
<coordinates>16.109585,44.774945</coordinates>
</Point>
</Placemark>
<Placemark>
<name>1624</name>
<Point>
<coordinates>16.109595,44.774937</coordinates>
</Point>
</Placemark>
<Placemark>
<name>1625</name>
<Point>
<coordinates>16.109508,44.774848</coordinates>
</Point>
</Placemark>
<Placemark>
<name>1626</name>
<Point>
<coordinates>16.109508,44.774848</coordinates>
</Point>
</Placemark>
<Placemark>
<name>1615</name>
<Point>
<coordinates>16.110305,44.774610</coordinates>
</Point>
</Placemark>
<Placemark>
<name>1616</name>
<Point>
<coordinates>16.110302,44.774645</coordinates>
</Point>
</Placemark>
<Placemark>
<name>1617</name>
<Point>
<coordinates>16.110077,44.774808</coordinates>
</Point>
</Placemark>
<Placemark>
<name>1618</name>
<Point>
<coordinates>16.110050,44.774842</coordinates>
</Point>
</Placemark>
<Placemark>
<name>1619</name>
<Point>
<coordinates>16.109988,44.774877</coordinates>
</Point>
</Placemark>
<Placemark>
<name>1620</name>
<Point>
<coordinates>16.109988,44.774877</coordinates>
</Point>
</Placemark>
<Placemark>
<name>1609</name>
<Point>
<coordinates>16.110370,44.775155</coordinates>
</Point>
</Placemark>
<Placemark>
<name>1610</name>
<Point>
<coordinates>16.110310,44.775097</coordinates>
</Point>
</Placemark>
<Placemark>
<name>1611</name>
<Point>
<coordinates>16.110253,44.774823</coordinates>
</Point>
</Placemark>
<Placemark>
<name>1612</name>
<Point>
<coordinates>16.110270,44.774828</coordinates>
</Point>
</Placemark>
<Placemark>
<name>1613</name>
<Point>
<coordinates>16.110200,44.774738</coordinates>
</Point>
</Placemark>
<Placemark>
<name>1614</name>
<Point>
<coordinates>16.110305,44.774610</coordinates>
</Point>
</Placemark>
<Placemark>
<name>1603</name>
<Point>
<coordinates>16.110485,44.775665</coordinates>
</Point>
</Placemark>
<Placemark>
<name>1604</name>
<Point>
<coordinates>16.110557,44.775452</coordinates>
</Point>
</Placemark>
<Placemark>
<name>1605</name>
<Point>
<coordinates>16.110557,44.775452</coordinates>
</Point>
</Placemark>
<Placemark>
<name>1606</name>
<Point>
<coordinates>16.110517,44.775387</coordinates>
</Point>
</Placemark>
<Placemark>
<name>1607</name>
<Point>
<coordinates>16.110430,44.775302</coordinates>
</Point>
</Placemark>
<Placemark>
<name>1608</name>
<Point>
<coordinates>16.110430,44.775302</coordinates>
</Point>
</Placemark>
<Placemark>
<name>1597</name>
<Point>
<coordinates>16.110393,44.776330</coordinates>
</Point>
</Placemark>
<Placemark>
<name>1598</name>
<Point>
<coordinates>16.110458,44.776222</coordinates>
</Point>
</Placemark>
<Placemark>
<name>1599</name>
<Point>
<coordinates>16.110490,44.776183</coordinates>
</Point>
</Placemark>
<Placemark>
<name>1600</name>
<Point>
<coordinates>16.110388,44.776000</coordinates>
</Point>
</Placemark>
<Placemark>
<name>1601</name>
<Point>
<coordinates>16.110467,44.775873</coordinates>
</Point>
</Placemark>
<Placemark>
<name>1602</name>
<Point>
<coordinates>16.110478,44.775682</coordinates>
</Point>
</Placemark>
<Placemark>
<name>1592</name>
<Point>
<coordinates>16.110922,44.776865</coordinates>
</Point>
</Placemark>
<Placemark>
<name>1593</name>
<Point>
<coordinates>16.110867,44.776632</coordinates>
</Point>
</Placemark>
<Placemark>
<name>1594</name>
<Point>
<coordinates>16.110825,44.776623</coordinates>
</Point>
</Placemark>
<Placemark>
<name>1595</name>
<Point>
<coordinates>16.110792,44.776553</coordinates>
</Point>
</Placemark>
<Placemark>
<name>1596</name>
<Point>
<coordinates>16.110590,44.776477</coordinates>
</Point>
</Placemark>
<Placemark>
<name>1345</name>
<Point>
<coordinates>16.110718,44.777455</coordinates>
</Point>
</Placemark>
<Placemark>
<name>1346</name>
<Point>
<coordinates>16.110718,44.777455</coordinates>
</Point>
</Placemark>
<Placemark>
<name>1347</name>
<Point>
<coordinates>16.110633,44.777267</coordinates>
</Point>
</Placemark>
<Placemark>
<name>1348</name>
<Point>
<coordinates>16.110663,44.777195</coordinates>
</Point>
</Placemark>
<Placemark>
<name>1349</name>
<Point>
<coordinates>16.110778,44.777127</coordinates>
</Point>
</Placemark>
<Placemark>
<name>1350</name>
<Point>
<coordinates>16.110778,44.777127</coordinates>
</Point>
</Placemark>
<Placemark>
<name>1342</name>
<Point>
<coordinates>16.110888,44.777815</coordinates>
</Point>
</Placemark>
<Placemark>
<name>1343</name>
<Point>
<coordinates>16.110878,44.777680</coordinates>
</Point>
</Placemark>
<Placemark>
<name>1344</name>
<Point>
<coordinates>16.110773,44.777570</coordinates>
</Point>
</Placemark>
<Placemark>
<name>059/1 Risovac-Krupa</name>
<description><![CDATA[
<b>Porijeklo:</b><br/>BA-387 (F BIH): ŠPD Unsko-sanske šume (Odjel: 059/1 Risovac-Krupa)
]]></description>
<styleUrl>#polygonStyle</styleUrl>
<Polygon><outerBoundaryIs><LinearRing><coordinates>
16.108942,44.774858
16.109070,44.774555
16.112148,44.774380
16.118368,44.774618
16.119157,44.774707
16.120325,44.774910
16.121088,44.775470
16.121675,44.776077
16.121828,44.777113
16.121730,44.779857
16.120042,44.780223
16.119533,44.780225
16.119430,44.780215
16.109082,44.778950
16.109022,44.778198
16.108942,44.774858
</coordinates></LinearRing></outerBoundaryIs></Polygon>
</Placemark>
<Placemark>
<name>BA-387 (F BIH): ŠPD Unsko-sanske šume (Odjel: 059/1 Risovac-Krupa)</name>
<styleUrl>#polygonLabel</styleUrl>
<Point>
<coordinates>16.116763,44.776957</coordinates>
</Point>
</Placemark>
</Document></kml>
