<?xml version="1.0" encoding="UTF-8"?>
<kml xmlns="http://www.opengis.net/kml/2.2">
<Document>
<name>068/2 Risovac-Krupa</name>
<Style id="polygonStyle">
  <LineStyle>
    <color>ff0000ff</color>
    <width>2</width>
  </LineStyle>
  <PolyStyle>
    <color>330000ff</color>
  </PolyStyle>
</Style>
<Style id="polygonLabel">
  <LabelStyle>
    <color>ff0000ff</color>
    <scale>1.2</scale>
  </LabelStyle>
</Style>
<Placemark>
<name>5001</name>
<Point>
<coordinates>16.125475,44.820158</coordinates>
</Point>
</Placemark>
<Placemark>
<name>5002</name>
<Point>
<coordinates>16.125578,44.820083</coordinates>
</Point>
</Placemark>
<Placemark>
<name>5003</name>
<Point>
<coordinates>16.125493,44.820018</coordinates>
</Point>
</Placemark>
<Placemark>
<name>5004</name>
<Point>
<coordinates>16.125518,44.819955</coordinates>
</Point>
</Placemark>
<Placemark>
<name>5005</name>
<Point>
<coordinates>16.125452,44.819898</coordinates>
</Point>
</Placemark>
<Placemark>
<name>5006</name>
<Point>
<coordinates>16.125425,44.819838</coordinates>
</Point>
</Placemark>
<Placemark>
<name>5146</name>
<Point>
<coordinates>16.123600,44.817782</coordinates>
</Point>
</Placemark>
<Placemark>
<name>5147</name>
<Point>
<coordinates>16.123705,44.817703</coordinates>
</Point>
</Placemark>
<Placemark>
<name>5148</name>
<Point>
<coordinates>16.123788,44.817765</coordinates>
</Point>
</Placemark>
<Placemark>
<name>5149</name>
<Point>
<coordinates>16.123702,44.818120</coordinates>
</Point>
</Placemark>
<Placemark>
<name>5150</name>
<Point>
<coordinates>16.123775,44.818132</coordinates>
</Point>
</Placemark>
<Placemark>
<name>5140</name>
<Point>
<coordinates>16.123215,44.817628</coordinates>
</Point>
</Placemark>
<Placemark>
<name>5141</name>
<Point>
<coordinates>16.123300,44.817743</coordinates>
</Point>
</Placemark>
<Placemark>
<name>5142</name>
<Point>
<coordinates>16.123365,44.817705</coordinates>
</Point>
</Placemark>
<Placemark>
<name>5143</name>
<Point>
<coordinates>16.123417,44.817768</coordinates>
</Point>
</Placemark>
<Placemark>
<name>5144</name>
<Point>
<coordinates>16.123507,44.817847</coordinates>
</Point>
</Placemark>
<Placemark>
<name>5145</name>
<Point>
<coordinates>16.123507,44.817847</coordinates>
</Point>
</Placemark>
<Placemark>
<name>5134</name>
<Point>
<coordinates>16.122060,44.817878</coordinates>
</Point>
</Placemark>
<Placemark>
<name>5135</name>
<Point>
<coordinates>16.122268,44.817832</coordinates>
</Point>
</Placemark>
<Placemark>
<name>5136</name>
<Point>
<coordinates>16.122593,44.817798</coordinates>
</Point>
</Placemark>
<Placemark>
<name>5137</name>
<Point>
<coordinates>16.122745,44.817697</coordinates>
</Point>
</Placemark>
<Placemark>
<name>5138</name>
<Point>
<coordinates>16.122890,44.817652</coordinates>
</Point>
</Placemark>
<Placemark>
<name>5139</name>
<Point>
<coordinates>16.123125,44.817560</coordinates>
</Point>
</Placemark>
<Placemark>
<name>5128</name>
<Point>
<coordinates>16.121767,44.818642</coordinates>
</Point>
</Placemark>
<Placemark>
<name>5129</name>
<Point>
<coordinates>16.121830,44.818377</coordinates>
</Point>
</Placemark>
<Placemark>
<name>5130</name>
<Point>
<coordinates>16.121803,44.818337</coordinates>
</Point>
</Placemark>
<Placemark>
<name>5131</name>
<Point>
<coordinates>16.121783,44.818263</coordinates>
</Point>
</Placemark>
<Placemark>
<name>5132</name>
<Point>
<coordinates>16.121757,44.818153</coordinates>
</Point>
</Placemark>
<Placemark>
<name>5133</name>
<Point>
<coordinates>16.121643,44.817952</coordinates>
</Point>
</Placemark>
<Placemark>
<name>5122</name>
<Point>
<coordinates>16.121640,44.819560</coordinates>
</Point>
</Placemark>
<Placemark>
<name>5123</name>
<Point>
<coordinates>16.121717,44.819042</coordinates>
</Point>
</Placemark>
<Placemark>
<name>5124</name>
<Point>
<coordinates>16.121705,44.818908</coordinates>
</Point>
</Placemark>
<Placemark>
<name>5125</name>
<Point>
<coordinates>16.121595,44.818977</coordinates>
</Point>
</Placemark>
<Placemark>
<name>5126</name>
<Point>
<coordinates>16.121803,44.818598</coordinates>
</Point>
</Placemark>
<Placemark>
<name>5127</name>
<Point>
<coordinates>16.121828,44.818607</coordinates>
</Point>
</Placemark>
<Placemark>
<name>5116</name>
<Point>
<coordinates>16.122400,44.818940</coordinates>
</Point>
</Placemark>
<Placemark>
<name>5117</name>
<Point>
<coordinates>16.122288,44.819102</coordinates>
</Point>
</Placemark>
<Placemark>
<name>5118</name>
<Point>
<coordinates>16.122252,44.819198</coordinates>
</Point>
</Placemark>
<Placemark>
<name>5119</name>
<Point>
<coordinates>16.122185,44.819325</coordinates>
</Point>
</Placemark>
<Placemark>
<name>5120</name>
<Point>
<coordinates>16.122152,44.819417</coordinates>
</Point>
</Placemark>
<Placemark>
<name>5121</name>
<Point>
<coordinates>16.121878,44.819603</coordinates>
</Point>
</Placemark>
<Placemark>
<name>5110</name>
<Point>
<coordinates>16.122522,44.818708</coordinates>
</Point>
</Placemark>
<Placemark>
<name>5111</name>
<Point>
<coordinates>16.122555,44.818808</coordinates>
</Point>
</Placemark>
<Placemark>
<name>5112</name>
<Point>
<coordinates>16.122565,44.818823</coordinates>
</Point>
</Placemark>
<Placemark>
<name>5113</name>
<Point>
<coordinates>16.122475,44.818897</coordinates>
</Point>
</Placemark>
<Placemark>
<name>5114</name>
<Point>
<coordinates>16.122463,44.818995</coordinates>
</Point>
</Placemark>
<Placemark>
<name>5115</name>
<Point>
<coordinates>16.122315,44.818968</coordinates>
</Point>
</Placemark>
<Placemark>
<name>5104</name>
<Point>
<coordinates>16.123082,44.818198</coordinates>
</Point>
</Placemark>
<Placemark>
<name>5105</name>
<Point>
<coordinates>16.122968,44.818250</coordinates>
</Point>
</Placemark>
<Placemark>
<name>5106</name>
<Point>
<coordinates>16.122675,44.818402</coordinates>
</Point>
</Placemark>
<Placemark>
<name>5107</name>
<Point>
<coordinates>16.122680,44.818423</coordinates>
</Point>
</Placemark>
<Placemark>
<name>5108</name>
<Point>
<coordinates>16.122680,44.818423</coordinates>
</Point>
</Placemark>
<Placemark>
<name>5109</name>
<Point>
<coordinates>16.122668,44.818428</coordinates>
</Point>
</Placemark>
<Placemark>
<name>5098</name>
<Point>
<coordinates>16.123767,44.818772</coordinates>
</Point>
</Placemark>
<Placemark>
<name>5099</name>
<Point>
<coordinates>16.123578,44.818678</coordinates>
</Point>
</Placemark>
<Placemark>
<name>5100</name>
<Point>
<coordinates>16.123532,44.818572</coordinates>
</Point>
</Placemark>
<Placemark>
<name>5101</name>
<Point>
<coordinates>16.123537,44.818462</coordinates>
</Point>
</Placemark>
<Placemark>
<name>5102</name>
<Point>
<coordinates>16.123407,44.818328</coordinates>
</Point>
</Placemark>
<Placemark>
<name>5103</name>
<Point>
<coordinates>16.123255,44.818237</coordinates>
</Point>
</Placemark>
<Placemark>
<name>5092</name>
<Point>
<coordinates>16.124483,44.818637</coordinates>
</Point>
</Placemark>
<Placemark>
<name>5093</name>
<Point>
<coordinates>16.124360,44.818707</coordinates>
</Point>
</Placemark>
<Placemark>
<name>5094</name>
<Point>
<coordinates>16.124295,44.818637</coordinates>
</Point>
</Placemark>
<Placemark>
<name>5095</name>
<Point>
<coordinates>16.124227,44.818678</coordinates>
</Point>
</Placemark>
<Placemark>
<name>5096</name>
<Point>
<coordinates>16.124177,44.818700</coordinates>
</Point>
</Placemark>
<Placemark>
<name>5097</name>
<Point>
<coordinates>16.124028,44.818697</coordinates>
</Point>
</Placemark>
<Placemark>
<name>5086</name>
<Point>
<coordinates>16.124525,44.819048</coordinates>
</Point>
</Placemark>
<Placemark>
<name>5087</name>
<Point>
<coordinates>16.124778,44.818913</coordinates>
</Point>
</Placemark>
<Placemark>
<name>5088</name>
<Point>
<coordinates>16.124887,44.818798</coordinates>
</Point>
</Placemark>
<Placemark>
<name>5089</name>
<Point>
<coordinates>16.125042,44.818688</coordinates>
</Point>
</Placemark>
<Placemark>
<name>5090</name>
<Point>
<coordinates>16.124770,44.818573</coordinates>
</Point>
</Placemark>
<Placemark>
<name>5091</name>
<Point>
<coordinates>16.124687,44.818620</coordinates>
</Point>
</Placemark>
<Placemark>
<name>5080</name>
<Point>
<coordinates>16.124232,44.819035</coordinates>
</Point>
</Placemark>
<Placemark>
<name>5081</name>
<Point>
<coordinates>16.124228,44.819067</coordinates>
</Point>
</Placemark>
<Placemark>
<name>5082</name>
<Point>
<coordinates>16.124290,44.819067</coordinates>
</Point>
</Placemark>
<Placemark>
<name>5083</name>
<Point>
<coordinates>16.124290,44.819067</coordinates>
</Point>
</Placemark>
<Placemark>
<name>5084</name>
<Point>
<coordinates>16.124515,44.819005</coordinates>
</Point>
</Placemark>
<Placemark>
<name>5085</name>
<Point>
<coordinates>16.124515,44.819005</coordinates>
</Point>
</Placemark>
<Placemark>
<name>5074</name>
<Point>
<coordinates>16.123705,44.819068</coordinates>
</Point>
</Placemark>
<Placemark>
<name>5075</name>
<Point>
<coordinates>16.123903,44.819088</coordinates>
</Point>
</Placemark>
<Placemark>
<name>5076</name>
<Point>
<coordinates>16.123998,44.819085</coordinates>
</Point>
</Placemark>
<Placemark>
<name>5077</name>
<Point>
<coordinates>16.124070,44.819058</coordinates>
</Point>
</Placemark>
<Placemark>
<name>5078</name>
<Point>
<coordinates>16.124160,44.818993</coordinates>
</Point>
</Placemark>
<Placemark>
<name>5079</name>
<Point>
<coordinates>16.124203,44.819045</coordinates>
</Point>
</Placemark>
<Placemark>
<name>5068</name>
<Point>
<coordinates>16.123198,44.819017</coordinates>
</Point>
</Placemark>
<Placemark>
<name>5069</name>
<Point>
<coordinates>16.123237,44.819107</coordinates>
</Point>
</Placemark>
<Placemark>
<name>5070</name>
<Point>
<coordinates>16.123372,44.819075</coordinates>
</Point>
</Placemark>
<Placemark>
<name>5071</name>
<Point>
<coordinates>16.123620,44.818985</coordinates>
</Point>
</Placemark>
<Placemark>
<name>5072</name>
<Point>
<coordinates>16.123533,44.819115</coordinates>
</Point>
</Placemark>
<Placemark>
<name>5073</name>
<Point>
<coordinates>16.123628,44.819112</coordinates>
</Point>
</Placemark>
<Placemark>
<name>5062</name>
<Point>
<coordinates>16.122775,44.819445</coordinates>
</Point>
</Placemark>
<Placemark>
<name>5063</name>
<Point>
<coordinates>16.122925,44.819253</coordinates>
</Point>
</Placemark>
<Placemark>
<name>5064</name>
<Point>
<coordinates>16.122982,44.819232</coordinates>
</Point>
</Placemark>
<Placemark>
<name>6016</name>
<Point>
<coordinates>16.115567,44.815432</coordinates>
</Point>
</Placemark>
<Placemark>
<name>6010</name>
<Point>
<coordinates>16.115567,44.815432</coordinates>
</Point>
</Placemark>
<Placemark>
<name>6011</name>
<Point>
<coordinates>16.115567,44.815432</coordinates>
</Point>
</Placemark>
<Placemark>
<name>6012</name>
<Point>
<coordinates>16.115567,44.815432</coordinates>
</Point>
</Placemark>
<Placemark>
<name>6013</name>
<Point>
<coordinates>16.115567,44.815432</coordinates>
</Point>
</Placemark>
<Placemark>
<name>6014</name>
<Point>
<coordinates>16.115567,44.815432</coordinates>
</Point>
</Placemark>
<Placemark>
<name>6015</name>
<Point>
<coordinates>16.115567,44.815432</coordinates>
</Point>
</Placemark>
<Placemark>
<name>6004</name>
<Point>
<coordinates>16.115567,44.815432</coordinates>
</Point>
</Placemark>
<Placemark>
<name>6005</name>
<Point>
<coordinates>16.115567,44.815432</coordinates>
</Point>
</Placemark>
<Placemark>
<name>6006</name>
<Point>
<coordinates>16.115567,44.815432</coordinates>
</Point>
</Placemark>
<Placemark>
<name>6007</name>
<Point>
<coordinates>16.115567,44.815432</coordinates>
</Point>
</Placemark>
<Placemark>
<name>6008</name>
<Point>
<coordinates>16.115567,44.815432</coordinates>
</Point>
</Placemark>
<Placemark>
<name>6009</name>
<Point>
<coordinates>16.115567,44.815432</coordinates>
</Point>
</Placemark>
<Placemark>
<name>5998</name>
<Point>
<coordinates>16.115567,44.815432</coordinates>
</Point>
</Placemark>
<Placemark>
<name>5999</name>
<Point>
<coordinates>16.115567,44.815432</coordinates>
</Point>
</Placemark>
<Placemark>
<name>6000</name>
<Point>
<coordinates>16.115567,44.815432</coordinates>
</Point>
</Placemark>
<Placemark>
<name>6001</name>
<Point>
<coordinates>16.115567,44.815432</coordinates>
</Point>
</Placemark>
<Placemark>
<name>6002</name>
<Point>
<coordinates>16.115567,44.815432</coordinates>
</Point>
</Placemark>
<Placemark>
<name>6003</name>
<Point>
<coordinates>16.115567,44.815432</coordinates>
</Point>
</Placemark>
<Placemark>
<name>5992</name>
<Point>
<coordinates>16.115567,44.815432</coordinates>
</Point>
</Placemark>
<Placemark>
<name>5993</name>
<Point>
<coordinates>16.115567,44.815432</coordinates>
</Point>
</Placemark>
<Placemark>
<name>5994</name>
<Point>
<coordinates>16.115567,44.815432</coordinates>
</Point>
</Placemark>
<Placemark>
<name>5995</name>
<Point>
<coordinates>16.115567,44.815432</coordinates>
</Point>
</Placemark>
<Placemark>
<name>5996</name>
<Point>
<coordinates>16.115567,44.815432</coordinates>
</Point>
</Placemark>
<Placemark>
<name>5997</name>
<Point>
<coordinates>16.115567,44.815432</coordinates>
</Point>
</Placemark>
<Placemark>
<name>5986</name>
<Point>
<coordinates>16.115567,44.815432</coordinates>
</Point>
</Placemark>
<Placemark>
<name>5987</name>
<Point>
<coordinates>16.115567,44.815432</coordinates>
</Point>
</Placemark>
<Placemark>
<name>5988</name>
<Point>
<coordinates>16.115567,44.815432</coordinates>
</Point>
</Placemark>
<Placemark>
<name>5989</name>
<Point>
<coordinates>16.115567,44.815432</coordinates>
</Point>
</Placemark>
<Placemark>
<name>5990</name>
<Point>
<coordinates>16.115567,44.815432</coordinates>
</Point>
</Placemark>
<Placemark>
<name>5991</name>
<Point>
<coordinates>16.115567,44.815432</coordinates>
</Point>
</Placemark>
<Placemark>
<name>5980</name>
<Point>
<coordinates>16.115567,44.815432</coordinates>
</Point>
</Placemark>
<Placemark>
<name>5981</name>
<Point>
<coordinates>16.115567,44.815432</coordinates>
</Point>
</Placemark>
<Placemark>
<name>5982</name>
<Point>
<coordinates>16.115567,44.815432</coordinates>
</Point>
</Placemark>
<Placemark>
<name>5983</name>
<Point>
<coordinates>16.115567,44.815432</coordinates>
</Point>
</Placemark>
<Placemark>
<name>5984</name>
<Point>
<coordinates>16.115567,44.815432</coordinates>
</Point>
</Placemark>
<Placemark>
<name>5985</name>
<Point>
<coordinates>16.115567,44.815432</coordinates>
</Point>
</Placemark>
<Placemark>
<name>5974</name>
<Point>
<coordinates>16.115567,44.815432</coordinates>
</Point>
</Placemark>
<Placemark>
<name>5975</name>
<Point>
<coordinates>16.115567,44.815432</coordinates>
</Point>
</Placemark>
<Placemark>
<name>5976</name>
<Point>
<coordinates>16.115567,44.815432</coordinates>
</Point>
</Placemark>
<Placemark>
<name>5977</name>
<Point>
<coordinates>16.115567,44.815432</coordinates>
</Point>
</Placemark>
<Placemark>
<name>5978</name>
<Point>
<coordinates>16.115567,44.815432</coordinates>
</Point>
</Placemark>
<Placemark>
<name>5979</name>
<Point>
<coordinates>16.115567,44.815432</coordinates>
</Point>
</Placemark>
<Placemark>
<name>5968</name>
<Point>
<coordinates>16.115567,44.815432</coordinates>
</Point>
</Placemark>
<Placemark>
<name>5969</name>
<Point>
<coordinates>16.115567,44.815432</coordinates>
</Point>
</Placemark>
<Placemark>
<name>5970</name>
<Point>
<coordinates>16.115567,44.815432</coordinates>
</Point>
</Placemark>
<Placemark>
<name>5971</name>
<Point>
<coordinates>16.115567,44.815432</coordinates>
</Point>
</Placemark>
<Placemark>
<name>5972</name>
<Point>
<coordinates>16.115567,44.815432</coordinates>
</Point>
</Placemark>
<Placemark>
<name>5973</name>
<Point>
<coordinates>16.115567,44.815432</coordinates>
</Point>
</Placemark>
<Placemark>
<name>5962</name>
<Point>
<coordinates>16.115567,44.815432</coordinates>
</Point>
</Placemark>
<Placemark>
<name>5963</name>
<Point>
<coordinates>16.115567,44.815432</coordinates>
</Point>
</Placemark>
<Placemark>
<name>5964</name>
<Point>
<coordinates>16.115567,44.815432</coordinates>
</Point>
</Placemark>
<Placemark>
<name>5965</name>
<Point>
<coordinates>16.115567,44.815432</coordinates>
</Point>
</Placemark>
<Placemark>
<name>5966</name>
<Point>
<coordinates>16.115567,44.815432</coordinates>
</Point>
</Placemark>
<Placemark>
<name>5967</name>
<Point>
<coordinates>16.115567,44.815432</coordinates>
</Point>
</Placemark>
<Placemark>
<name>5956</name>
<Point>
<coordinates>16.115028,44.815375</coordinates>
</Point>
</Placemark>
<Placemark>
<name>5957</name>
<Point>
<coordinates>16.115028,44.815375</coordinates>
</Point>
</Placemark>
<Placemark>
<name>5958</name>
<Point>
<coordinates>16.115028,44.815375</coordinates>
</Point>
</Placemark>
<Placemark>
<name>5959</name>
<Point>
<coordinates>16.115028,44.815375</coordinates>
</Point>
</Placemark>
<Placemark>
<name>5960</name>
<Point>
<coordinates>16.115028,44.815375</coordinates>
</Point>
</Placemark>
<Placemark>
<name>5961</name>
<Point>
<coordinates>16.115567,44.815432</coordinates>
</Point>
</Placemark>
<Placemark>
<name>5950</name>
<Point>
<coordinates>16.113752,44.815325</coordinates>
</Point>
</Placemark>
<Placemark>
<name>5951</name>
<Point>
<coordinates>16.113752,44.815325</coordinates>
</Point>
</Placemark>
<Placemark>
<name>5952</name>
<Point>
<coordinates>16.113752,44.815325</coordinates>
</Point>
</Placemark>
<Placemark>
<name>5953</name>
<Point>
<coordinates>16.113752,44.815325</coordinates>
</Point>
</Placemark>
<Placemark>
<name>5954</name>
<Point>
<coordinates>16.115028,44.815375</coordinates>
</Point>
</Placemark>
<Placemark>
<name>5955</name>
<Point>
<coordinates>16.115028,44.815375</coordinates>
</Point>
</Placemark>
<Placemark>
<name>5944</name>
<Point>
<coordinates>16.113752,44.815325</coordinates>
</Point>
</Placemark>
<Placemark>
<name>5945</name>
<Point>
<coordinates>16.113752,44.815325</coordinates>
</Point>
</Placemark>
<Placemark>
<name>5946</name>
<Point>
<coordinates>16.113752,44.815325</coordinates>
</Point>
</Placemark>
<Placemark>
<name>5947</name>
<Point>
<coordinates>16.113752,44.815325</coordinates>
</Point>
</Placemark>
<Placemark>
<name>5948</name>
<Point>
<coordinates>16.113752,44.815325</coordinates>
</Point>
</Placemark>
<Placemark>
<name>5949</name>
<Point>
<coordinates>16.113752,44.815325</coordinates>
</Point>
</Placemark>
<Placemark>
<name>5938</name>
<Point>
<coordinates>16.114235,44.815098</coordinates>
</Point>
</Placemark>
<Placemark>
<name>5939</name>
<Point>
<coordinates>16.114235,44.815098</coordinates>
</Point>
</Placemark>
<Placemark>
<name>5940</name>
<Point>
<coordinates>16.114235,44.815098</coordinates>
</Point>
</Placemark>
<Placemark>
<name>5941</name>
<Point>
<coordinates>16.114235,44.815098</coordinates>
</Point>
</Placemark>
<Placemark>
<name>5942</name>
<Point>
<coordinates>16.114235,44.815098</coordinates>
</Point>
</Placemark>
<Placemark>
<name>5943</name>
<Point>
<coordinates>16.113752,44.815325</coordinates>
</Point>
</Placemark>
<Placemark>
<name>5932</name>
<Point>
<coordinates>16.114235,44.815098</coordinates>
</Point>
</Placemark>
<Placemark>
<name>5933</name>
<Point>
<coordinates>16.114235,44.815098</coordinates>
</Point>
</Placemark>
<Placemark>
<name>5934</name>
<Point>
<coordinates>16.114235,44.815098</coordinates>
</Point>
</Placemark>
<Placemark>
<name>5935</name>
<Point>
<coordinates>16.114235,44.815098</coordinates>
</Point>
</Placemark>
<Placemark>
<name>5936</name>
<Point>
<coordinates>16.114235,44.815098</coordinates>
</Point>
</Placemark>
<Placemark>
<name>5937</name>
<Point>
<coordinates>16.114235,44.815098</coordinates>
</Point>
</Placemark>
<Placemark>
<name>5926</name>
<Point>
<coordinates>16.120535,44.814558</coordinates>
</Point>
</Placemark>
<Placemark>
<name>5927</name>
<Point>
<coordinates>16.114235,44.815098</coordinates>
</Point>
</Placemark>
<Placemark>
<name>5928</name>
<Point>
<coordinates>16.114235,44.815098</coordinates>
</Point>
</Placemark>
<Placemark>
<name>5929</name>
<Point>
<coordinates>16.114235,44.815098</coordinates>
</Point>
</Placemark>
<Placemark>
<name>5930</name>
<Point>
<coordinates>16.114235,44.815098</coordinates>
</Point>
</Placemark>
<Placemark>
<name>5931</name>
<Point>
<coordinates>16.114235,44.815098</coordinates>
</Point>
</Placemark>
<Placemark>
<name>5920</name>
<Point>
<coordinates>16.120535,44.814558</coordinates>
</Point>
</Placemark>
<Placemark>
<name>5921</name>
<Point>
<coordinates>16.120535,44.814558</coordinates>
</Point>
</Placemark>
<Placemark>
<name>5922</name>
<Point>
<coordinates>16.120535,44.814558</coordinates>
</Point>
</Placemark>
<Placemark>
<name>5923</name>
<Point>
<coordinates>16.120535,44.814558</coordinates>
</Point>
</Placemark>
<Placemark>
<name>5924</name>
<Point>
<coordinates>16.120535,44.814558</coordinates>
</Point>
</Placemark>
<Placemark>
<name>5925</name>
<Point>
<coordinates>16.120535,44.814558</coordinates>
</Point>
</Placemark>
<Placemark>
<name>5914</name>
<Point>
<coordinates>16.120535,44.814558</coordinates>
</Point>
</Placemark>
<Placemark>
<name>5915</name>
<Point>
<coordinates>16.120535,44.814558</coordinates>
</Point>
</Placemark>
<Placemark>
<name>5916</name>
<Point>
<coordinates>16.120535,44.814558</coordinates>
</Point>
</Placemark>
<Placemark>
<name>5917</name>
<Point>
<coordinates>16.120535,44.814558</coordinates>
</Point>
</Placemark>
<Placemark>
<name>5918</name>
<Point>
<coordinates>16.120535,44.814558</coordinates>
</Point>
</Placemark>
<Placemark>
<name>5919</name>
<Point>
<coordinates>16.120535,44.814558</coordinates>
</Point>
</Placemark>
<Placemark>
<name>5908</name>
<Point>
<coordinates>16.120535,44.814558</coordinates>
</Point>
</Placemark>
<Placemark>
<name>5909</name>
<Point>
<coordinates>16.120535,44.814558</coordinates>
</Point>
</Placemark>
<Placemark>
<name>5910</name>
<Point>
<coordinates>16.120535,44.814558</coordinates>
</Point>
</Placemark>
<Placemark>
<name>5911</name>
<Point>
<coordinates>16.120535,44.814558</coordinates>
</Point>
</Placemark>
<Placemark>
<name>5912</name>
<Point>
<coordinates>16.120535,44.814558</coordinates>
</Point>
</Placemark>
<Placemark>
<name>5913</name>
<Point>
<coordinates>16.120535,44.814558</coordinates>
</Point>
</Placemark>
<Placemark>
<name>5902</name>
<Point>
<coordinates>16.120535,44.814558</coordinates>
</Point>
</Placemark>
<Placemark>
<name>5903</name>
<Point>
<coordinates>16.120535,44.814558</coordinates>
</Point>
</Placemark>
<Placemark>
<name>5904</name>
<Point>
<coordinates>16.120535,44.814558</coordinates>
</Point>
</Placemark>
<Placemark>
<name>5905</name>
<Point>
<coordinates>16.120535,44.814558</coordinates>
</Point>
</Placemark>
<Placemark>
<name>5906</name>
<Point>
<coordinates>16.120535,44.814558</coordinates>
</Point>
</Placemark>
<Placemark>
<name>5907</name>
<Point>
<coordinates>16.120535,44.814558</coordinates>
</Point>
</Placemark>
<Placemark>
<name>5896</name>
<Point>
<coordinates>16.120535,44.814558</coordinates>
</Point>
</Placemark>
<Placemark>
<name>5897</name>
<Point>
<coordinates>16.120535,44.814558</coordinates>
</Point>
</Placemark>
<Placemark>
<name>5898</name>
<Point>
<coordinates>16.120535,44.814558</coordinates>
</Point>
</Placemark>
<Placemark>
<name>5899</name>
<Point>
<coordinates>16.120535,44.814558</coordinates>
</Point>
</Placemark>
<Placemark>
<name>5900</name>
<Point>
<coordinates>16.120535,44.814558</coordinates>
</Point>
</Placemark>
<Placemark>
<name>5901</name>
<Point>
<coordinates>16.120535,44.814558</coordinates>
</Point>
</Placemark>
<Placemark>
<name>5890</name>
<Point>
<coordinates>16.120535,44.814558</coordinates>
</Point>
</Placemark>
<Placemark>
<name>5891</name>
<Point>
<coordinates>16.120535,44.814558</coordinates>
</Point>
</Placemark>
<Placemark>
<name>5892</name>
<Point>
<coordinates>16.120535,44.814558</coordinates>
</Point>
</Placemark>
<Placemark>
<name>5893</name>
<Point>
<coordinates>16.120535,44.814558</coordinates>
</Point>
</Placemark>
<Placemark>
<name>5894</name>
<Point>
<coordinates>16.120535,44.814558</coordinates>
</Point>
</Placemark>
<Placemark>
<name>5895</name>
<Point>
<coordinates>16.120535,44.814558</coordinates>
</Point>
</Placemark>
<Placemark>
<name>5884</name>
<Point>
<coordinates>16.120535,44.814558</coordinates>
</Point>
</Placemark>
<Placemark>
<name>5885</name>
<Point>
<coordinates>16.120535,44.814558</coordinates>
</Point>
</Placemark>
<Placemark>
<name>5886</name>
<Point>
<coordinates>16.120535,44.814558</coordinates>
</Point>
</Placemark>
<Placemark>
<name>5887</name>
<Point>
<coordinates>16.120535,44.814558</coordinates>
</Point>
</Placemark>
<Placemark>
<name>5888</name>
<Point>
<coordinates>16.120535,44.814558</coordinates>
</Point>
</Placemark>
<Placemark>
<name>5889</name>
<Point>
<coordinates>16.120535,44.814558</coordinates>
</Point>
</Placemark>
<Placemark>
<name>5877</name>
<Point>
<coordinates>16.120535,44.814558</coordinates>
</Point>
</Placemark>
<Placemark>
<name>5878</name>
<Point>
<coordinates>16.120535,44.814558</coordinates>
</Point>
</Placemark>
<Placemark>
<name>5879</name>
<Point>
<coordinates>16.120535,44.814558</coordinates>
</Point>
</Placemark>
<Placemark>
<name>5881</name>
<Point>
<coordinates>16.120535,44.814558</coordinates>
</Point>
</Placemark>
<Placemark>
<name>5882</name>
<Point>
<coordinates>16.120535,44.814558</coordinates>
</Point>
</Placemark>
<Placemark>
<name>5883</name>
<Point>
<coordinates>16.120535,44.814558</coordinates>
</Point>
</Placemark>
<Placemark>
<name>5871</name>
<Point>
<coordinates>16.120535,44.814558</coordinates>
</Point>
</Placemark>
<Placemark>
<name>5872</name>
<Point>
<coordinates>16.120535,44.814558</coordinates>
</Point>
</Placemark>
<Placemark>
<name>5873</name>
<Point>
<coordinates>16.120535,44.814558</coordinates>
</Point>
</Placemark>
<Placemark>
<name>5874</name>
<Point>
<coordinates>16.120535,44.814558</coordinates>
</Point>
</Placemark>
<Placemark>
<name>5875</name>
<Point>
<coordinates>16.120535,44.814558</coordinates>
</Point>
</Placemark>
<Placemark>
<name>5876</name>
<Point>
<coordinates>16.120535,44.814558</coordinates>
</Point>
</Placemark>
<Placemark>
<name>5865</name>
<Point>
<coordinates>16.120535,44.814558</coordinates>
</Point>
</Placemark>
<Placemark>
<name>5866</name>
<Point>
<coordinates>16.120535,44.814558</coordinates>
</Point>
</Placemark>
<Placemark>
<name>5867</name>
<Point>
<coordinates>16.120535,44.814558</coordinates>
</Point>
</Placemark>
<Placemark>
<name>5868</name>
<Point>
<coordinates>16.120535,44.814558</coordinates>
</Point>
</Placemark>
<Placemark>
<name>5869</name>
<Point>
<coordinates>16.120535,44.814558</coordinates>
</Point>
</Placemark>
<Placemark>
<name>5870</name>
<Point>
<coordinates>16.120535,44.814558</coordinates>
</Point>
</Placemark>
<Placemark>
<name>5859</name>
<Point>
<coordinates>16.120535,44.814558</coordinates>
</Point>
</Placemark>
<Placemark>
<name>5860</name>
<Point>
<coordinates>16.120535,44.814558</coordinates>
</Point>
</Placemark>
<Placemark>
<name>5861</name>
<Point>
<coordinates>16.120535,44.814558</coordinates>
</Point>
</Placemark>
<Placemark>
<name>5862</name>
<Point>
<coordinates>16.120535,44.814558</coordinates>
</Point>
</Placemark>
<Placemark>
<name>5863</name>
<Point>
<coordinates>16.120535,44.814558</coordinates>
</Point>
</Placemark>
<Placemark>
<name>5864</name>
<Point>
<coordinates>16.120535,44.814558</coordinates>
</Point>
</Placemark>
<Placemark>
<name>5853</name>
<Point>
<coordinates>16.120535,44.814558</coordinates>
</Point>
</Placemark>
<Placemark>
<name>5854</name>
<Point>
<coordinates>16.120535,44.814558</coordinates>
</Point>
</Placemark>
<Placemark>
<name>5855</name>
<Point>
<coordinates>16.120535,44.814558</coordinates>
</Point>
</Placemark>
<Placemark>
<name>5856</name>
<Point>
<coordinates>16.120535,44.814558</coordinates>
</Point>
</Placemark>
<Placemark>
<name>5857</name>
<Point>
<coordinates>16.120535,44.814558</coordinates>
</Point>
</Placemark>
<Placemark>
<name>5858</name>
<Point>
<coordinates>16.120535,44.814558</coordinates>
</Point>
</Placemark>
<Placemark>
<name>5847</name>
<Point>
<coordinates>16.120535,44.814558</coordinates>
</Point>
</Placemark>
<Placemark>
<name>5848</name>
<Point>
<coordinates>16.120535,44.814558</coordinates>
</Point>
</Placemark>
<Placemark>
<name>5849</name>
<Point>
<coordinates>16.120535,44.814558</coordinates>
</Point>
</Placemark>
<Placemark>
<name>5850</name>
<Point>
<coordinates>16.120535,44.814558</coordinates>
</Point>
</Placemark>
<Placemark>
<name>5851</name>
<Point>
<coordinates>16.120535,44.814558</coordinates>
</Point>
</Placemark>
<Placemark>
<name>5852</name>
<Point>
<coordinates>16.120535,44.814558</coordinates>
</Point>
</Placemark>
<Placemark>
<name>5841</name>
<Point>
<coordinates>16.120535,44.814558</coordinates>
</Point>
</Placemark>
<Placemark>
<name>5842</name>
<Point>
<coordinates>16.120535,44.814558</coordinates>
</Point>
</Placemark>
<Placemark>
<name>5843</name>
<Point>
<coordinates>16.120535,44.814558</coordinates>
</Point>
</Placemark>
<Placemark>
<name>5844</name>
<Point>
<coordinates>16.120535,44.814558</coordinates>
</Point>
</Placemark>
<Placemark>
<name>5845</name>
<Point>
<coordinates>16.120535,44.814558</coordinates>
</Point>
</Placemark>
<Placemark>
<name>5846</name>
<Point>
<coordinates>16.120535,44.814558</coordinates>
</Point>
</Placemark>
<Placemark>
<name>5596</name>
<Point>
<coordinates>16.120675,44.814425</coordinates>
</Point>
</Placemark>
<Placemark>
<name>5597</name>
<Point>
<coordinates>16.120655,44.814455</coordinates>
</Point>
</Placemark>
<Placemark>
<name>5598</name>
<Point>
<coordinates>16.120630,44.814517</coordinates>
</Point>
</Placemark>
<Placemark>
<name>5599</name>
<Point>
<coordinates>16.120643,44.814528</coordinates>
</Point>
</Placemark>
<Placemark>
<name>5600</name>
<Point>
<coordinates>16.120650,44.814495</coordinates>
</Point>
</Placemark>
<Placemark>
<name>6171</name>
<Point>
<coordinates>16.120550,44.814498</coordinates>
</Point>
</Placemark>
<Placemark>
<name>5590</name>
<Point>
<coordinates>16.120623,44.814512</coordinates>
</Point>
</Placemark>
<Placemark>
<name>5591</name>
<Point>
<coordinates>16.120623,44.814512</coordinates>
</Point>
</Placemark>
<Placemark>
<name>5592</name>
<Point>
<coordinates>16.120623,44.814512</coordinates>
</Point>
</Placemark>
<Placemark>
<name>5065</name>
<Point>
<coordinates>16.123038,44.819147</coordinates>
</Point>
</Placemark>
<Placemark>
<name>5066</name>
<Point>
<coordinates>16.123048,44.819137</coordinates>
</Point>
</Placemark>
<Placemark>
<name>5067</name>
<Point>
<coordinates>16.123048,44.819137</coordinates>
</Point>
</Placemark>
<Placemark>
<name>5056</name>
<Point>
<coordinates>16.122128,44.819838</coordinates>
</Point>
</Placemark>
<Placemark>
<name>5057</name>
<Point>
<coordinates>16.122305,44.819823</coordinates>
</Point>
</Placemark>
<Placemark>
<name>5058</name>
<Point>
<coordinates>16.122468,44.819695</coordinates>
</Point>
</Placemark>
<Placemark>
<name>5059</name>
<Point>
<coordinates>16.122468,44.819695</coordinates>
</Point>
</Placemark>
<Placemark>
<name>5060</name>
<Point>
<coordinates>16.122645,44.819475</coordinates>
</Point>
</Placemark>
<Placemark>
<name>5061</name>
<Point>
<coordinates>16.122780,44.819402</coordinates>
</Point>
</Placemark>
<Placemark>
<name>5050</name>
<Point>
<coordinates>16.121993,44.820058</coordinates>
</Point>
</Placemark>
<Placemark>
<name>5051</name>
<Point>
<coordinates>16.121993,44.820058</coordinates>
</Point>
</Placemark>
<Placemark>
<name>5052</name>
<Point>
<coordinates>16.122027,44.819962</coordinates>
</Point>
</Placemark>
<Placemark>
<name>5053</name>
<Point>
<coordinates>16.122037,44.819920</coordinates>
</Point>
</Placemark>
<Placemark>
<name>5054</name>
<Point>
<coordinates>16.122037,44.819920</coordinates>
</Point>
</Placemark>
<Placemark>
<name>5055</name>
<Point>
<coordinates>16.122125,44.819850</coordinates>
</Point>
</Placemark>
<Placemark>
<name>5044</name>
<Point>
<coordinates>16.122093,44.820298</coordinates>
</Point>
</Placemark>
<Placemark>
<name>5045</name>
<Point>
<coordinates>16.122057,44.820213</coordinates>
</Point>
</Placemark>
<Placemark>
<name>5046</name>
<Point>
<coordinates>16.122058,44.820183</coordinates>
</Point>
</Placemark>
<Placemark>
<name>5047</name>
<Point>
<coordinates>16.122057,44.820148</coordinates>
</Point>
</Placemark>
<Placemark>
<name>5048</name>
<Point>
<coordinates>16.122057,44.820148</coordinates>
</Point>
</Placemark>
<Placemark>
<name>5049</name>
<Point>
<coordinates>16.121902,44.820103</coordinates>
</Point>
</Placemark>
<Placemark>
<name>5037</name>
<Point>
<coordinates>16.123158,44.820035</coordinates>
</Point>
</Placemark>
<Placemark>
<name>5038</name>
<Point>
<coordinates>16.122902,44.820033</coordinates>
</Point>
</Placemark>
<Placemark>
<name>5039</name>
<Point>
<coordinates>16.122768,44.819952</coordinates>
</Point>
</Placemark>
<Placemark>
<name>5040</name>
<Point>
<coordinates>16.122398,44.819960</coordinates>
</Point>
</Placemark>
<Placemark>
<name>5042</name>
<Point>
<coordinates>16.122170,44.820107</coordinates>
</Point>
</Placemark>
<Placemark>
<name>5043</name>
<Point>
<coordinates>16.122043,44.820185</coordinates>
</Point>
</Placemark>
<Placemark>
<name>5031</name>
<Point>
<coordinates>16.123437,44.820112</coordinates>
</Point>
</Placemark>
<Placemark>
<name>5032</name>
<Point>
<coordinates>16.123437,44.820112</coordinates>
</Point>
</Placemark>
<Placemark>
<name>5033</name>
<Point>
<coordinates>16.123437,44.820112</coordinates>
</Point>
</Placemark>
<Placemark>
<name>5034</name>
<Point>
<coordinates>16.123472,44.820147</coordinates>
</Point>
</Placemark>
<Placemark>
<name>5035</name>
<Point>
<coordinates>16.123343,44.820043</coordinates>
</Point>
</Placemark>
<Placemark>
<name>5036</name>
<Point>
<coordinates>16.123242,44.819987</coordinates>
</Point>
</Placemark>
<Placemark>
<name>5025</name>
<Point>
<coordinates>16.123647,44.820188</coordinates>
</Point>
</Placemark>
<Placemark>
<name>5026</name>
<Point>
<coordinates>16.123593,44.820205</coordinates>
</Point>
</Placemark>
<Placemark>
<name>5027</name>
<Point>
<coordinates>16.123725,44.820208</coordinates>
</Point>
</Placemark>
<Placemark>
<name>5028</name>
<Point>
<coordinates>16.123800,44.820067</coordinates>
</Point>
</Placemark>
<Placemark>
<name>5029</name>
<Point>
<coordinates>16.123657,44.820023</coordinates>
</Point>
</Placemark>
<Placemark>
<name>5030</name>
<Point>
<coordinates>16.123523,44.820042</coordinates>
</Point>
</Placemark>
<Placemark>
<name>5019</name>
<Point>
<coordinates>16.124218,44.819752</coordinates>
</Point>
</Placemark>
<Placemark>
<name>5020</name>
<Point>
<coordinates>16.123997,44.819933</coordinates>
</Point>
</Placemark>
<Placemark>
<name>5021</name>
<Point>
<coordinates>16.124007,44.820137</coordinates>
</Point>
</Placemark>
<Placemark>
<name>5022</name>
<Point>
<coordinates>16.123923,44.820188</coordinates>
</Point>
</Placemark>
<Placemark>
<name>5023</name>
<Point>
<coordinates>16.123923,44.820188</coordinates>
</Point>
</Placemark>
<Placemark>
<name>5024</name>
<Point>
<coordinates>16.123735,44.820173</coordinates>
</Point>
</Placemark>
<Placemark>
<name>5013</name>
<Point>
<coordinates>16.124373,44.819615</coordinates>
</Point>
</Placemark>
<Placemark>
<name>5014</name>
<Point>
<coordinates>16.124367,44.819620</coordinates>
</Point>
</Placemark>
<Placemark>
<name>5015</name>
<Point>
<coordinates>16.124305,44.819752</coordinates>
</Point>
</Placemark>
<Placemark>
<name>5016</name>
<Point>
<coordinates>16.124242,44.819793</coordinates>
</Point>
</Placemark>
<Placemark>
<name>5017</name>
<Point>
<coordinates>16.124338,44.819728</coordinates>
</Point>
</Placemark>
<Placemark>
<name>5018</name>
<Point>
<coordinates>16.124315,44.819727</coordinates>
</Point>
</Placemark>
<Placemark>
<name>5007</name>
<Point>
<coordinates>16.125403,44.819790</coordinates>
</Point>
</Placemark>
<Placemark>
<name>5008</name>
<Point>
<coordinates>16.125360,44.819425</coordinates>
</Point>
</Placemark>
<Placemark>
<name>5009</name>
<Point>
<coordinates>16.124942,44.819443</coordinates>
</Point>
</Placemark>
<Placemark>
<name>5010</name>
<Point>
<coordinates>16.124697,44.819425</coordinates>
</Point>
</Placemark>
<Placemark>
<name>5011</name>
<Point>
<coordinates>16.124503,44.819495</coordinates>
</Point>
</Placemark>
<Placemark>
<name>5012</name>
<Point>
<coordinates>16.124325,44.819663</coordinates>
</Point>
</Placemark>
<Placemark>
<name>5151</name>
<Point>
<coordinates>16.125853,44.820078</coordinates>
</Point>
</Placemark>
<Placemark>
<name>5152</name>
<Point>
<coordinates>16.125853,44.820078</coordinates>
</Point>
</Placemark>
<Placemark>
<name>5153</name>
<Point>
<coordinates>16.125853,44.820078</coordinates>
</Point>
</Placemark>
<Placemark>
<name>5154</name>
<Point>
<coordinates>16.125853,44.820078</coordinates>
</Point>
</Placemark>
<Placemark>
<name>5155</name>
<Point>
<coordinates>16.125853,44.820078</coordinates>
</Point>
</Placemark>
<Placemark>
<name>5156</name>
<Point>
<coordinates>16.125853,44.820078</coordinates>
</Point>
</Placemark>
<Placemark>
<name>5295</name>
<Point>
<coordinates>16.123047,44.817850</coordinates>
</Point>
</Placemark>
<Placemark>
<name>5296</name>
<Point>
<coordinates>16.123135,44.817877</coordinates>
</Point>
</Placemark>
<Placemark>
<name>5297</name>
<Point>
<coordinates>16.123130,44.817853</coordinates>
</Point>
</Placemark>
<Placemark>
<name>5298</name>
<Point>
<coordinates>16.123130,44.817853</coordinates>
</Point>
</Placemark>
<Placemark>
<name>5299</name>
<Point>
<coordinates>16.123130,44.817853</coordinates>
</Point>
</Placemark>
<Placemark>
<name>5300</name>
<Point>
<coordinates>16.123307,44.817922</coordinates>
</Point>
</Placemark>
<Placemark>
<name>5289</name>
<Point>
<coordinates>16.122472,44.818180</coordinates>
</Point>
</Placemark>
<Placemark>
<name>5290</name>
<Point>
<coordinates>16.122527,44.818058</coordinates>
</Point>
</Placemark>
<Placemark>
<name>5291</name>
<Point>
<coordinates>16.122623,44.817982</coordinates>
</Point>
</Placemark>
<Placemark>
<name>5292</name>
<Point>
<coordinates>16.122797,44.817935</coordinates>
</Point>
</Placemark>
<Placemark>
<name>5293</name>
<Point>
<coordinates>16.122842,44.817937</coordinates>
</Point>
</Placemark>
<Placemark>
<name>5294</name>
<Point>
<coordinates>16.122903,44.817990</coordinates>
</Point>
</Placemark>
<Placemark>
<name>5283</name>
<Point>
<coordinates>16.121907,44.819145</coordinates>
</Point>
</Placemark>
<Placemark>
<name>5284</name>
<Point>
<coordinates>16.121938,44.818942</coordinates>
</Point>
</Placemark>
<Placemark>
<name>5285</name>
<Point>
<coordinates>16.121962,44.818747</coordinates>
</Point>
</Placemark>
<Placemark>
<name>5286</name>
<Point>
<coordinates>16.122052,44.818582</coordinates>
</Point>
</Placemark>
<Placemark>
<name>5287</name>
<Point>
<coordinates>16.122118,44.818552</coordinates>
</Point>
</Placemark>
<Placemark>
<name>5288</name>
<Point>
<coordinates>16.122173,44.818415</coordinates>
</Point>
</Placemark>
<Placemark>
<name>5277</name>
<Point>
<coordinates>16.122082,44.818913</coordinates>
</Point>
</Placemark>
<Placemark>
<name>5278</name>
<Point>
<coordinates>16.122082,44.818913</coordinates>
</Point>
</Placemark>
<Placemark>
<name>5279</name>
<Point>
<coordinates>16.121922,44.819002</coordinates>
</Point>
</Placemark>
<Placemark>
<name>5280</name>
<Point>
<coordinates>16.121905,44.819083</coordinates>
</Point>
</Placemark>
<Placemark>
<name>5281</name>
<Point>
<coordinates>16.121900,44.819097</coordinates>
</Point>
</Placemark>
<Placemark>
<name>5282</name>
<Point>
<coordinates>16.121900,44.819097</coordinates>
</Point>
</Placemark>
<Placemark>
<name>5271</name>
<Point>
<coordinates>16.122373,44.818618</coordinates>
</Point>
</Placemark>
<Placemark>
<name>5272</name>
<Point>
<coordinates>16.122232,44.818663</coordinates>
</Point>
</Placemark>
<Placemark>
<name>5273</name>
<Point>
<coordinates>16.122212,44.818795</coordinates>
</Point>
</Placemark>
<Placemark>
<name>5274</name>
<Point>
<coordinates>16.122207,44.818790</coordinates>
</Point>
</Placemark>
<Placemark>
<name>5275</name>
<Point>
<coordinates>16.122090,44.818912</coordinates>
</Point>
</Placemark>
<Placemark>
<name>5593</name>
<Point>
<coordinates>16.120623,44.814512</coordinates>
</Point>
</Placemark>
<Placemark>
<name>5594</name>
<Point>
<coordinates>16.120623,44.814512</coordinates>
</Point>
</Placemark>
<Placemark>
<name>5595</name>
<Point>
<coordinates>16.120673,44.814513</coordinates>
</Point>
</Placemark>
<Placemark>
<name>5584</name>
<Point>
<coordinates>16.120660,44.814532</coordinates>
</Point>
</Placemark>
<Placemark>
<name>5585</name>
<Point>
<coordinates>16.120660,44.814532</coordinates>
</Point>
</Placemark>
<Placemark>
<name>5586</name>
<Point>
<coordinates>16.120678,44.814505</coordinates>
</Point>
</Placemark>
<Placemark>
<name>5587</name>
<Point>
<coordinates>16.120678,44.814505</coordinates>
</Point>
</Placemark>
<Placemark>
<name>5588</name>
<Point>
<coordinates>16.120592,44.814412</coordinates>
</Point>
</Placemark>
<Placemark>
<name>5589</name>
<Point>
<coordinates>16.120592,44.814412</coordinates>
</Point>
</Placemark>
<Placemark>
<name>5578</name>
<Point>
<coordinates>16.120635,44.814513</coordinates>
</Point>
</Placemark>
<Placemark>
<name>5579</name>
<Point>
<coordinates>16.120652,44.814510</coordinates>
</Point>
</Placemark>
<Placemark>
<name>5580</name>
<Point>
<coordinates>16.120692,44.814520</coordinates>
</Point>
</Placemark>
<Placemark>
<name>5581</name>
<Point>
<coordinates>16.120692,44.814520</coordinates>
</Point>
</Placemark>
<Placemark>
<name>5582</name>
<Point>
<coordinates>16.120692,44.814520</coordinates>
</Point>
</Placemark>
<Placemark>
<name>5583</name>
<Point>
<coordinates>16.120692,44.814520</coordinates>
</Point>
</Placemark>
<Placemark>
<name>5572</name>
<Point>
<coordinates>16.120635,44.814513</coordinates>
</Point>
</Placemark>
<Placemark>
<name>5573</name>
<Point>
<coordinates>16.120635,44.814513</coordinates>
</Point>
</Placemark>
<Placemark>
<name>5574</name>
<Point>
<coordinates>16.120635,44.814513</coordinates>
</Point>
</Placemark>
<Placemark>
<name>5575</name>
<Point>
<coordinates>16.120635,44.814513</coordinates>
</Point>
</Placemark>
<Placemark>
<name>5576</name>
<Point>
<coordinates>16.120635,44.814513</coordinates>
</Point>
</Placemark>
<Placemark>
<name>5577</name>
<Point>
<coordinates>16.120635,44.814513</coordinates>
</Point>
</Placemark>
<Placemark>
<name>6286</name>
<Point>
<coordinates>16.118753,44.815250</coordinates>
</Point>
</Placemark>
<Placemark>
<name>6287</name>
<Point>
<coordinates>16.118753,44.815250</coordinates>
</Point>
</Placemark>
<Placemark>
<name>6288</name>
<Point>
<coordinates>16.118975,44.815185</coordinates>
</Point>
</Placemark>
<Placemark>
<name>6289</name>
<Point>
<coordinates>16.119088,44.815217</coordinates>
</Point>
</Placemark>
<Placemark>
<name>6290</name>
<Point>
<coordinates>16.119088,44.815217</coordinates>
</Point>
</Placemark>
<Placemark>
<name>5571</name>
<Point>
<coordinates>16.120635,44.814513</coordinates>
</Point>
</Placemark>
<Placemark>
<name>6280</name>
<Point>
<coordinates>16.118313,44.815358</coordinates>
</Point>
</Placemark>
<Placemark>
<name>6281</name>
<Point>
<coordinates>16.118313,44.815358</coordinates>
</Point>
</Placemark>
<Placemark>
<name>6282</name>
<Point>
<coordinates>16.118443,44.815225</coordinates>
</Point>
</Placemark>
<Placemark>
<name>6283</name>
<Point>
<coordinates>16.118538,44.815218</coordinates>
</Point>
</Placemark>
<Placemark>
<name>6284</name>
<Point>
<coordinates>16.118538,44.815218</coordinates>
</Point>
</Placemark>
<Placemark>
<name>6285</name>
<Point>
<coordinates>16.118688,44.815235</coordinates>
</Point>
</Placemark>
<Placemark>
<name>6274</name>
<Point>
<coordinates>16.117825,44.815403</coordinates>
</Point>
</Placemark>
<Placemark>
<name>6275</name>
<Point>
<coordinates>16.117545,44.815762</coordinates>
</Point>
</Placemark>
<Placemark>
<name>6276</name>
<Point>
<coordinates>16.117935,44.815458</coordinates>
</Point>
</Placemark>
<Placemark>
<name>6277</name>
<Point>
<coordinates>16.117935,44.815458</coordinates>
</Point>
</Placemark>
<Placemark>
<name>6278</name>
<Point>
<coordinates>16.118270,44.815347</coordinates>
</Point>
</Placemark>
<Placemark>
<name>6279</name>
<Point>
<coordinates>16.118313,44.815358</coordinates>
</Point>
</Placemark>
<Placemark>
<name>6268</name>
<Point>
<coordinates>16.116773,44.815593</coordinates>
</Point>
</Placemark>
<Placemark>
<name>6269</name>
<Point>
<coordinates>16.116962,44.815627</coordinates>
</Point>
</Placemark>
<Placemark>
<name>6270</name>
<Point>
<coordinates>16.116962,44.815627</coordinates>
</Point>
</Placemark>
<Placemark>
<name>6271</name>
<Point>
<coordinates>16.116992,44.815508</coordinates>
</Point>
</Placemark>
<Placemark>
<name>6272</name>
<Point>
<coordinates>16.117242,44.815465</coordinates>
</Point>
</Placemark>
<Placemark>
<name>6273</name>
<Point>
<coordinates>16.117315,44.815505</coordinates>
</Point>
</Placemark>
<Placemark>
<name>6262</name>
<Point>
<coordinates>16.115945,44.815622</coordinates>
</Point>
</Placemark>
<Placemark>
<name>6263</name>
<Point>
<coordinates>16.116128,44.815605</coordinates>
</Point>
</Placemark>
<Placemark>
<name>6264</name>
<Point>
<coordinates>16.116242,44.815530</coordinates>
</Point>
</Placemark>
<Placemark>
<name>6265</name>
<Point>
<coordinates>16.116342,44.815472</coordinates>
</Point>
</Placemark>
<Placemark>
<name>6266</name>
<Point>
<coordinates>16.116542,44.815547</coordinates>
</Point>
</Placemark>
<Placemark>
<name>6267</name>
<Point>
<coordinates>16.116542,44.815547</coordinates>
</Point>
</Placemark>
<Placemark>
<name>6256</name>
<Point>
<coordinates>16.115328,44.815663</coordinates>
</Point>
</Placemark>
<Placemark>
<name>6257</name>
<Point>
<coordinates>16.115427,44.815648</coordinates>
</Point>
</Placemark>
<Placemark>
<name>6258</name>
<Point>
<coordinates>16.115427,44.815648</coordinates>
</Point>
</Placemark>
<Placemark>
<name>6259</name>
<Point>
<coordinates>16.115527,44.815623</coordinates>
</Point>
</Placemark>
<Placemark>
<name>6260</name>
<Point>
<coordinates>16.115662,44.815615</coordinates>
</Point>
</Placemark>
<Placemark>
<name>6261</name>
<Point>
<coordinates>16.115835,44.815645</coordinates>
</Point>
</Placemark>
<Placemark>
<name>6250</name>
<Point>
<coordinates>16.114782,44.815645</coordinates>
</Point>
</Placemark>
<Placemark>
<name>6251</name>
<Point>
<coordinates>16.114950,44.815672</coordinates>
</Point>
</Placemark>
<Placemark>
<name>6252</name>
<Point>
<coordinates>16.114950,44.815672</coordinates>
</Point>
</Placemark>
<Placemark>
<name>6253</name>
<Point>
<coordinates>16.115045,44.815682</coordinates>
</Point>
</Placemark>
<Placemark>
<name>6254</name>
<Point>
<coordinates>16.115165,44.815663</coordinates>
</Point>
</Placemark>
<Placemark>
<name>6255</name>
<Point>
<coordinates>16.115202,44.815652</coordinates>
</Point>
</Placemark>
<Placemark>
<name>6244</name>
<Point>
<coordinates>16.114375,44.815462</coordinates>
</Point>
</Placemark>
<Placemark>
<name>6245</name>
<Point>
<coordinates>16.114553,44.815565</coordinates>
</Point>
</Placemark>
<Placemark>
<name>6246</name>
<Point>
<coordinates>16.114677,44.815572</coordinates>
</Point>
</Placemark>
<Placemark>
<name>6247</name>
<Point>
<coordinates>16.114697,44.815470</coordinates>
</Point>
</Placemark>
<Placemark>
<name>6248</name>
<Point>
<coordinates>16.114697,44.815470</coordinates>
</Point>
</Placemark>
<Placemark>
<name>6249</name>
<Point>
<coordinates>16.114663,44.815613</coordinates>
</Point>
</Placemark>
<Placemark>
<name>6238</name>
<Point>
<coordinates>16.113548,44.815478</coordinates>
</Point>
</Placemark>
<Placemark>
<name>6239</name>
<Point>
<coordinates>16.113560,44.815492</coordinates>
</Point>
</Placemark>
<Placemark>
<name>6240</name>
<Point>
<coordinates>16.113855,44.815513</coordinates>
</Point>
</Placemark>
<Placemark>
<name>6241</name>
<Point>
<coordinates>16.113993,44.815468</coordinates>
</Point>
</Placemark>
<Placemark>
<name>6242</name>
<Point>
<coordinates>16.114210,44.815477</coordinates>
</Point>
</Placemark>
<Placemark>
<name>6243</name>
<Point>
<coordinates>16.114265,44.815437</coordinates>
</Point>
</Placemark>
<Placemark>
<name>6232</name>
<Point>
<coordinates>16.113075,44.815175</coordinates>
</Point>
</Placemark>
<Placemark>
<name>6233</name>
<Point>
<coordinates>16.113158,44.815242</coordinates>
</Point>
</Placemark>
<Placemark>
<name>6234</name>
<Point>
<coordinates>16.113245,44.815310</coordinates>
</Point>
</Placemark>
<Placemark>
<name>6235</name>
<Point>
<coordinates>16.113317,44.815377</coordinates>
</Point>
</Placemark>
<Placemark>
<name>6236</name>
<Point>
<coordinates>16.113498,44.815432</coordinates>
</Point>
</Placemark>
<Placemark>
<name>6237</name>
<Point>
<coordinates>16.113533,44.815430</coordinates>
</Point>
</Placemark>
<Placemark>
<name>6136</name>
<Point>
<coordinates>16.112620,44.814672</coordinates>
</Point>
</Placemark>
<Placemark>
<name>6137</name>
<Point>
<coordinates>16.112640,44.814787</coordinates>
</Point>
</Placemark>
<Placemark>
<name>6138</name>
<Point>
<coordinates>16.112738,44.814800</coordinates>
</Point>
</Placemark>
<Placemark>
<name>6139</name>
<Point>
<coordinates>16.112828,44.814840</coordinates>
</Point>
</Placemark>
<Placemark>
<name>6140</name>
<Point>
<coordinates>16.112878,44.814878</coordinates>
</Point>
</Placemark>
<Placemark>
<name>6231</name>
<Point>
<coordinates>16.113165,44.815087</coordinates>
</Point>
</Placemark>
<Placemark>
<name>6130</name>
<Point>
<coordinates>16.113200,44.815100</coordinates>
</Point>
</Placemark>
<Placemark>
<name>6131</name>
<Point>
<coordinates>16.113200,44.815100</coordinates>
</Point>
</Placemark>
<Placemark>
<name>6132</name>
<Point>
<coordinates>16.113200,44.815100</coordinates>
</Point>
</Placemark>
<Placemark>
<name>6133</name>
<Point>
<coordinates>16.113200,44.815100</coordinates>
</Point>
</Placemark>
<Placemark>
<name>6134</name>
<Point>
<coordinates>16.113200,44.815100</coordinates>
</Point>
</Placemark>
<Placemark>
<name>5276</name>
<Point>
<coordinates>16.122082,44.818913</coordinates>
</Point>
</Placemark>
<Placemark>
<name>5265</name>
<Point>
<coordinates>16.122368,44.818353</coordinates>
</Point>
</Placemark>
<Placemark>
<name>5266</name>
<Point>
<coordinates>16.122368,44.818353</coordinates>
</Point>
</Placemark>
<Placemark>
<name>5267</name>
<Point>
<coordinates>16.122392,44.818407</coordinates>
</Point>
</Placemark>
<Placemark>
<name>5268</name>
<Point>
<coordinates>16.122413,44.818405</coordinates>
</Point>
</Placemark>
<Placemark>
<name>5269</name>
<Point>
<coordinates>16.122453,44.818483</coordinates>
</Point>
</Placemark>
<Placemark>
<name>5270</name>
<Point>
<coordinates>16.122458,44.818593</coordinates>
</Point>
</Placemark>
<Placemark>
<name>5259</name>
<Point>
<coordinates>16.123253,44.818105</coordinates>
</Point>
</Placemark>
<Placemark>
<name>5260</name>
<Point>
<coordinates>16.123083,44.818135</coordinates>
</Point>
</Placemark>
<Placemark>
<name>5261</name>
<Point>
<coordinates>16.122845,44.818098</coordinates>
</Point>
</Placemark>
<Placemark>
<name>5262</name>
<Point>
<coordinates>16.122543,44.818255</coordinates>
</Point>
</Placemark>
<Placemark>
<name>5263</name>
<Point>
<coordinates>16.122553,44.818293</coordinates>
</Point>
</Placemark>
<Placemark>
<name>5264</name>
<Point>
<coordinates>16.122440,44.818315</coordinates>
</Point>
</Placemark>
<Placemark>
<name>5253</name>
<Point>
<coordinates>16.123735,44.818365</coordinates>
</Point>
</Placemark>
<Placemark>
<name>5254</name>
<Point>
<coordinates>16.123703,44.818187</coordinates>
</Point>
</Placemark>
<Placemark>
<name>5255</name>
<Point>
<coordinates>16.123543,44.818247</coordinates>
</Point>
</Placemark>
<Placemark>
<name>5256</name>
<Point>
<coordinates>16.123543,44.818247</coordinates>
</Point>
</Placemark>
<Placemark>
<name>5257</name>
<Point>
<coordinates>16.123490,44.818108</coordinates>
</Point>
</Placemark>
<Placemark>
<name>5258</name>
<Point>
<coordinates>16.123377,44.818097</coordinates>
</Point>
</Placemark>
<Placemark>
<name>5247</name>
<Point>
<coordinates>16.123997,44.818497</coordinates>
</Point>
</Placemark>
<Placemark>
<name>5248</name>
<Point>
<coordinates>16.123983,44.818512</coordinates>
</Point>
</Placemark>
<Placemark>
<name>5249</name>
<Point>
<coordinates>16.123983,44.818512</coordinates>
</Point>
</Placemark>
<Placemark>
<name>5250</name>
<Point>
<coordinates>16.123983,44.818512</coordinates>
</Point>
</Placemark>
<Placemark>
<name>5251</name>
<Point>
<coordinates>16.123870,44.818478</coordinates>
</Point>
</Placemark>
<Placemark>
<name>5252</name>
<Point>
<coordinates>16.123775,44.818425</coordinates>
</Point>
</Placemark>
<Placemark>
<name>5241</name>
<Point>
<coordinates>16.124447,44.818522</coordinates>
</Point>
</Placemark>
<Placemark>
<name>5242</name>
<Point>
<coordinates>16.124447,44.818522</coordinates>
</Point>
</Placemark>
<Placemark>
<name>5243</name>
<Point>
<coordinates>16.124375,44.818407</coordinates>
</Point>
</Placemark>
<Placemark>
<name>5244</name>
<Point>
<coordinates>16.124362,44.818423</coordinates>
</Point>
</Placemark>
<Placemark>
<name>5245</name>
<Point>
<coordinates>16.124278,44.818468</coordinates>
</Point>
</Placemark>
<Placemark>
<name>5246</name>
<Point>
<coordinates>16.124195,44.818460</coordinates>
</Point>
</Placemark>
<Placemark>
<name>5235</name>
<Point>
<coordinates>16.125197,44.819022</coordinates>
</Point>
</Placemark>
<Placemark>
<name>5236</name>
<Point>
<coordinates>16.125248,44.819027</coordinates>
</Point>
</Placemark>
<Placemark>
<name>5237</name>
<Point>
<coordinates>16.124920,44.818602</coordinates>
</Point>
</Placemark>
<Placemark>
<name>5238</name>
<Point>
<coordinates>16.124630,44.818488</coordinates>
</Point>
</Placemark>
<Placemark>
<name>5239</name>
<Point>
<coordinates>16.124522,44.818462</coordinates>
</Point>
</Placemark>
<Placemark>
<name>5240</name>
<Point>
<coordinates>16.124523,44.818570</coordinates>
</Point>
</Placemark>
<Placemark>
<name>5229</name>
<Point>
<coordinates>16.124475,44.819157</coordinates>
</Point>
</Placemark>
<Placemark>
<name>5230</name>
<Point>
<coordinates>16.124608,44.819167</coordinates>
</Point>
</Placemark>
<Placemark>
<name>5231</name>
<Point>
<coordinates>16.124608,44.819167</coordinates>
</Point>
</Placemark>
<Placemark>
<name>5232</name>
<Point>
<coordinates>16.124823,44.819092</coordinates>
</Point>
</Placemark>
<Placemark>
<name>5233</name>
<Point>
<coordinates>16.124835,44.819082</coordinates>
</Point>
</Placemark>
<Placemark>
<name>5234</name>
<Point>
<coordinates>16.124980,44.819048</coordinates>
</Point>
</Placemark>
<Placemark>
<name>5223</name>
<Point>
<coordinates>16.124127,44.819348</coordinates>
</Point>
</Placemark>
<Placemark>
<name>5224</name>
<Point>
<coordinates>16.124247,44.819302</coordinates>
</Point>
</Placemark>
<Placemark>
<name>5225</name>
<Point>
<coordinates>16.124280,44.819203</coordinates>
</Point>
</Placemark>
<Placemark>
<name>5226</name>
<Point>
<coordinates>16.124280,44.819203</coordinates>
</Point>
</Placemark>
<Placemark>
<name>5227</name>
<Point>
<coordinates>16.124280,44.819203</coordinates>
</Point>
</Placemark>
<Placemark>
<name>5228</name>
<Point>
<coordinates>16.124475,44.819157</coordinates>
</Point>
</Placemark>
<Placemark>
<name>5217</name>
<Point>
<coordinates>16.123985,44.819278</coordinates>
</Point>
</Placemark>
<Placemark>
<name>5218</name>
<Point>
<coordinates>16.123985,44.819278</coordinates>
</Point>
</Placemark>
<Placemark>
<name>5219</name>
<Point>
<coordinates>16.124123,44.819277</coordinates>
</Point>
</Placemark>
<Placemark>
<name>5220</name>
<Point>
<coordinates>16.124127,44.819348</coordinates>
</Point>
</Placemark>
<Placemark>
<name>5221</name>
<Point>
<coordinates>16.124127,44.819348</coordinates>
</Point>
</Placemark>
<Placemark>
<name>5222</name>
<Point>
<coordinates>16.124127,44.819348</coordinates>
</Point>
</Placemark>
<Placemark>
<name>5211</name>
<Point>
<coordinates>16.124062,44.819283</coordinates>
</Point>
</Placemark>
<Placemark>
<name>5212</name>
<Point>
<coordinates>16.124030,44.819302</coordinates>
</Point>
</Placemark>
<Placemark>
<name>5213</name>
<Point>
<coordinates>16.123905,44.819388</coordinates>
</Point>
</Placemark>
<Placemark>
<name>5214</name>
<Point>
<coordinates>16.123893,44.819410</coordinates>
</Point>
</Placemark>
<Placemark>
<name>5215</name>
<Point>
<coordinates>16.123985,44.819278</coordinates>
</Point>
</Placemark>
<Placemark>
<name>5216</name>
<Point>
<coordinates>16.123985,44.819278</coordinates>
</Point>
</Placemark>
<Placemark>
<name>5205</name>
<Point>
<coordinates>16.123613,44.819228</coordinates>
</Point>
</Placemark>
<Placemark>
<name>5206</name>
<Point>
<coordinates>16.123613,44.819228</coordinates>
</Point>
</Placemark>
<Placemark>
<name>5207</name>
<Point>
<coordinates>16.123642,44.819330</coordinates>
</Point>
</Placemark>
<Placemark>
<name>5208</name>
<Point>
<coordinates>16.123618,44.819347</coordinates>
</Point>
</Placemark>
<Placemark>
<name>5209</name>
<Point>
<coordinates>16.123618,44.819347</coordinates>
</Point>
</Placemark>
<Placemark>
<name>5210</name>
<Point>
<coordinates>16.123618,44.819347</coordinates>
</Point>
</Placemark>
<Placemark>
<name>5199</name>
<Point>
<coordinates>16.123218,44.819347</coordinates>
</Point>
</Placemark>
<Placemark>
<name>5200</name>
<Point>
<coordinates>16.123218,44.819347</coordinates>
</Point>
</Placemark>
<Placemark>
<name>5201</name>
<Point>
<coordinates>16.123218,44.819347</coordinates>
</Point>
</Placemark>
<Placemark>
<name>5202</name>
<Point>
<coordinates>16.123218,44.819347</coordinates>
</Point>
</Placemark>
<Placemark>
<name>5203</name>
<Point>
<coordinates>16.123465,44.819208</coordinates>
</Point>
</Placemark>
<Placemark>
<name>5204</name>
<Point>
<coordinates>16.123613,44.819228</coordinates>
</Point>
</Placemark>
<Placemark>
<name>5193</name>
<Point>
<coordinates>16.122572,44.819988</coordinates>
</Point>
</Placemark>
<Placemark>
<name>5194</name>
<Point>
<coordinates>16.122770,44.819475</coordinates>
</Point>
</Placemark>
<Placemark>
<name>5195</name>
<Point>
<coordinates>16.122867,44.819458</coordinates>
</Point>
</Placemark>
<Placemark>
<name>5196</name>
<Point>
<coordinates>16.122867,44.819458</coordinates>
</Point>
</Placemark>
<Placemark>
<name>5197</name>
<Point>
<coordinates>16.123157,44.819493</coordinates>
</Point>
</Placemark>
<Placemark>
<name>5198</name>
<Point>
<coordinates>16.123150,44.819513</coordinates>
</Point>
</Placemark>
<Placemark>
<name>5187</name>
<Point>
<coordinates>16.123073,44.819858</coordinates>
</Point>
</Placemark>
<Placemark>
<name>5188</name>
<Point>
<coordinates>16.122997,44.819835</coordinates>
</Point>
</Placemark>
<Placemark>
<name>5189</name>
<Point>
<coordinates>16.122907,44.819900</coordinates>
</Point>
</Placemark>
<Placemark>
<name>5190</name>
<Point>
<coordinates>16.122907,44.819900</coordinates>
</Point>
</Placemark>
<Placemark>
<name>5191</name>
<Point>
<coordinates>16.122633,44.819752</coordinates>
</Point>
</Placemark>
<Placemark>
<name>5192</name>
<Point>
<coordinates>16.122683,44.819935</coordinates>
</Point>
</Placemark>
<Placemark>
<name>5181</name>
<Point>
<coordinates>16.123858,44.819783</coordinates>
</Point>
</Placemark>
<Placemark>
<name>5182</name>
<Point>
<coordinates>16.123730,44.819807</coordinates>
</Point>
</Placemark>
<Placemark>
<name>5183</name>
<Point>
<coordinates>16.123680,44.819795</coordinates>
</Point>
</Placemark>
<Placemark>
<name>5184</name>
<Point>
<coordinates>16.123427,44.819718</coordinates>
</Point>
</Placemark>
<Placemark>
<name>5185</name>
<Point>
<coordinates>16.123338,44.819797</coordinates>
</Point>
</Placemark>
<Placemark>
<name>5186</name>
<Point>
<coordinates>16.123338,44.819797</coordinates>
</Point>
</Placemark>
<Placemark>
<name>5175</name>
<Point>
<coordinates>16.124190,44.819583</coordinates>
</Point>
</Placemark>
<Placemark>
<name>6135</name>
<Point>
<coordinates>16.112123,44.813828</coordinates>
</Point>
</Placemark>
<Placemark>
<name>6124</name>
<Point>
<coordinates>16.113270,44.814762</coordinates>
</Point>
</Placemark>
<Placemark>
<name>6125</name>
<Point>
<coordinates>16.113263,44.814753</coordinates>
</Point>
</Placemark>
<Placemark>
<name>6126</name>
<Point>
<coordinates>16.113263,44.814753</coordinates>
</Point>
</Placemark>
<Placemark>
<name>6127</name>
<Point>
<coordinates>16.113263,44.814753</coordinates>
</Point>
</Placemark>
<Placemark>
<name>6128</name>
<Point>
<coordinates>16.118983,44.817725</coordinates>
</Point>
</Placemark>
<Placemark>
<name>6129</name>
<Point>
<coordinates>16.119000,44.817700</coordinates>
</Point>
</Placemark>
<Placemark>
<name>6118</name>
<Point>
<coordinates>16.113662,44.814517</coordinates>
</Point>
</Placemark>
<Placemark>
<name>6119</name>
<Point>
<coordinates>16.113485,44.814545</coordinates>
</Point>
</Placemark>
<Placemark>
<name>6120</name>
<Point>
<coordinates>16.113475,44.814635</coordinates>
</Point>
</Placemark>
<Placemark>
<name>6121</name>
<Point>
<coordinates>16.113385,44.814735</coordinates>
</Point>
</Placemark>
<Placemark>
<name>6122</name>
<Point>
<coordinates>16.113352,44.814740</coordinates>
</Point>
</Placemark>
<Placemark>
<name>6123</name>
<Point>
<coordinates>16.113340,44.814772</coordinates>
</Point>
</Placemark>
<Placemark>
<name>6112</name>
<Point>
<coordinates>16.114098,44.814647</coordinates>
</Point>
</Placemark>
<Placemark>
<name>6113</name>
<Point>
<coordinates>16.113995,44.814525</coordinates>
</Point>
</Placemark>
<Placemark>
<name>6114</name>
<Point>
<coordinates>16.113975,44.814520</coordinates>
</Point>
</Placemark>
<Placemark>
<name>6115</name>
<Point>
<coordinates>16.113852,44.814582</coordinates>
</Point>
</Placemark>
<Placemark>
<name>6116</name>
<Point>
<coordinates>16.113852,44.814582</coordinates>
</Point>
</Placemark>
<Placemark>
<name>6117</name>
<Point>
<coordinates>16.113672,44.814530</coordinates>
</Point>
</Placemark>
<Placemark>
<name>6166</name>
<Point>
<coordinates>16.117483,44.814277</coordinates>
</Point>
</Placemark>
<Placemark>
<name>6167</name>
<Point>
<coordinates>16.117360,44.814250</coordinates>
</Point>
</Placemark>
<Placemark>
<name>6168</name>
<Point>
<coordinates>16.117360,44.814250</coordinates>
</Point>
</Placemark>
<Placemark>
<name>6169</name>
<Point>
<coordinates>16.117068,44.814238</coordinates>
</Point>
</Placemark>
<Placemark>
<name>6170</name>
<Point>
<coordinates>16.117068,44.814248</coordinates>
</Point>
</Placemark>
<Placemark>
<name>6111</name>
<Point>
<coordinates>16.114297,44.814533</coordinates>
</Point>
</Placemark>
<Placemark>
<name>6160</name>
<Point>
<coordinates>16.117705,44.814398</coordinates>
</Point>
</Placemark>
<Placemark>
<name>6161</name>
<Point>
<coordinates>16.117563,44.814588</coordinates>
</Point>
</Placemark>
<Placemark>
<name>6162</name>
<Point>
<coordinates>16.117672,44.814637</coordinates>
</Point>
</Placemark>
<Placemark>
<name>6163</name>
<Point>
<coordinates>16.117712,44.814633</coordinates>
</Point>
</Placemark>
<Placemark>
<name>6164</name>
<Point>
<coordinates>16.117303,44.814415</coordinates>
</Point>
</Placemark>
<Placemark>
<name>6165</name>
<Point>
<coordinates>16.117503,44.814318</coordinates>
</Point>
</Placemark>
<Placemark>
<name>6154</name>
<Point>
<coordinates>16.118273,44.814137</coordinates>
</Point>
</Placemark>
<Placemark>
<name>6155</name>
<Point>
<coordinates>16.118198,44.814165</coordinates>
</Point>
</Placemark>
<Placemark>
<name>6156</name>
<Point>
<coordinates>16.118198,44.814165</coordinates>
</Point>
</Placemark>
<Placemark>
<name>6157</name>
<Point>
<coordinates>16.118198,44.814165</coordinates>
</Point>
</Placemark>
<Placemark>
<name>6158</name>
<Point>
<coordinates>16.118107,44.814175</coordinates>
</Point>
</Placemark>
<Placemark>
<name>6159</name>
<Point>
<coordinates>16.117917,44.814323</coordinates>
</Point>
</Placemark>
<Placemark>
<name>6148</name>
<Point>
<coordinates>16.118903,44.814472</coordinates>
</Point>
</Placemark>
<Placemark>
<name>6149</name>
<Point>
<coordinates>16.118772,44.814325</coordinates>
</Point>
</Placemark>
<Placemark>
<name>6150</name>
<Point>
<coordinates>16.118758,44.814318</coordinates>
</Point>
</Placemark>
<Placemark>
<name>6151</name>
<Point>
<coordinates>16.118688,44.814223</coordinates>
</Point>
</Placemark>
<Placemark>
<name>6152</name>
<Point>
<coordinates>16.118688,44.814223</coordinates>
</Point>
</Placemark>
<Placemark>
<name>6153</name>
<Point>
<coordinates>16.118688,44.814223</coordinates>
</Point>
</Placemark>
<Placemark>
<name>6142</name>
<Point>
<coordinates>16.119208,44.814450</coordinates>
</Point>
</Placemark>
<Placemark>
<name>6143</name>
<Point>
<coordinates>16.119208,44.814450</coordinates>
</Point>
</Placemark>
<Placemark>
<name>6144</name>
<Point>
<coordinates>16.119032,44.814518</coordinates>
</Point>
</Placemark>
<Placemark>
<name>6145</name>
<Point>
<coordinates>16.119007,44.814545</coordinates>
</Point>
</Placemark>
<Placemark>
<name>6146</name>
<Point>
<coordinates>16.118903,44.814472</coordinates>
</Point>
</Placemark>
<Placemark>
<name>6147</name>
<Point>
<coordinates>16.118903,44.814472</coordinates>
</Point>
</Placemark>
<Placemark>
<name>6141</name>
<Point>
<coordinates>16.119375,44.814395</coordinates>
</Point>
</Placemark>
<Placemark>
<name>6537</name>
<Point>
<coordinates>16.113327,44.816068</coordinates>
</Point>
</Placemark>
<Placemark>
<name>6531</name>
<Point>
<coordinates>16.113075,44.815758</coordinates>
</Point>
</Placemark>
<Placemark>
<name>6532</name>
<Point>
<coordinates>16.113135,44.815803</coordinates>
</Point>
</Placemark>
<Placemark>
<name>6533</name>
<Point>
<coordinates>16.113147,44.815805</coordinates>
</Point>
</Placemark>
<Placemark>
<name>6534</name>
<Point>
<coordinates>16.113147,44.815805</coordinates>
</Point>
</Placemark>
<Placemark>
<name>6535</name>
<Point>
<coordinates>16.113202,44.815830</coordinates>
</Point>
</Placemark>
<Placemark>
<name>6536</name>
<Point>
<coordinates>16.113327,44.815983</coordinates>
</Point>
</Placemark>
<Placemark>
<name>6525</name>
<Point>
<coordinates>16.113068,44.815593</coordinates>
</Point>
</Placemark>
<Placemark>
<name>6526</name>
<Point>
<coordinates>16.113068,44.815633</coordinates>
</Point>
</Placemark>
<Placemark>
<name>6527</name>
<Point>
<coordinates>16.113085,44.815755</coordinates>
</Point>
</Placemark>
<Placemark>
<name>6528</name>
<Point>
<coordinates>16.113113,44.815768</coordinates>
</Point>
</Placemark>
<Placemark>
<name>6529</name>
<Point>
<coordinates>16.113075,44.815758</coordinates>
</Point>
</Placemark>
<Placemark>
<name>6530</name>
<Point>
<coordinates>16.113075,44.815758</coordinates>
</Point>
</Placemark>
<Placemark>
<name>6519</name>
<Point>
<coordinates>16.113675,44.815878</coordinates>
</Point>
</Placemark>
<Placemark>
<name>6520</name>
<Point>
<coordinates>16.113617,44.815782</coordinates>
</Point>
</Placemark>
<Placemark>
<name>6521</name>
<Point>
<coordinates>16.113602,44.815687</coordinates>
</Point>
</Placemark>
<Placemark>
<name>6522</name>
<Point>
<coordinates>16.113602,44.815687</coordinates>
</Point>
</Placemark>
<Placemark>
<name>6523</name>
<Point>
<coordinates>16.113233,44.815555</coordinates>
</Point>
</Placemark>
<Placemark>
<name>6524</name>
<Point>
<coordinates>16.113055,44.815553</coordinates>
</Point>
</Placemark>
<Placemark>
<name>6513</name>
<Point>
<coordinates>16.113910,44.815988</coordinates>
</Point>
</Placemark>
<Placemark>
<name>6514</name>
<Point>
<coordinates>16.113903,44.815997</coordinates>
</Point>
</Placemark>
<Placemark>
<name>6515</name>
<Point>
<coordinates>16.113795,44.815917</coordinates>
</Point>
</Placemark>
<Placemark>
<name>6516</name>
<Point>
<coordinates>16.113795,44.815917</coordinates>
</Point>
</Placemark>
<Placemark>
<name>6517</name>
<Point>
<coordinates>16.113795,44.815917</coordinates>
</Point>
</Placemark>
<Placemark>
<name>6518</name>
<Point>
<coordinates>16.113675,44.815878</coordinates>
</Point>
</Placemark>
<Placemark>
<name>6507</name>
<Point>
<coordinates>16.114210,44.815990</coordinates>
</Point>
</Placemark>
<Placemark>
<name>6508</name>
<Point>
<coordinates>16.114210,44.815990</coordinates>
</Point>
</Placemark>
<Placemark>
<name>6509</name>
<Point>
<coordinates>16.114210,44.815990</coordinates>
</Point>
</Placemark>
<Placemark>
<name>6510</name>
<Point>
<coordinates>16.114043,44.816018</coordinates>
</Point>
</Placemark>
<Placemark>
<name>6511</name>
<Point>
<coordinates>16.114043,44.816018</coordinates>
</Point>
</Placemark>
<Placemark>
<name>6512</name>
<Point>
<coordinates>16.114043,44.816018</coordinates>
</Point>
</Placemark>
<Placemark>
<name>6501</name>
<Point>
<coordinates>16.114487,44.816093</coordinates>
</Point>
</Placemark>
<Placemark>
<name>6502</name>
<Point>
<coordinates>16.114408,44.815970</coordinates>
</Point>
</Placemark>
<Placemark>
<name>6503</name>
<Point>
<coordinates>16.114510,44.816177</coordinates>
</Point>
</Placemark>
<Placemark>
<name>6504</name>
<Point>
<coordinates>16.114365,44.815973</coordinates>
</Point>
</Placemark>
<Placemark>
<name>6505</name>
<Point>
<coordinates>16.114210,44.815990</coordinates>
</Point>
</Placemark>
<Placemark>
<name>6506</name>
<Point>
<coordinates>16.114210,44.815990</coordinates>
</Point>
</Placemark>
<Placemark>
<name>6495</name>
<Point>
<coordinates>16.114868,44.815988</coordinates>
</Point>
</Placemark>
<Placemark>
<name>6496</name>
<Point>
<coordinates>16.114647,44.815985</coordinates>
</Point>
</Placemark>
<Placemark>
<name>6497</name>
<Point>
<coordinates>16.114592,44.816067</coordinates>
</Point>
</Placemark>
<Placemark>
<name>6498</name>
<Point>
<coordinates>16.114580,44.816058</coordinates>
</Point>
</Placemark>
<Placemark>
<name>6499</name>
<Point>
<coordinates>16.114540,44.816087</coordinates>
</Point>
</Placemark>
<Placemark>
<name>5176</name>
<Point>
<coordinates>16.123967,44.819637</coordinates>
</Point>
</Placemark>
<Placemark>
<name>5177</name>
<Point>
<coordinates>16.123967,44.819637</coordinates>
</Point>
</Placemark>
<Placemark>
<name>5178</name>
<Point>
<coordinates>16.123967,44.819637</coordinates>
</Point>
</Placemark>
<Placemark>
<name>5179</name>
<Point>
<coordinates>16.123967,44.819637</coordinates>
</Point>
</Placemark>
<Placemark>
<name>5180</name>
<Point>
<coordinates>16.123912,44.819723</coordinates>
</Point>
</Placemark>
<Placemark>
<name>5169</name>
<Point>
<coordinates>16.124555,44.819395</coordinates>
</Point>
</Placemark>
<Placemark>
<name>5170</name>
<Point>
<coordinates>16.124418,44.819457</coordinates>
</Point>
</Placemark>
<Placemark>
<name>5171</name>
<Point>
<coordinates>16.124418,44.819457</coordinates>
</Point>
</Placemark>
<Placemark>
<name>5172</name>
<Point>
<coordinates>16.124418,44.819457</coordinates>
</Point>
</Placemark>
<Placemark>
<name>5173</name>
<Point>
<coordinates>16.124328,44.819500</coordinates>
</Point>
</Placemark>
<Placemark>
<name>5174</name>
<Point>
<coordinates>16.124328,44.819500</coordinates>
</Point>
</Placemark>
<Placemark>
<name>5163</name>
<Point>
<coordinates>16.125853,44.820078</coordinates>
</Point>
</Placemark>
<Placemark>
<name>5164</name>
<Point>
<coordinates>16.125473,44.819307</coordinates>
</Point>
</Placemark>
<Placemark>
<name>5165</name>
<Point>
<coordinates>16.125153,44.819307</coordinates>
</Point>
</Placemark>
<Placemark>
<name>5166</name>
<Point>
<coordinates>16.124993,44.819342</coordinates>
</Point>
</Placemark>
<Placemark>
<name>5167</name>
<Point>
<coordinates>16.124980,44.819333</coordinates>
</Point>
</Placemark>
<Placemark>
<name>5168</name>
<Point>
<coordinates>16.124980,44.819333</coordinates>
</Point>
</Placemark>
<Placemark>
<name>5157</name>
<Point>
<coordinates>16.125853,44.820078</coordinates>
</Point>
</Placemark>
<Placemark>
<name>5158</name>
<Point>
<coordinates>16.125853,44.820078</coordinates>
</Point>
</Placemark>
<Placemark>
<name>5159</name>
<Point>
<coordinates>16.125853,44.820078</coordinates>
</Point>
</Placemark>
<Placemark>
<name>5160</name>
<Point>
<coordinates>16.125853,44.820078</coordinates>
</Point>
</Placemark>
<Placemark>
<name>5161</name>
<Point>
<coordinates>16.125853,44.820078</coordinates>
</Point>
</Placemark>
<Placemark>
<name>5162</name>
<Point>
<coordinates>16.125853,44.820078</coordinates>
</Point>
</Placemark>
<Placemark>
<name>5601</name>
<Point>
<coordinates>16.125790,44.820160</coordinates>
</Point>
</Placemark>
<Placemark>
<name>5602</name>
<Point>
<coordinates>16.125790,44.820160</coordinates>
</Point>
</Placemark>
<Placemark>
<name>5603</name>
<Point>
<coordinates>16.125790,44.820160</coordinates>
</Point>
</Placemark>
<Placemark>
<name>5604</name>
<Point>
<coordinates>16.125790,44.820160</coordinates>
</Point>
</Placemark>
<Placemark>
<name>5605</name>
<Point>
<coordinates>16.125790,44.820160</coordinates>
</Point>
</Placemark>
<Placemark>
<name>5606</name>
<Point>
<coordinates>16.125790,44.820160</coordinates>
</Point>
</Placemark>
<Placemark>
<name>5835</name>
<Point>
<coordinates>16.121982,44.816912</coordinates>
</Point>
</Placemark>
<Placemark>
<name>5836</name>
<Point>
<coordinates>16.121982,44.816912</coordinates>
</Point>
</Placemark>
<Placemark>
<name>5837</name>
<Point>
<coordinates>16.121982,44.816912</coordinates>
</Point>
</Placemark>
<Placemark>
<name>5838</name>
<Point>
<coordinates>16.121982,44.816912</coordinates>
</Point>
</Placemark>
<Placemark>
<name>5839</name>
<Point>
<coordinates>16.121982,44.816912</coordinates>
</Point>
</Placemark>
<Placemark>
<name>5840</name>
<Point>
<coordinates>16.121982,44.816912</coordinates>
</Point>
</Placemark>
<Placemark>
<name>5829</name>
<Point>
<coordinates>16.121982,44.816912</coordinates>
</Point>
</Placemark>
<Placemark>
<name>5830</name>
<Point>
<coordinates>16.121982,44.816912</coordinates>
</Point>
</Placemark>
<Placemark>
<name>5831</name>
<Point>
<coordinates>16.121982,44.816912</coordinates>
</Point>
</Placemark>
<Placemark>
<name>5832</name>
<Point>
<coordinates>16.121982,44.816912</coordinates>
</Point>
</Placemark>
<Placemark>
<name>5833</name>
<Point>
<coordinates>16.121982,44.816912</coordinates>
</Point>
</Placemark>
<Placemark>
<name>5834</name>
<Point>
<coordinates>16.121982,44.816912</coordinates>
</Point>
</Placemark>
<Placemark>
<name>5823</name>
<Point>
<coordinates>16.121982,44.816912</coordinates>
</Point>
</Placemark>
<Placemark>
<name>5824</name>
<Point>
<coordinates>16.121982,44.816912</coordinates>
</Point>
</Placemark>
<Placemark>
<name>5825</name>
<Point>
<coordinates>16.121982,44.816912</coordinates>
</Point>
</Placemark>
<Placemark>
<name>5826</name>
<Point>
<coordinates>16.121982,44.816912</coordinates>
</Point>
</Placemark>
<Placemark>
<name>5827</name>
<Point>
<coordinates>16.121982,44.816912</coordinates>
</Point>
</Placemark>
<Placemark>
<name>5828</name>
<Point>
<coordinates>16.121982,44.816912</coordinates>
</Point>
</Placemark>
<Placemark>
<name>5817</name>
<Point>
<coordinates>16.121982,44.816912</coordinates>
</Point>
</Placemark>
<Placemark>
<name>5818</name>
<Point>
<coordinates>16.121982,44.816912</coordinates>
</Point>
</Placemark>
<Placemark>
<name>5819</name>
<Point>
<coordinates>16.121982,44.816912</coordinates>
</Point>
</Placemark>
<Placemark>
<name>5820</name>
<Point>
<coordinates>16.121982,44.816912</coordinates>
</Point>
</Placemark>
<Placemark>
<name>5821</name>
<Point>
<coordinates>16.121982,44.816912</coordinates>
</Point>
</Placemark>
<Placemark>
<name>5822</name>
<Point>
<coordinates>16.121982,44.816912</coordinates>
</Point>
</Placemark>
<Placemark>
<name>5811</name>
<Point>
<coordinates>16.121982,44.816912</coordinates>
</Point>
</Placemark>
<Placemark>
<name>5812</name>
<Point>
<coordinates>16.121982,44.816912</coordinates>
</Point>
</Placemark>
<Placemark>
<name>5813</name>
<Point>
<coordinates>16.121982,44.816912</coordinates>
</Point>
</Placemark>
<Placemark>
<name>5814</name>
<Point>
<coordinates>16.121982,44.816912</coordinates>
</Point>
</Placemark>
<Placemark>
<name>5815</name>
<Point>
<coordinates>16.121982,44.816912</coordinates>
</Point>
</Placemark>
<Placemark>
<name>5816</name>
<Point>
<coordinates>16.121982,44.816912</coordinates>
</Point>
</Placemark>
<Placemark>
<name>5805</name>
<Point>
<coordinates>16.120020,44.817490</coordinates>
</Point>
</Placemark>
<Placemark>
<name>5806</name>
<Point>
<coordinates>16.120020,44.817490</coordinates>
</Point>
</Placemark>
<Placemark>
<name>5807</name>
<Point>
<coordinates>16.120020,44.817490</coordinates>
</Point>
</Placemark>
<Placemark>
<name>5808</name>
<Point>
<coordinates>16.120020,44.817490</coordinates>
</Point>
</Placemark>
<Placemark>
<name>5809</name>
<Point>
<coordinates>16.121982,44.816912</coordinates>
</Point>
</Placemark>
<Placemark>
<name>5810</name>
<Point>
<coordinates>16.121982,44.816912</coordinates>
</Point>
</Placemark>
<Placemark>
<name>5799</name>
<Point>
<coordinates>16.120020,44.817490</coordinates>
</Point>
</Placemark>
<Placemark>
<name>5800</name>
<Point>
<coordinates>16.120020,44.817490</coordinates>
</Point>
</Placemark>
<Placemark>
<name>5801</name>
<Point>
<coordinates>16.120020,44.817490</coordinates>
</Point>
</Placemark>
<Placemark>
<name>5802</name>
<Point>
<coordinates>16.120020,44.817490</coordinates>
</Point>
</Placemark>
<Placemark>
<name>5803</name>
<Point>
<coordinates>16.120020,44.817490</coordinates>
</Point>
</Placemark>
<Placemark>
<name>5804</name>
<Point>
<coordinates>16.120020,44.817490</coordinates>
</Point>
</Placemark>
<Placemark>
<name>5793</name>
<Point>
<coordinates>16.120020,44.817490</coordinates>
</Point>
</Placemark>
<Placemark>
<name>5794</name>
<Point>
<coordinates>16.120020,44.817490</coordinates>
</Point>
</Placemark>
<Placemark>
<name>5795</name>
<Point>
<coordinates>16.120020,44.817490</coordinates>
</Point>
</Placemark>
<Placemark>
<name>5796</name>
<Point>
<coordinates>16.120020,44.817490</coordinates>
</Point>
</Placemark>
<Placemark>
<name>5797</name>
<Point>
<coordinates>16.120020,44.817490</coordinates>
</Point>
</Placemark>
<Placemark>
<name>5798</name>
<Point>
<coordinates>16.120020,44.817490</coordinates>
</Point>
</Placemark>
<Placemark>
<name>5787</name>
<Point>
<coordinates>16.119937,44.817550</coordinates>
</Point>
</Placemark>
<Placemark>
<name>5788</name>
<Point>
<coordinates>16.119937,44.817550</coordinates>
</Point>
</Placemark>
<Placemark>
<name>5789</name>
<Point>
<coordinates>16.119937,44.817550</coordinates>
</Point>
</Placemark>
<Placemark>
<name>5790</name>
<Point>
<coordinates>16.120042,44.817510</coordinates>
</Point>
</Placemark>
<Placemark>
<name>5791</name>
<Point>
<coordinates>16.120020,44.817490</coordinates>
</Point>
</Placemark>
<Placemark>
<name>5792</name>
<Point>
<coordinates>16.120020,44.817490</coordinates>
</Point>
</Placemark>
<Placemark>
<name>5781</name>
<Point>
<coordinates>16.119503,44.817642</coordinates>
</Point>
</Placemark>
<Placemark>
<name>5782</name>
<Point>
<coordinates>16.119503,44.817642</coordinates>
</Point>
</Placemark>
<Placemark>
<name>5783</name>
<Point>
<coordinates>16.119622,44.817655</coordinates>
</Point>
</Placemark>
<Placemark>
<name>5784</name>
<Point>
<coordinates>16.119857,44.817605</coordinates>
</Point>
</Placemark>
<Placemark>
<name>5785</name>
<Point>
<coordinates>16.119857,44.817605</coordinates>
</Point>
</Placemark>
<Placemark>
<name>5786</name>
<Point>
<coordinates>16.119942,44.817558</coordinates>
</Point>
</Placemark>
<Placemark>
<name>5775</name>
<Point>
<coordinates>16.117495,44.818582</coordinates>
</Point>
</Placemark>
<Placemark>
<name>5776</name>
<Point>
<coordinates>16.117495,44.818582</coordinates>
</Point>
</Placemark>
<Placemark>
<name>5777</name>
<Point>
<coordinates>16.117495,44.818582</coordinates>
</Point>
</Placemark>
<Placemark>
<name>6500</name>
<Point>
<coordinates>16.114487,44.816093</coordinates>
</Point>
</Placemark>
<Placemark>
<name>6489</name>
<Point>
<coordinates>16.115788,44.815668</coordinates>
</Point>
</Placemark>
<Placemark>
<name>6490</name>
<Point>
<coordinates>16.115788,44.815668</coordinates>
</Point>
</Placemark>
<Placemark>
<name>6491</name>
<Point>
<coordinates>16.115023,44.816065</coordinates>
</Point>
</Placemark>
<Placemark>
<name>6492</name>
<Point>
<coordinates>16.115012,44.816057</coordinates>
</Point>
</Placemark>
<Placemark>
<name>6493</name>
<Point>
<coordinates>16.114917,44.816045</coordinates>
</Point>
</Placemark>
<Placemark>
<name>6494</name>
<Point>
<coordinates>16.114917,44.816045</coordinates>
</Point>
</Placemark>
<Placemark>
<name>6483</name>
<Point>
<coordinates>16.115788,44.815668</coordinates>
</Point>
</Placemark>
<Placemark>
<name>6484</name>
<Point>
<coordinates>16.115788,44.815668</coordinates>
</Point>
</Placemark>
<Placemark>
<name>6485</name>
<Point>
<coordinates>16.115788,44.815668</coordinates>
</Point>
</Placemark>
<Placemark>
<name>6486</name>
<Point>
<coordinates>16.115788,44.815668</coordinates>
</Point>
</Placemark>
<Placemark>
<name>6487</name>
<Point>
<coordinates>16.115788,44.815668</coordinates>
</Point>
</Placemark>
<Placemark>
<name>6488</name>
<Point>
<coordinates>16.115788,44.815668</coordinates>
</Point>
</Placemark>
<Placemark>
<name>6477</name>
<Point>
<coordinates>16.116418,44.815747</coordinates>
</Point>
</Placemark>
<Placemark>
<name>6478</name>
<Point>
<coordinates>16.116198,44.815660</coordinates>
</Point>
</Placemark>
<Placemark>
<name>6479</name>
<Point>
<coordinates>16.115788,44.815668</coordinates>
</Point>
</Placemark>
<Placemark>
<name>6480</name>
<Point>
<coordinates>16.115788,44.815668</coordinates>
</Point>
</Placemark>
<Placemark>
<name>6481</name>
<Point>
<coordinates>16.115788,44.815668</coordinates>
</Point>
</Placemark>
<Placemark>
<name>6482</name>
<Point>
<coordinates>16.115788,44.815668</coordinates>
</Point>
</Placemark>
<Placemark>
<name>6474</name>
<Point>
<coordinates>16.116835,44.815875</coordinates>
</Point>
</Placemark>
<Placemark>
<name>6475</name>
<Point>
<coordinates>16.116693,44.815875</coordinates>
</Point>
</Placemark>
<Placemark>
<name>6476</name>
<Point>
<coordinates>16.116693,44.815875</coordinates>
</Point>
</Placemark>
<Placemark>
<name>5778</name>
<Point>
<coordinates>16.117495,44.818582</coordinates>
</Point>
</Placemark>
<Placemark>
<name>5779</name>
<Point>
<coordinates>16.117495,44.818582</coordinates>
</Point>
</Placemark>
<Placemark>
<name>5780</name>
<Point>
<coordinates>16.119403,44.817662</coordinates>
</Point>
</Placemark>
<Placemark>
<name>5769</name>
<Point>
<coordinates>16.117495,44.818582</coordinates>
</Point>
</Placemark>
<Placemark>
<name>5770</name>
<Point>
<coordinates>16.117495,44.818582</coordinates>
</Point>
</Placemark>
<Placemark>
<name>5771</name>
<Point>
<coordinates>16.117495,44.818582</coordinates>
</Point>
</Placemark>
<Placemark>
<name>5772</name>
<Point>
<coordinates>16.117495,44.818582</coordinates>
</Point>
</Placemark>
<Placemark>
<name>5773</name>
<Point>
<coordinates>16.117495,44.818582</coordinates>
</Point>
</Placemark>
<Placemark>
<name>5774</name>
<Point>
<coordinates>16.117495,44.818582</coordinates>
</Point>
</Placemark>
<Placemark>
<name>5763</name>
<Point>
<coordinates>16.117495,44.818582</coordinates>
</Point>
</Placemark>
<Placemark>
<name>5764</name>
<Point>
<coordinates>16.117495,44.818582</coordinates>
</Point>
</Placemark>
<Placemark>
<name>5765</name>
<Point>
<coordinates>16.117495,44.818582</coordinates>
</Point>
</Placemark>
<Placemark>
<name>5766</name>
<Point>
<coordinates>16.117495,44.818582</coordinates>
</Point>
</Placemark>
<Placemark>
<name>5767</name>
<Point>
<coordinates>16.117495,44.818582</coordinates>
</Point>
</Placemark>
<Placemark>
<name>5768</name>
<Point>
<coordinates>16.117495,44.818582</coordinates>
</Point>
</Placemark>
<Placemark>
<name>5757</name>
<Point>
<coordinates>16.117495,44.818582</coordinates>
</Point>
</Placemark>
<Placemark>
<name>5758</name>
<Point>
<coordinates>16.117495,44.818582</coordinates>
</Point>
</Placemark>
<Placemark>
<name>5759</name>
<Point>
<coordinates>16.117495,44.818582</coordinates>
</Point>
</Placemark>
<Placemark>
<name>5760</name>
<Point>
<coordinates>16.117495,44.818582</coordinates>
</Point>
</Placemark>
<Placemark>
<name>5761</name>
<Point>
<coordinates>16.117495,44.818582</coordinates>
</Point>
</Placemark>
<Placemark>
<name>5762</name>
<Point>
<coordinates>16.117495,44.818582</coordinates>
</Point>
</Placemark>
<Placemark>
<name>5751</name>
<Point>
<coordinates>16.117495,44.818582</coordinates>
</Point>
</Placemark>
<Placemark>
<name>5752</name>
<Point>
<coordinates>16.117495,44.818582</coordinates>
</Point>
</Placemark>
<Placemark>
<name>5753</name>
<Point>
<coordinates>16.117495,44.818582</coordinates>
</Point>
</Placemark>
<Placemark>
<name>5754</name>
<Point>
<coordinates>16.117495,44.818582</coordinates>
</Point>
</Placemark>
<Placemark>
<name>5755</name>
<Point>
<coordinates>16.117495,44.818582</coordinates>
</Point>
</Placemark>
<Placemark>
<name>5756</name>
<Point>
<coordinates>16.117495,44.818582</coordinates>
</Point>
</Placemark>
<Placemark>
<name>5745</name>
<Point>
<coordinates>16.117503,44.818475</coordinates>
</Point>
</Placemark>
<Placemark>
<name>5746</name>
<Point>
<coordinates>16.117502,44.818568</coordinates>
</Point>
</Placemark>
<Placemark>
<name>5747</name>
<Point>
<coordinates>16.117502,44.818568</coordinates>
</Point>
</Placemark>
<Placemark>
<name>5748</name>
<Point>
<coordinates>16.117490,44.818557</coordinates>
</Point>
</Placemark>
<Placemark>
<name>5749</name>
<Point>
<coordinates>16.117495,44.818582</coordinates>
</Point>
</Placemark>
<Placemark>
<name>5750</name>
<Point>
<coordinates>16.117495,44.818582</coordinates>
</Point>
</Placemark>
<Placemark>
<name>5739</name>
<Point>
<coordinates>16.116920,44.818600</coordinates>
</Point>
</Placemark>
<Placemark>
<name>5740</name>
<Point>
<coordinates>16.116937,44.818593</coordinates>
</Point>
</Placemark>
<Placemark>
<name>5741</name>
<Point>
<coordinates>16.117018,44.818522</coordinates>
</Point>
</Placemark>
<Placemark>
<name>5742</name>
<Point>
<coordinates>16.117157,44.818488</coordinates>
</Point>
</Placemark>
<Placemark>
<name>5743</name>
<Point>
<coordinates>16.117360,44.818440</coordinates>
</Point>
</Placemark>
<Placemark>
<name>5744</name>
<Point>
<coordinates>16.117343,44.818452</coordinates>
</Point>
</Placemark>
<Placemark>
<name>5733</name>
<Point>
<coordinates>16.116625,44.818732</coordinates>
</Point>
</Placemark>
<Placemark>
<name>5734</name>
<Point>
<coordinates>16.116625,44.818732</coordinates>
</Point>
</Placemark>
<Placemark>
<name>5735</name>
<Point>
<coordinates>16.116613,44.818678</coordinates>
</Point>
</Placemark>
<Placemark>
<name>5736</name>
<Point>
<coordinates>16.116613,44.818678</coordinates>
</Point>
</Placemark>
<Placemark>
<name>5737</name>
<Point>
<coordinates>16.116737,44.818618</coordinates>
</Point>
</Placemark>
<Placemark>
<name>5738</name>
<Point>
<coordinates>16.116920,44.818548</coordinates>
</Point>
</Placemark>
<Placemark>
<name>5727</name>
<Point>
<coordinates>16.121108,44.818275</coordinates>
</Point>
</Placemark>
<Placemark>
<name>5728</name>
<Point>
<coordinates>16.121108,44.818275</coordinates>
</Point>
</Placemark>
<Placemark>
<name>5729</name>
<Point>
<coordinates>16.121108,44.818275</coordinates>
</Point>
</Placemark>
<Placemark>
<name>5730</name>
<Point>
<coordinates>16.116488,44.818808</coordinates>
</Point>
</Placemark>
<Placemark>
<name>5731</name>
<Point>
<coordinates>16.116488,44.818808</coordinates>
</Point>
</Placemark>
<Placemark>
<name>5732</name>
<Point>
<coordinates>16.116625,44.818732</coordinates>
</Point>
</Placemark>
<Placemark>
<name>5721</name>
<Point>
<coordinates>16.121108,44.818275</coordinates>
</Point>
</Placemark>
<Placemark>
<name>5722</name>
<Point>
<coordinates>16.121108,44.818275</coordinates>
</Point>
</Placemark>
<Placemark>
<name>5723</name>
<Point>
<coordinates>16.121108,44.818275</coordinates>
</Point>
</Placemark>
<Placemark>
<name>5724</name>
<Point>
<coordinates>16.121108,44.818275</coordinates>
</Point>
</Placemark>
<Placemark>
<name>5725</name>
<Point>
<coordinates>16.121108,44.818275</coordinates>
</Point>
</Placemark>
<Placemark>
<name>5726</name>
<Point>
<coordinates>16.121108,44.818275</coordinates>
</Point>
</Placemark>
<Placemark>
<name>5715</name>
<Point>
<coordinates>16.121108,44.818275</coordinates>
</Point>
</Placemark>
<Placemark>
<name>5716</name>
<Point>
<coordinates>16.121108,44.818275</coordinates>
</Point>
</Placemark>
<Placemark>
<name>5717</name>
<Point>
<coordinates>16.121108,44.818275</coordinates>
</Point>
</Placemark>
<Placemark>
<name>5718</name>
<Point>
<coordinates>16.121108,44.818275</coordinates>
</Point>
</Placemark>
<Placemark>
<name>5719</name>
<Point>
<coordinates>16.121108,44.818275</coordinates>
</Point>
</Placemark>
<Placemark>
<name>5720</name>
<Point>
<coordinates>16.121108,44.818275</coordinates>
</Point>
</Placemark>
<Placemark>
<name>5709</name>
<Point>
<coordinates>16.121108,44.818275</coordinates>
</Point>
</Placemark>
<Placemark>
<name>5710</name>
<Point>
<coordinates>16.121108,44.818275</coordinates>
</Point>
</Placemark>
<Placemark>
<name>5711</name>
<Point>
<coordinates>16.121108,44.818275</coordinates>
</Point>
</Placemark>
<Placemark>
<name>5712</name>
<Point>
<coordinates>16.121108,44.818275</coordinates>
</Point>
</Placemark>
<Placemark>
<name>5713</name>
<Point>
<coordinates>16.121108,44.818275</coordinates>
</Point>
</Placemark>
<Placemark>
<name>5714</name>
<Point>
<coordinates>16.121108,44.818275</coordinates>
</Point>
</Placemark>
<Placemark>
<name>5703</name>
<Point>
<coordinates>16.121108,44.818275</coordinates>
</Point>
</Placemark>
<Placemark>
<name>5704</name>
<Point>
<coordinates>16.121108,44.818275</coordinates>
</Point>
</Placemark>
<Placemark>
<name>5705</name>
<Point>
<coordinates>16.121108,44.818275</coordinates>
</Point>
</Placemark>
<Placemark>
<name>5706</name>
<Point>
<coordinates>16.121108,44.818275</coordinates>
</Point>
</Placemark>
<Placemark>
<name>5707</name>
<Point>
<coordinates>16.121108,44.818275</coordinates>
</Point>
</Placemark>
<Placemark>
<name>5708</name>
<Point>
<coordinates>16.121108,44.818275</coordinates>
</Point>
</Placemark>
<Placemark>
<name>5697</name>
<Point>
<coordinates>16.121108,44.818275</coordinates>
</Point>
</Placemark>
<Placemark>
<name>5698</name>
<Point>
<coordinates>16.121108,44.818275</coordinates>
</Point>
</Placemark>
<Placemark>
<name>5699</name>
<Point>
<coordinates>16.121108,44.818275</coordinates>
</Point>
</Placemark>
<Placemark>
<name>5700</name>
<Point>
<coordinates>16.121108,44.818275</coordinates>
</Point>
</Placemark>
<Placemark>
<name>5701</name>
<Point>
<coordinates>16.121108,44.818275</coordinates>
</Point>
</Placemark>
<Placemark>
<name>5702</name>
<Point>
<coordinates>16.121108,44.818275</coordinates>
</Point>
</Placemark>
<Placemark>
<name>5691</name>
<Point>
<coordinates>16.121108,44.818275</coordinates>
</Point>
</Placemark>
<Placemark>
<name>5692</name>
<Point>
<coordinates>16.121108,44.818275</coordinates>
</Point>
</Placemark>
<Placemark>
<name>5693</name>
<Point>
<coordinates>16.121108,44.818275</coordinates>
</Point>
</Placemark>
<Placemark>
<name>5694</name>
<Point>
<coordinates>16.121108,44.818275</coordinates>
</Point>
</Placemark>
<Placemark>
<name>5695</name>
<Point>
<coordinates>16.121108,44.818275</coordinates>
</Point>
</Placemark>
<Placemark>
<name>5696</name>
<Point>
<coordinates>16.121108,44.818275</coordinates>
</Point>
</Placemark>
<Placemark>
<name>5685</name>
<Point>
<coordinates>16.121108,44.818275</coordinates>
</Point>
</Placemark>
<Placemark>
<name>5686</name>
<Point>
<coordinates>16.121108,44.818275</coordinates>
</Point>
</Placemark>
<Placemark>
<name>5687</name>
<Point>
<coordinates>16.121108,44.818275</coordinates>
</Point>
</Placemark>
<Placemark>
<name>5688</name>
<Point>
<coordinates>16.121108,44.818275</coordinates>
</Point>
</Placemark>
<Placemark>
<name>5689</name>
<Point>
<coordinates>16.121108,44.818275</coordinates>
</Point>
</Placemark>
<Placemark>
<name>5690</name>
<Point>
<coordinates>16.121108,44.818275</coordinates>
</Point>
</Placemark>
<Placemark>
<name>5679</name>
<Point>
<coordinates>16.121108,44.818275</coordinates>
</Point>
</Placemark>
<Placemark>
<name>5680</name>
<Point>
<coordinates>16.121108,44.818275</coordinates>
</Point>
</Placemark>
<Placemark>
<name>5681</name>
<Point>
<coordinates>16.121108,44.818275</coordinates>
</Point>
</Placemark>
<Placemark>
<name>5682</name>
<Point>
<coordinates>16.121108,44.818275</coordinates>
</Point>
</Placemark>
<Placemark>
<name>5683</name>
<Point>
<coordinates>16.121108,44.818275</coordinates>
</Point>
</Placemark>
<Placemark>
<name>5684</name>
<Point>
<coordinates>16.121108,44.818275</coordinates>
</Point>
</Placemark>
<Placemark>
<name>5673</name>
<Point>
<coordinates>16.121108,44.818275</coordinates>
</Point>
</Placemark>
<Placemark>
<name>5674</name>
<Point>
<coordinates>16.121108,44.818275</coordinates>
</Point>
</Placemark>
<Placemark>
<name>5675</name>
<Point>
<coordinates>16.121108,44.818275</coordinates>
</Point>
</Placemark>
<Placemark>
<name>5676</name>
<Point>
<coordinates>16.121108,44.818275</coordinates>
</Point>
</Placemark>
<Placemark>
<name>5677</name>
<Point>
<coordinates>16.121108,44.818275</coordinates>
</Point>
</Placemark>
<Placemark>
<name>5678</name>
<Point>
<coordinates>16.121108,44.818275</coordinates>
</Point>
</Placemark>
<Placemark>
<name>5667</name>
<Point>
<coordinates>16.121108,44.818275</coordinates>
</Point>
</Placemark>
<Placemark>
<name>5668</name>
<Point>
<coordinates>16.121108,44.818275</coordinates>
</Point>
</Placemark>
<Placemark>
<name>5669</name>
<Point>
<coordinates>16.121108,44.818275</coordinates>
</Point>
</Placemark>
<Placemark>
<name>5670</name>
<Point>
<coordinates>16.121108,44.818275</coordinates>
</Point>
</Placemark>
<Placemark>
<name>5671</name>
<Point>
<coordinates>16.121108,44.818275</coordinates>
</Point>
</Placemark>
<Placemark>
<name>5672</name>
<Point>
<coordinates>16.121108,44.818275</coordinates>
</Point>
</Placemark>
<Placemark>
<name>5661</name>
<Point>
<coordinates>16.121108,44.818275</coordinates>
</Point>
</Placemark>
<Placemark>
<name>5662</name>
<Point>
<coordinates>16.121108,44.818275</coordinates>
</Point>
</Placemark>
<Placemark>
<name>5663</name>
<Point>
<coordinates>16.121108,44.818275</coordinates>
</Point>
</Placemark>
<Placemark>
<name>5664</name>
<Point>
<coordinates>16.121108,44.818275</coordinates>
</Point>
</Placemark>
<Placemark>
<name>5665</name>
<Point>
<coordinates>16.121108,44.818275</coordinates>
</Point>
</Placemark>
<Placemark>
<name>5666</name>
<Point>
<coordinates>16.121108,44.818275</coordinates>
</Point>
</Placemark>
<Placemark>
<name>5655</name>
<Point>
<coordinates>16.124138,44.817970</coordinates>
</Point>
</Placemark>
<Placemark>
<name>5656</name>
<Point>
<coordinates>16.124138,44.817970</coordinates>
</Point>
</Placemark>
<Placemark>
<name>5657</name>
<Point>
<coordinates>16.124138,44.817970</coordinates>
</Point>
</Placemark>
<Placemark>
<name>5658</name>
<Point>
<coordinates>16.124138,44.817970</coordinates>
</Point>
</Placemark>
<Placemark>
<name>5659</name>
<Point>
<coordinates>16.124138,44.817970</coordinates>
</Point>
</Placemark>
<Placemark>
<name>5660</name>
<Point>
<coordinates>16.124138,44.817970</coordinates>
</Point>
</Placemark>
<Placemark>
<name>5649</name>
<Point>
<coordinates>16.124138,44.817970</coordinates>
</Point>
</Placemark>
<Placemark>
<name>5650</name>
<Point>
<coordinates>16.124138,44.817970</coordinates>
</Point>
</Placemark>
<Placemark>
<name>5651</name>
<Point>
<coordinates>16.124138,44.817970</coordinates>
</Point>
</Placemark>
<Placemark>
<name>5652</name>
<Point>
<coordinates>16.124138,44.817970</coordinates>
</Point>
</Placemark>
<Placemark>
<name>5653</name>
<Point>
<coordinates>16.124138,44.817970</coordinates>
</Point>
</Placemark>
<Placemark>
<name>5654</name>
<Point>
<coordinates>16.124138,44.817970</coordinates>
</Point>
</Placemark>
<Placemark>
<name>5643</name>
<Point>
<coordinates>16.124138,44.817970</coordinates>
</Point>
</Placemark>
<Placemark>
<name>5644</name>
<Point>
<coordinates>16.124138,44.817970</coordinates>
</Point>
</Placemark>
<Placemark>
<name>5645</name>
<Point>
<coordinates>16.124138,44.817970</coordinates>
</Point>
</Placemark>
<Placemark>
<name>5646</name>
<Point>
<coordinates>16.124138,44.817970</coordinates>
</Point>
</Placemark>
<Placemark>
<name>5647</name>
<Point>
<coordinates>16.124138,44.817970</coordinates>
</Point>
</Placemark>
<Placemark>
<name>5648</name>
<Point>
<coordinates>16.124138,44.817970</coordinates>
</Point>
</Placemark>
<Placemark>
<name>5637</name>
<Point>
<coordinates>16.124138,44.817970</coordinates>
</Point>
</Placemark>
<Placemark>
<name>5638</name>
<Point>
<coordinates>16.124138,44.817970</coordinates>
</Point>
</Placemark>
<Placemark>
<name>5639</name>
<Point>
<coordinates>16.124138,44.817970</coordinates>
</Point>
</Placemark>
<Placemark>
<name>5640</name>
<Point>
<coordinates>16.124138,44.817970</coordinates>
</Point>
</Placemark>
<Placemark>
<name>5641</name>
<Point>
<coordinates>16.124138,44.817970</coordinates>
</Point>
</Placemark>
<Placemark>
<name>5642</name>
<Point>
<coordinates>16.124138,44.817970</coordinates>
</Point>
</Placemark>
<Placemark>
<name>5631</name>
<Point>
<coordinates>16.124138,44.817970</coordinates>
</Point>
</Placemark>
<Placemark>
<name>5632</name>
<Point>
<coordinates>16.124138,44.817970</coordinates>
</Point>
</Placemark>
<Placemark>
<name>5633</name>
<Point>
<coordinates>16.124138,44.817970</coordinates>
</Point>
</Placemark>
<Placemark>
<name>5634</name>
<Point>
<coordinates>16.124138,44.817970</coordinates>
</Point>
</Placemark>
<Placemark>
<name>5635</name>
<Point>
<coordinates>16.124138,44.817970</coordinates>
</Point>
</Placemark>
<Placemark>
<name>5636</name>
<Point>
<coordinates>16.124138,44.817970</coordinates>
</Point>
</Placemark>
<Placemark>
<name>5625</name>
<Point>
<coordinates>16.124138,44.817970</coordinates>
</Point>
</Placemark>
<Placemark>
<name>5626</name>
<Point>
<coordinates>16.124138,44.817970</coordinates>
</Point>
</Placemark>
<Placemark>
<name>5627</name>
<Point>
<coordinates>16.124138,44.817970</coordinates>
</Point>
</Placemark>
<Placemark>
<name>5628</name>
<Point>
<coordinates>16.124138,44.817970</coordinates>
</Point>
</Placemark>
<Placemark>
<name>5629</name>
<Point>
<coordinates>16.124138,44.817970</coordinates>
</Point>
</Placemark>
<Placemark>
<name>5630</name>
<Point>
<coordinates>16.124138,44.817970</coordinates>
</Point>
</Placemark>
<Placemark>
<name>5619</name>
<Point>
<coordinates>16.124138,44.817970</coordinates>
</Point>
</Placemark>
<Placemark>
<name>5620</name>
<Point>
<coordinates>16.124138,44.817970</coordinates>
</Point>
</Placemark>
<Placemark>
<name>5621</name>
<Point>
<coordinates>16.124138,44.817970</coordinates>
</Point>
</Placemark>
<Placemark>
<name>5622</name>
<Point>
<coordinates>16.124138,44.817970</coordinates>
</Point>
</Placemark>
<Placemark>
<name>5623</name>
<Point>
<coordinates>16.124138,44.817970</coordinates>
</Point>
</Placemark>
<Placemark>
<name>5624</name>
<Point>
<coordinates>16.124138,44.817970</coordinates>
</Point>
</Placemark>
<Placemark>
<name>5613</name>
<Point>
<coordinates>16.124138,44.817970</coordinates>
</Point>
</Placemark>
<Placemark>
<name>5614</name>
<Point>
<coordinates>16.124138,44.817970</coordinates>
</Point>
</Placemark>
<Placemark>
<name>5615</name>
<Point>
<coordinates>16.124138,44.817970</coordinates>
</Point>
</Placemark>
<Placemark>
<name>5616</name>
<Point>
<coordinates>16.124138,44.817970</coordinates>
</Point>
</Placemark>
<Placemark>
<name>5617</name>
<Point>
<coordinates>16.124138,44.817970</coordinates>
</Point>
</Placemark>
<Placemark>
<name>5618</name>
<Point>
<coordinates>16.124138,44.817970</coordinates>
</Point>
</Placemark>
<Placemark>
<name>5607</name>
<Point>
<coordinates>16.125790,44.820160</coordinates>
</Point>
</Placemark>
<Placemark>
<name>5608</name>
<Point>
<coordinates>16.124138,44.817970</coordinates>
</Point>
</Placemark>
<Placemark>
<name>5609</name>
<Point>
<coordinates>16.124138,44.817970</coordinates>
</Point>
</Placemark>
<Placemark>
<name>5610</name>
<Point>
<coordinates>16.124138,44.817970</coordinates>
</Point>
</Placemark>
<Placemark>
<name>5611</name>
<Point>
<coordinates>16.124138,44.817970</coordinates>
</Point>
</Placemark>
<Placemark>
<name>5612</name>
<Point>
<coordinates>16.124138,44.817970</coordinates>
</Point>
</Placemark>
<Placemark>
<name>5536</name>
<Point>
<coordinates>16.123802,44.817492</coordinates>
</Point>
</Placemark>
<Placemark>
<name>5537</name>
<Point>
<coordinates>16.123908,44.817760</coordinates>
</Point>
</Placemark>
<Placemark>
<name>5538</name>
<Point>
<coordinates>16.124098,44.817917</coordinates>
</Point>
</Placemark>
<Placemark>
<name>5539</name>
<Point>
<coordinates>16.124050,44.818035</coordinates>
</Point>
</Placemark>
<Placemark>
<name>5540</name>
<Point>
<coordinates>16.124082,44.818018</coordinates>
</Point>
</Placemark>
<Placemark>
<name>5530</name>
<Point>
<coordinates>16.122698,44.816752</coordinates>
</Point>
</Placemark>
<Placemark>
<name>5531</name>
<Point>
<coordinates>16.122775,44.816782</coordinates>
</Point>
</Placemark>
<Placemark>
<name>5532</name>
<Point>
<coordinates>16.122867,44.816647</coordinates>
</Point>
</Placemark>
<Placemark>
<name>5533</name>
<Point>
<coordinates>16.123248,44.816985</coordinates>
</Point>
</Placemark>
<Placemark>
<name>5534</name>
<Point>
<coordinates>16.123427,44.817170</coordinates>
</Point>
</Placemark>
<Placemark>
<name>5535</name>
<Point>
<coordinates>16.123745,44.817458</coordinates>
</Point>
</Placemark>
<Placemark>
<name>5524</name>
<Point>
<coordinates>16.122257,44.816892</coordinates>
</Point>
</Placemark>
<Placemark>
<name>5525</name>
<Point>
<coordinates>16.122540,44.816743</coordinates>
</Point>
</Placemark>
<Placemark>
<name>5526</name>
<Point>
<coordinates>16.122588,44.816717</coordinates>
</Point>
</Placemark>
<Placemark>
<name>5527</name>
<Point>
<coordinates>16.122623,44.816698</coordinates>
</Point>
</Placemark>
<Placemark>
<name>5528</name>
<Point>
<coordinates>16.122653,44.816637</coordinates>
</Point>
</Placemark>
<Placemark>
<name>5529</name>
<Point>
<coordinates>16.122703,44.816783</coordinates>
</Point>
</Placemark>
<Placemark>
<name>5518</name>
<Point>
<coordinates>16.121488,44.817310</coordinates>
</Point>
</Placemark>
<Placemark>
<name>5519</name>
<Point>
<coordinates>16.121812,44.817242</coordinates>
</Point>
</Placemark>
<Placemark>
<name>5520</name>
<Point>
<coordinates>16.121928,44.817152</coordinates>
</Point>
</Placemark>
<Placemark>
<name>5521</name>
<Point>
<coordinates>16.121970,44.817167</coordinates>
</Point>
</Placemark>
<Placemark>
<name>5522</name>
<Point>
<coordinates>16.121980,44.817082</coordinates>
</Point>
</Placemark>
<Placemark>
<name>5523</name>
<Point>
<coordinates>16.121980,44.817082</coordinates>
</Point>
</Placemark>
<Placemark>
<name>5512</name>
<Point>
<coordinates>16.121295,44.817407</coordinates>
</Point>
</Placemark>
<Placemark>
<name>5513</name>
<Point>
<coordinates>16.121295,44.817407</coordinates>
</Point>
</Placemark>
<Placemark>
<name>5514</name>
<Point>
<coordinates>16.121388,44.817343</coordinates>
</Point>
</Placemark>
<Placemark>
<name>5515</name>
<Point>
<coordinates>16.121402,44.817278</coordinates>
</Point>
</Placemark>
<Placemark>
<name>5516</name>
<Point>
<coordinates>16.121402,44.817278</coordinates>
</Point>
</Placemark>
<Placemark>
<name>5517</name>
<Point>
<coordinates>16.121488,44.817310</coordinates>
</Point>
</Placemark>
<Placemark>
<name>5506</name>
<Point>
<coordinates>16.120873,44.817505</coordinates>
</Point>
</Placemark>
<Placemark>
<name>5507</name>
<Point>
<coordinates>16.120743,44.817378</coordinates>
</Point>
</Placemark>
<Placemark>
<name>5508</name>
<Point>
<coordinates>16.120937,44.817418</coordinates>
</Point>
</Placemark>
<Placemark>
<name>5509</name>
<Point>
<coordinates>16.120885,44.817370</coordinates>
</Point>
</Placemark>
<Placemark>
<name>5510</name>
<Point>
<coordinates>16.121020,44.817378</coordinates>
</Point>
</Placemark>
<Placemark>
<name>5511</name>
<Point>
<coordinates>16.121185,44.817382</coordinates>
</Point>
</Placemark>
<Placemark>
<name>5500</name>
<Point>
<coordinates>16.120257,44.817890</coordinates>
</Point>
</Placemark>
<Placemark>
<name>5501</name>
<Point>
<coordinates>16.120403,44.817878</coordinates>
</Point>
</Placemark>
<Placemark>
<name>5502</name>
<Point>
<coordinates>16.120468,44.817768</coordinates>
</Point>
</Placemark>
<Placemark>
<name>5503</name>
<Point>
<coordinates>16.120637,44.817710</coordinates>
</Point>
</Placemark>
<Placemark>
<name>5504</name>
<Point>
<coordinates>16.120637,44.817710</coordinates>
</Point>
</Placemark>
<Placemark>
<name>5505</name>
<Point>
<coordinates>16.120708,44.817647</coordinates>
</Point>
</Placemark>
<Placemark>
<name>5494</name>
<Point>
<coordinates>16.119802,44.818048</coordinates>
</Point>
</Placemark>
<Placemark>
<name>5495</name>
<Point>
<coordinates>16.119918,44.818025</coordinates>
</Point>
</Placemark>
<Placemark>
<name>5496</name>
<Point>
<coordinates>16.120035,44.817895</coordinates>
</Point>
</Placemark>
<Placemark>
<name>5497</name>
<Point>
<coordinates>16.120068,44.817843</coordinates>
</Point>
</Placemark>
<Placemark>
<name>5498</name>
<Point>
<coordinates>16.120208,44.817823</coordinates>
</Point>
</Placemark>
<Placemark>
<name>5499</name>
<Point>
<coordinates>16.120208,44.817823</coordinates>
</Point>
</Placemark>
<Placemark>
<name>5488</name>
<Point>
<coordinates>16.119638,44.817903</coordinates>
</Point>
</Placemark>
<Placemark>
<name>5489</name>
<Point>
<coordinates>16.119822,44.817840</coordinates>
</Point>
</Placemark>
<Placemark>
<name>5490</name>
<Point>
<coordinates>16.119780,44.817840</coordinates>
</Point>
</Placemark>
<Placemark>
<name>5491</name>
<Point>
<coordinates>16.119700,44.817950</coordinates>
</Point>
</Placemark>
<Placemark>
<name>5492</name>
<Point>
<coordinates>16.119733,44.818002</coordinates>
</Point>
</Placemark>
<Placemark>
<name>5493</name>
<Point>
<coordinates>16.119757,44.817990</coordinates>
</Point>
</Placemark>
<Placemark>
<name>5482</name>
<Point>
<coordinates>16.119508,44.818103</coordinates>
</Point>
</Placemark>
<Placemark>
<name>5483</name>
<Point>
<coordinates>16.119478,44.818028</coordinates>
</Point>
</Placemark>
<Placemark>
<name>5484</name>
<Point>
<coordinates>16.119488,44.818003</coordinates>
</Point>
</Placemark>
<Placemark>
<name>5485</name>
<Point>
<coordinates>16.119493,44.818015</coordinates>
</Point>
</Placemark>
<Placemark>
<name>5486</name>
<Point>
<coordinates>16.119455,44.817898</coordinates>
</Point>
</Placemark>
<Placemark>
<name>5487</name>
<Point>
<coordinates>16.119618,44.817845</coordinates>
</Point>
</Placemark>
<Placemark>
<name>5476</name>
<Point>
<coordinates>16.118948,44.818205</coordinates>
</Point>
</Placemark>
<Placemark>
<name>5477</name>
<Point>
<coordinates>16.118953,44.818197</coordinates>
</Point>
</Placemark>
<Placemark>
<name>5478</name>
<Point>
<coordinates>16.118953,44.818197</coordinates>
</Point>
</Placemark>
<Placemark>
<name>5479</name>
<Point>
<coordinates>16.119188,44.818307</coordinates>
</Point>
</Placemark>
<Placemark>
<name>5480</name>
<Point>
<coordinates>16.119285,44.818233</coordinates>
</Point>
</Placemark>
<Placemark>
<name>5481</name>
<Point>
<coordinates>16.119407,44.818215</coordinates>
</Point>
</Placemark>
<Placemark>
<name>5470</name>
<Point>
<coordinates>16.118810,44.818335</coordinates>
</Point>
</Placemark>
<Placemark>
<name>5471</name>
<Point>
<coordinates>16.118832,44.818342</coordinates>
</Point>
</Placemark>
<Placemark>
<name>5472</name>
<Point>
<coordinates>16.118832,44.818342</coordinates>
</Point>
</Placemark>
<Placemark>
<name>5473</name>
<Point>
<coordinates>16.118888,44.818337</coordinates>
</Point>
</Placemark>
<Placemark>
<name>5474</name>
<Point>
<coordinates>16.118847,44.818305</coordinates>
</Point>
</Placemark>
<Placemark>
<name>5475</name>
<Point>
<coordinates>16.118968,44.818262</coordinates>
</Point>
</Placemark>
<Placemark>
<name>5464</name>
<Point>
<coordinates>16.118433,44.818433</coordinates>
</Point>
</Placemark>
<Placemark>
<name>5465</name>
<Point>
<coordinates>16.118440,44.818422</coordinates>
</Point>
</Placemark>
<Placemark>
<name>5466</name>
<Point>
<coordinates>16.118535,44.818340</coordinates>
</Point>
</Placemark>
<Placemark>
<name>5467</name>
<Point>
<coordinates>16.118552,44.818342</coordinates>
</Point>
</Placemark>
<Placemark>
<name>5468</name>
<Point>
<coordinates>16.118700,44.818278</coordinates>
</Point>
</Placemark>
<Placemark>
<name>5469</name>
<Point>
<coordinates>16.118700,44.818278</coordinates>
</Point>
</Placemark>
<Placemark>
<name>5458</name>
<Point>
<coordinates>16.118063,44.818558</coordinates>
</Point>
</Placemark>
<Placemark>
<name>5459</name>
<Point>
<coordinates>16.118040,44.818572</coordinates>
</Point>
</Placemark>
<Placemark>
<name>5460</name>
<Point>
<coordinates>16.118110,44.818480</coordinates>
</Point>
</Placemark>
<Placemark>
<name>5461</name>
<Point>
<coordinates>16.118190,44.818520</coordinates>
</Point>
</Placemark>
<Placemark>
<name>5462</name>
<Point>
<coordinates>16.118300,44.818432</coordinates>
</Point>
</Placemark>
<Placemark>
<name>5463</name>
<Point>
<coordinates>16.118300,44.818432</coordinates>
</Point>
</Placemark>
<Placemark>
<name>5452</name>
<Point>
<coordinates>16.117305,44.818717</coordinates>
</Point>
</Placemark>
<Placemark>
<name>5453</name>
<Point>
<coordinates>16.117578,44.818655</coordinates>
</Point>
</Placemark>
<Placemark>
<name>5454</name>
<Point>
<coordinates>16.117690,44.818675</coordinates>
</Point>
</Placemark>
<Placemark>
<name>5455</name>
<Point>
<coordinates>16.117907,44.818668</coordinates>
</Point>
</Placemark>
<Placemark>
<name>5456</name>
<Point>
<coordinates>16.117957,44.818623</coordinates>
</Point>
</Placemark>
<Placemark>
<name>5457</name>
<Point>
<coordinates>16.117957,44.818623</coordinates>
</Point>
</Placemark>
<Placemark>
<name>5446</name>
<Point>
<coordinates>16.117118,44.818745</coordinates>
</Point>
</Placemark>
<Placemark>
<name>5447</name>
<Point>
<coordinates>16.117050,44.818805</coordinates>
</Point>
</Placemark>
<Placemark>
<name>5448</name>
<Point>
<coordinates>16.117175,44.818798</coordinates>
</Point>
</Placemark>
<Placemark>
<name>5449</name>
<Point>
<coordinates>16.117218,44.818778</coordinates>
</Point>
</Placemark>
<Placemark>
<name>5450</name>
<Point>
<coordinates>16.117255,44.818685</coordinates>
</Point>
</Placemark>
<Placemark>
<name>5451</name>
<Point>
<coordinates>16.117365,44.818687</coordinates>
</Point>
</Placemark>
<Placemark>
<name>5440</name>
<Point>
<coordinates>16.116502,44.818997</coordinates>
</Point>
</Placemark>
<Placemark>
<name>5441</name>
<Point>
<coordinates>16.116500,44.819082</coordinates>
</Point>
</Placemark>
<Placemark>
<name>5442</name>
<Point>
<coordinates>16.116500,44.819082</coordinates>
</Point>
</Placemark>
<Placemark>
<name>5443</name>
<Point>
<coordinates>16.116500,44.819082</coordinates>
</Point>
</Placemark>
<Placemark>
<name>5444</name>
<Point>
<coordinates>16.116500,44.819082</coordinates>
</Point>
</Placemark>
<Placemark>
<name>5445</name>
<Point>
<coordinates>16.116500,44.819082</coordinates>
</Point>
</Placemark>
<Placemark>
<name>5434</name>
<Point>
<coordinates>16.116652,44.819110</coordinates>
</Point>
</Placemark>
<Placemark>
<name>5435</name>
<Point>
<coordinates>16.116603,44.819198</coordinates>
</Point>
</Placemark>
<Placemark>
<name>5436</name>
<Point>
<coordinates>16.116587,44.819192</coordinates>
</Point>
</Placemark>
<Placemark>
<name>5437</name>
<Point>
<coordinates>16.116477,44.819078</coordinates>
</Point>
</Placemark>
<Placemark>
<name>5438</name>
<Point>
<coordinates>16.116487,44.819035</coordinates>
</Point>
</Placemark>
<Placemark>
<name>5439</name>
<Point>
<coordinates>16.116487,44.819035</coordinates>
</Point>
</Placemark>
<Placemark>
<name>5428</name>
<Point>
<coordinates>16.117118,44.819037</coordinates>
</Point>
</Placemark>
<Placemark>
<name>5429</name>
<Point>
<coordinates>16.117118,44.819037</coordinates>
</Point>
</Placemark>
<Placemark>
<name>5430</name>
<Point>
<coordinates>16.116910,44.819027</coordinates>
</Point>
</Placemark>
<Placemark>
<name>5431</name>
<Point>
<coordinates>16.116865,44.819042</coordinates>
</Point>
</Placemark>
<Placemark>
<name>5432</name>
<Point>
<coordinates>16.116738,44.819062</coordinates>
</Point>
</Placemark>
<Placemark>
<name>5433</name>
<Point>
<coordinates>16.116652,44.819110</coordinates>
</Point>
</Placemark>
<Placemark>
<name>5422</name>
<Point>
<coordinates>16.117482,44.819035</coordinates>
</Point>
</Placemark>
<Placemark>
<name>5423</name>
<Point>
<coordinates>16.117443,44.818978</coordinates>
</Point>
</Placemark>
<Placemark>
<name>5424</name>
<Point>
<coordinates>16.117520,44.818840</coordinates>
</Point>
</Placemark>
<Placemark>
<name>5425</name>
<Point>
<coordinates>16.117520,44.818840</coordinates>
</Point>
</Placemark>
<Placemark>
<name>5426</name>
<Point>
<coordinates>16.117332,44.818982</coordinates>
</Point>
</Placemark>
<Placemark>
<name>5427</name>
<Point>
<coordinates>16.117180,44.818982</coordinates>
</Point>
</Placemark>
<Placemark>
<name>5416</name>
<Point>
<coordinates>16.117757,44.818853</coordinates>
</Point>
</Placemark>
<Placemark>
<name>5417</name>
<Point>
<coordinates>16.117760,44.818843</coordinates>
</Point>
</Placemark>
<Placemark>
<name>5418</name>
<Point>
<coordinates>16.117738,44.818923</coordinates>
</Point>
</Placemark>
<Placemark>
<name>5419</name>
<Point>
<coordinates>16.117750,44.818912</coordinates>
</Point>
</Placemark>
<Placemark>
<name>5420</name>
<Point>
<coordinates>16.117623,44.818978</coordinates>
</Point>
</Placemark>
<Placemark>
<name>5421</name>
<Point>
<coordinates>16.117567,44.818985</coordinates>
</Point>
</Placemark>
<Placemark>
<name>5410</name>
<Point>
<coordinates>16.118125,44.818827</coordinates>
</Point>
</Placemark>
<Placemark>
<name>5411</name>
<Point>
<coordinates>16.118125,44.818827</coordinates>
</Point>
</Placemark>
<Placemark>
<name>5412</name>
<Point>
<coordinates>16.117962,44.818832</coordinates>
</Point>
</Placemark>
<Placemark>
<name>5413</name>
<Point>
<coordinates>16.117955,44.818840</coordinates>
</Point>
</Placemark>
<Placemark>
<name>5414</name>
<Point>
<coordinates>16.117883,44.818895</coordinates>
</Point>
</Placemark>
<Placemark>
<name>5415</name>
<Point>
<coordinates>16.117883,44.818895</coordinates>
</Point>
</Placemark>
<Placemark>
<name>5404</name>
<Point>
<coordinates>16.118398,44.818690</coordinates>
</Point>
</Placemark>
<Placemark>
<name>5405</name>
<Point>
<coordinates>16.118398,44.818690</coordinates>
</Point>
</Placemark>
<Placemark>
<name>5406</name>
<Point>
<coordinates>16.118255,44.818700</coordinates>
</Point>
</Placemark>
<Placemark>
<name>5407</name>
<Point>
<coordinates>16.118202,44.818675</coordinates>
</Point>
</Placemark>
<Placemark>
<name>5408</name>
<Point>
<coordinates>16.118257,44.818775</coordinates>
</Point>
</Placemark>
<Placemark>
<name>5409</name>
<Point>
<coordinates>16.118257,44.818775</coordinates>
</Point>
</Placemark>
<Placemark>
<name>5398</name>
<Point>
<coordinates>16.118813,44.818543</coordinates>
</Point>
</Placemark>
<Placemark>
<name>5399</name>
<Point>
<coordinates>16.118730,44.818502</coordinates>
</Point>
</Placemark>
<Placemark>
<name>5400</name>
<Point>
<coordinates>16.118730,44.818502</coordinates>
</Point>
</Placemark>
<Placemark>
<name>5401</name>
<Point>
<coordinates>16.118672,44.818630</coordinates>
</Point>
</Placemark>
<Placemark>
<name>5402</name>
<Point>
<coordinates>16.118672,44.818630</coordinates>
</Point>
</Placemark>
<Placemark>
<name>5403</name>
<Point>
<coordinates>16.118557,44.818665</coordinates>
</Point>
</Placemark>
<Placemark>
<name>5392</name>
<Point>
<coordinates>16.119337,44.818415</coordinates>
</Point>
</Placemark>
<Placemark>
<name>5393</name>
<Point>
<coordinates>16.119337,44.818415</coordinates>
</Point>
</Placemark>
<Placemark>
<name>5394</name>
<Point>
<coordinates>16.119248,44.818410</coordinates>
</Point>
</Placemark>
<Placemark>
<name>5395</name>
<Point>
<coordinates>16.119248,44.818410</coordinates>
</Point>
</Placemark>
<Placemark>
<name>5396</name>
<Point>
<coordinates>16.119032,44.818453</coordinates>
</Point>
</Placemark>
<Placemark>
<name>5397</name>
<Point>
<coordinates>16.119032,44.818453</coordinates>
</Point>
</Placemark>
<Placemark>
<name>5386</name>
<Point>
<coordinates>16.119932,44.818492</coordinates>
</Point>
</Placemark>
<Placemark>
<name>5387</name>
<Point>
<coordinates>16.119800,44.818477</coordinates>
</Point>
</Placemark>
<Placemark>
<name>5388</name>
<Point>
<coordinates>16.119817,44.818445</coordinates>
</Point>
</Placemark>
<Placemark>
<name>5389</name>
<Point>
<coordinates>16.119675,44.818303</coordinates>
</Point>
</Placemark>
<Placemark>
<name>5390</name>
<Point>
<coordinates>16.119675,44.818303</coordinates>
</Point>
</Placemark>
<Placemark>
<name>5391</name>
<Point>
<coordinates>16.119582,44.818383</coordinates>
</Point>
</Placemark>
<Placemark>
<name>5380</name>
<Point>
<coordinates>16.120268,44.818343</coordinates>
</Point>
</Placemark>
<Placemark>
<name>5381</name>
<Point>
<coordinates>16.120087,44.818207</coordinates>
</Point>
</Placemark>
<Placemark>
<name>5382</name>
<Point>
<coordinates>16.120087,44.818207</coordinates>
</Point>
</Placemark>
<Placemark>
<name>5383</name>
<Point>
<coordinates>16.120045,44.818358</coordinates>
</Point>
</Placemark>
<Placemark>
<name>5384</name>
<Point>
<coordinates>16.120082,44.818430</coordinates>
</Point>
</Placemark>
<Placemark>
<name>5385</name>
<Point>
<coordinates>16.120082,44.818430</coordinates>
</Point>
</Placemark>
<Placemark>
<name>5374</name>
<Point>
<coordinates>16.120377,44.818250</coordinates>
</Point>
</Placemark>
<Placemark>
<name>5375</name>
<Point>
<coordinates>16.120377,44.818250</coordinates>
</Point>
</Placemark>
<Placemark>
<name>5376</name>
<Point>
<coordinates>16.120377,44.818250</coordinates>
</Point>
</Placemark>
<Placemark>
<name>5377</name>
<Point>
<coordinates>16.120268,44.818343</coordinates>
</Point>
</Placemark>
<Placemark>
<name>5378</name>
<Point>
<coordinates>16.120268,44.818343</coordinates>
</Point>
</Placemark>
<Placemark>
<name>5379</name>
<Point>
<coordinates>16.120268,44.818343</coordinates>
</Point>
</Placemark>
<Placemark>
<name>5368</name>
<Point>
<coordinates>16.120643,44.818072</coordinates>
</Point>
</Placemark>
<Placemark>
<name>5369</name>
<Point>
<coordinates>16.120495,44.818128</coordinates>
</Point>
</Placemark>
<Placemark>
<name>5370</name>
<Point>
<coordinates>16.120495,44.818128</coordinates>
</Point>
</Placemark>
<Placemark>
<name>5371</name>
<Point>
<coordinates>16.120548,44.818170</coordinates>
</Point>
</Placemark>
<Placemark>
<name>5372</name>
<Point>
<coordinates>16.120548,44.818170</coordinates>
</Point>
</Placemark>
<Placemark>
<name>5373</name>
<Point>
<coordinates>16.120375,44.818265</coordinates>
</Point>
</Placemark>
<Placemark>
<name>5362</name>
<Point>
<coordinates>16.120292,44.818305</coordinates>
</Point>
</Placemark>
<Placemark>
<name>5363</name>
<Point>
<coordinates>16.120552,44.818280</coordinates>
</Point>
</Placemark>
<Placemark>
<name>5364</name>
<Point>
<coordinates>16.120593,44.818108</coordinates>
</Point>
</Placemark>
<Placemark>
<name>5365</name>
<Point>
<coordinates>16.120705,44.818028</coordinates>
</Point>
</Placemark>
<Placemark>
<name>5366</name>
<Point>
<coordinates>16.120705,44.818028</coordinates>
</Point>
</Placemark>
<Placemark>
<name>5367</name>
<Point>
<coordinates>16.120705,44.818028</coordinates>
</Point>
</Placemark>
<Placemark>
<name>5356</name>
<Point>
<coordinates>16.120977,44.818015</coordinates>
</Point>
</Placemark>
<Placemark>
<name>5357</name>
<Point>
<coordinates>16.120977,44.818015</coordinates>
</Point>
</Placemark>
<Placemark>
<name>5358</name>
<Point>
<coordinates>16.120877,44.818130</coordinates>
</Point>
</Placemark>
<Placemark>
<name>5359</name>
<Point>
<coordinates>16.120853,44.818152</coordinates>
</Point>
</Placemark>
<Placemark>
<name>5360</name>
<Point>
<coordinates>16.120853,44.818152</coordinates>
</Point>
</Placemark>
<Placemark>
<name>5361</name>
<Point>
<coordinates>16.120853,44.818152</coordinates>
</Point>
</Placemark>
<Placemark>
<name>5350</name>
<Point>
<coordinates>16.121247,44.817935</coordinates>
</Point>
</Placemark>
<Placemark>
<name>5351</name>
<Point>
<coordinates>16.121132,44.817948</coordinates>
</Point>
</Placemark>
<Placemark>
<name>5352</name>
<Point>
<coordinates>16.121092,44.817937</coordinates>
</Point>
</Placemark>
<Placemark>
<name>5353</name>
<Point>
<coordinates>16.121040,44.817930</coordinates>
</Point>
</Placemark>
<Placemark>
<name>5354</name>
<Point>
<coordinates>16.121027,44.817935</coordinates>
</Point>
</Placemark>
<Placemark>
<name>5355</name>
<Point>
<coordinates>16.120927,44.817970</coordinates>
</Point>
</Placemark>
<Placemark>
<name>5344</name>
<Point>
<coordinates>16.121520,44.817702</coordinates>
</Point>
</Placemark>
<Placemark>
<name>5345</name>
<Point>
<coordinates>16.121320,44.817673</coordinates>
</Point>
</Placemark>
<Placemark>
<name>5346</name>
<Point>
<coordinates>16.121363,44.817813</coordinates>
</Point>
</Placemark>
<Placemark>
<name>5347</name>
<Point>
<coordinates>16.121353,44.817742</coordinates>
</Point>
</Placemark>
<Placemark>
<name>5348</name>
<Point>
<coordinates>16.121325,44.817735</coordinates>
</Point>
</Placemark>
<Placemark>
<name>5349</name>
<Point>
<coordinates>16.121247,44.817935</coordinates>
</Point>
</Placemark>
<Placemark>
<name>5338</name>
<Point>
<coordinates>16.121868,44.817313</coordinates>
</Point>
</Placemark>
<Placemark>
<name>5339</name>
<Point>
<coordinates>16.121738,44.817410</coordinates>
</Point>
</Placemark>
<Placemark>
<name>5340</name>
<Point>
<coordinates>16.121735,44.817432</coordinates>
</Point>
</Placemark>
<Placemark>
<name>5341</name>
<Point>
<coordinates>16.121735,44.817432</coordinates>
</Point>
</Placemark>
<Placemark>
<name>5342</name>
<Point>
<coordinates>16.121713,44.817572</coordinates>
</Point>
</Placemark>
<Placemark>
<name>5343</name>
<Point>
<coordinates>16.121538,44.817580</coordinates>
</Point>
</Placemark>
<Placemark>
<name>5332</name>
<Point>
<coordinates>16.122265,44.817182</coordinates>
</Point>
</Placemark>
<Placemark>
<name>5333</name>
<Point>
<coordinates>16.122240,44.817275</coordinates>
</Point>
</Placemark>
<Placemark>
<name>5334</name>
<Point>
<coordinates>16.122268,44.817277</coordinates>
</Point>
</Placemark>
<Placemark>
<name>5335</name>
<Point>
<coordinates>16.122382,44.817312</coordinates>
</Point>
</Placemark>
<Placemark>
<name>5336</name>
<Point>
<coordinates>16.122017,44.817287</coordinates>
</Point>
</Placemark>
<Placemark>
<name>5337</name>
<Point>
<coordinates>16.121925,44.817318</coordinates>
</Point>
</Placemark>
<Placemark>
<name>5326</name>
<Point>
<coordinates>16.122618,44.816827</coordinates>
</Point>
</Placemark>
<Placemark>
<name>5327</name>
<Point>
<coordinates>16.122527,44.816927</coordinates>
</Point>
</Placemark>
<Placemark>
<name>5328</name>
<Point>
<coordinates>16.122458,44.816963</coordinates>
</Point>
</Placemark>
<Placemark>
<name>5329</name>
<Point>
<coordinates>16.122288,44.817063</coordinates>
</Point>
</Placemark>
<Placemark>
<name>5330</name>
<Point>
<coordinates>16.122288,44.817063</coordinates>
</Point>
</Placemark>
<Placemark>
<name>5331</name>
<Point>
<coordinates>16.122288,44.817063</coordinates>
</Point>
</Placemark>
<Placemark>
<name>5320</name>
<Point>
<coordinates>16.123520,44.817665</coordinates>
</Point>
</Placemark>
<Placemark>
<name>5321</name>
<Point>
<coordinates>16.123323,44.817022</coordinates>
</Point>
</Placemark>
<Placemark>
<name>5322</name>
<Point>
<coordinates>16.122878,44.817063</coordinates>
</Point>
</Placemark>
<Placemark>
<name>5323</name>
<Point>
<coordinates>16.123007,44.816863</coordinates>
</Point>
</Placemark>
<Placemark>
<name>5324</name>
<Point>
<coordinates>16.122853,44.816828</coordinates>
</Point>
</Placemark>
<Placemark>
<name>5325</name>
<Point>
<coordinates>16.122628,44.816842</coordinates>
</Point>
</Placemark>
<Placemark>
<name>5314</name>
<Point>
<coordinates>16.124115,44.818528</coordinates>
</Point>
</Placemark>
<Placemark>
<name>5315</name>
<Point>
<coordinates>16.124112,44.818068</coordinates>
</Point>
</Placemark>
<Placemark>
<name>5316</name>
<Point>
<coordinates>16.124188,44.818023</coordinates>
</Point>
</Placemark>
<Placemark>
<name>5317</name>
<Point>
<coordinates>16.124015,44.817973</coordinates>
</Point>
</Placemark>
<Placemark>
<name>5318</name>
<Point>
<coordinates>16.123903,44.817908</coordinates>
</Point>
</Placemark>
<Placemark>
<name>5319</name>
<Point>
<coordinates>16.123807,44.817803</coordinates>
</Point>
</Placemark>
<Placemark>
<name>5307</name>
<Point>
<coordinates>16.125335,44.819197</coordinates>
</Point>
</Placemark>
<Placemark>
<name>5309</name>
<Point>
<coordinates>16.125210,44.819270</coordinates>
</Point>
</Placemark>
<Placemark>
<name>5310</name>
<Point>
<coordinates>16.125165,44.819173</coordinates>
</Point>
</Placemark>
<Placemark>
<name>5311</name>
<Point>
<coordinates>16.125008,44.818843</coordinates>
</Point>
</Placemark>
<Placemark>
<name>5312</name>
<Point>
<coordinates>16.124958,44.818843</coordinates>
</Point>
</Placemark>
<Placemark>
<name>5313</name>
<Point>
<coordinates>16.124660,44.818712</coordinates>
</Point>
</Placemark>
<Placemark>
<name>5301</name>
<Point>
<coordinates>16.125913,44.819795</coordinates>
</Point>
</Placemark>
<Placemark>
<name>5302</name>
<Point>
<coordinates>16.125535,44.819557</coordinates>
</Point>
</Placemark>
<Placemark>
<name>5303</name>
<Point>
<coordinates>16.125603,44.819553</coordinates>
</Point>
</Placemark>
<Placemark>
<name>5304</name>
<Point>
<coordinates>16.125643,44.819535</coordinates>
</Point>
</Placemark>
<Placemark>
<name>5305</name>
<Point>
<coordinates>16.125453,44.819290</coordinates>
</Point>
</Placemark>
<Placemark>
<name>5306</name>
<Point>
<coordinates>16.125382,44.819312</coordinates>
</Point>
</Placemark>
<Placemark>
<name>6088</name>
<Point>
<coordinates>16.121355,44.816450</coordinates>
</Point>
</Placemark>
<Placemark>
<name>6089</name>
<Point>
<coordinates>16.121355,44.816450</coordinates>
</Point>
</Placemark>
<Placemark>
<name>6090</name>
<Point>
<coordinates>16.121355,44.816450</coordinates>
</Point>
</Placemark>
<Placemark>
<name>6091</name>
<Point>
<coordinates>16.121355,44.816450</coordinates>
</Point>
</Placemark>
<Placemark>
<name>6082</name>
<Point>
<coordinates>16.121355,44.816450</coordinates>
</Point>
</Placemark>
<Placemark>
<name>6083</name>
<Point>
<coordinates>16.121355,44.816450</coordinates>
</Point>
</Placemark>
<Placemark>
<name>6084</name>
<Point>
<coordinates>16.121355,44.816450</coordinates>
</Point>
</Placemark>
<Placemark>
<name>6085</name>
<Point>
<coordinates>16.121355,44.816450</coordinates>
</Point>
</Placemark>
<Placemark>
<name>6086</name>
<Point>
<coordinates>16.121355,44.816450</coordinates>
</Point>
</Placemark>
<Placemark>
<name>6087</name>
<Point>
<coordinates>16.121355,44.816450</coordinates>
</Point>
</Placemark>
<Placemark>
<name>6076</name>
<Point>
<coordinates>16.120400,44.815915</coordinates>
</Point>
</Placemark>
<Placemark>
<name>6077</name>
<Point>
<coordinates>16.120400,44.815915</coordinates>
</Point>
</Placemark>
<Placemark>
<name>6078</name>
<Point>
<coordinates>16.120400,44.815915</coordinates>
</Point>
</Placemark>
<Placemark>
<name>6079</name>
<Point>
<coordinates>16.120400,44.815915</coordinates>
</Point>
</Placemark>
<Placemark>
<name>6080</name>
<Point>
<coordinates>16.121355,44.816450</coordinates>
</Point>
</Placemark>
<Placemark>
<name>6081</name>
<Point>
<coordinates>16.121355,44.816450</coordinates>
</Point>
</Placemark>
<Placemark>
<name>6070</name>
<Point>
<coordinates>16.120400,44.815915</coordinates>
</Point>
</Placemark>
<Placemark>
<name>6071</name>
<Point>
<coordinates>16.120400,44.815915</coordinates>
</Point>
</Placemark>
<Placemark>
<name>6072</name>
<Point>
<coordinates>16.120400,44.815915</coordinates>
</Point>
</Placemark>
<Placemark>
<name>6073</name>
<Point>
<coordinates>16.120400,44.815915</coordinates>
</Point>
</Placemark>
<Placemark>
<name>6074</name>
<Point>
<coordinates>16.120400,44.815915</coordinates>
</Point>
</Placemark>
<Placemark>
<name>6075</name>
<Point>
<coordinates>16.120400,44.815915</coordinates>
</Point>
</Placemark>
<Placemark>
<name>6064</name>
<Point>
<coordinates>16.120400,44.815915</coordinates>
</Point>
</Placemark>
<Placemark>
<name>6065</name>
<Point>
<coordinates>16.120400,44.815915</coordinates>
</Point>
</Placemark>
<Placemark>
<name>6066</name>
<Point>
<coordinates>16.120400,44.815915</coordinates>
</Point>
</Placemark>
<Placemark>
<name>6067</name>
<Point>
<coordinates>16.120400,44.815915</coordinates>
</Point>
</Placemark>
<Placemark>
<name>6068</name>
<Point>
<coordinates>16.120400,44.815915</coordinates>
</Point>
</Placemark>
<Placemark>
<name>6069</name>
<Point>
<coordinates>16.120400,44.815915</coordinates>
</Point>
</Placemark>
<Placemark>
<name>6058</name>
<Point>
<coordinates>16.120400,44.815915</coordinates>
</Point>
</Placemark>
<Placemark>
<name>6059</name>
<Point>
<coordinates>16.120400,44.815915</coordinates>
</Point>
</Placemark>
<Placemark>
<name>6060</name>
<Point>
<coordinates>16.120400,44.815915</coordinates>
</Point>
</Placemark>
<Placemark>
<name>6061</name>
<Point>
<coordinates>16.120400,44.815915</coordinates>
</Point>
</Placemark>
<Placemark>
<name>6062</name>
<Point>
<coordinates>16.120400,44.815915</coordinates>
</Point>
</Placemark>
<Placemark>
<name>6063</name>
<Point>
<coordinates>16.120400,44.815915</coordinates>
</Point>
</Placemark>
<Placemark>
<name>6052</name>
<Point>
<coordinates>16.120202,44.815743</coordinates>
</Point>
</Placemark>
<Placemark>
<name>6053</name>
<Point>
<coordinates>16.120293,44.815833</coordinates>
</Point>
</Placemark>
<Placemark>
<name>6054</name>
<Point>
<coordinates>16.120293,44.815833</coordinates>
</Point>
</Placemark>
<Placemark>
<name>6055</name>
<Point>
<coordinates>16.120400,44.815915</coordinates>
</Point>
</Placemark>
<Placemark>
<name>6056</name>
<Point>
<coordinates>16.120400,44.815915</coordinates>
</Point>
</Placemark>
<Placemark>
<name>6057</name>
<Point>
<coordinates>16.120400,44.815915</coordinates>
</Point>
</Placemark>
<Placemark>
<name>6046</name>
<Point>
<coordinates>16.119385,44.815098</coordinates>
</Point>
</Placemark>
<Placemark>
<name>6047</name>
<Point>
<coordinates>16.119385,44.815098</coordinates>
</Point>
</Placemark>
<Placemark>
<name>6048</name>
<Point>
<coordinates>16.119385,44.815098</coordinates>
</Point>
</Placemark>
<Placemark>
<name>6049</name>
<Point>
<coordinates>16.119385,44.815098</coordinates>
</Point>
</Placemark>
<Placemark>
<name>6050</name>
<Point>
<coordinates>16.120202,44.815743</coordinates>
</Point>
</Placemark>
<Placemark>
<name>6051</name>
<Point>
<coordinates>16.120202,44.815743</coordinates>
</Point>
</Placemark>
<Placemark>
<name>6040</name>
<Point>
<coordinates>16.119385,44.815098</coordinates>
</Point>
</Placemark>
<Placemark>
<name>6041</name>
<Point>
<coordinates>16.119385,44.815098</coordinates>
</Point>
</Placemark>
<Placemark>
<name>6042</name>
<Point>
<coordinates>16.119385,44.815098</coordinates>
</Point>
</Placemark>
<Placemark>
<name>6043</name>
<Point>
<coordinates>16.119385,44.815098</coordinates>
</Point>
</Placemark>
<Placemark>
<name>6044</name>
<Point>
<coordinates>16.119385,44.815098</coordinates>
</Point>
</Placemark>
<Placemark>
<name>6045</name>
<Point>
<coordinates>16.119385,44.815098</coordinates>
</Point>
</Placemark>
<Placemark>
<name>6034</name>
<Point>
<coordinates>16.119385,44.815098</coordinates>
</Point>
</Placemark>
<Placemark>
<name>6035</name>
<Point>
<coordinates>16.119385,44.815098</coordinates>
</Point>
</Placemark>
<Placemark>
<name>6036</name>
<Point>
<coordinates>16.119385,44.815098</coordinates>
</Point>
</Placemark>
<Placemark>
<name>6037</name>
<Point>
<coordinates>16.119385,44.815098</coordinates>
</Point>
</Placemark>
<Placemark>
<name>6038</name>
<Point>
<coordinates>16.119385,44.815098</coordinates>
</Point>
</Placemark>
<Placemark>
<name>6039</name>
<Point>
<coordinates>16.119385,44.815098</coordinates>
</Point>
</Placemark>
<Placemark>
<name>6028</name>
<Point>
<coordinates>16.119385,44.815098</coordinates>
</Point>
</Placemark>
<Placemark>
<name>6029</name>
<Point>
<coordinates>16.119385,44.815098</coordinates>
</Point>
</Placemark>
<Placemark>
<name>6030</name>
<Point>
<coordinates>16.119385,44.815098</coordinates>
</Point>
</Placemark>
<Placemark>
<name>6031</name>
<Point>
<coordinates>16.119385,44.815098</coordinates>
</Point>
</Placemark>
<Placemark>
<name>6032</name>
<Point>
<coordinates>16.119385,44.815098</coordinates>
</Point>
</Placemark>
<Placemark>
<name>6033</name>
<Point>
<coordinates>16.119385,44.815098</coordinates>
</Point>
</Placemark>
<Placemark>
<name>6022</name>
<Point>
<coordinates>16.119250,44.814977</coordinates>
</Point>
</Placemark>
<Placemark>
<name>6023</name>
<Point>
<coordinates>16.119250,44.814977</coordinates>
</Point>
</Placemark>
<Placemark>
<name>6024</name>
<Point>
<coordinates>16.119375,44.814998</coordinates>
</Point>
</Placemark>
<Placemark>
<name>6025</name>
<Point>
<coordinates>16.119375,44.814998</coordinates>
</Point>
</Placemark>
<Placemark>
<name>6026</name>
<Point>
<coordinates>16.119385,44.815098</coordinates>
</Point>
</Placemark>
<Placemark>
<name>6027</name>
<Point>
<coordinates>16.119385,44.815098</coordinates>
</Point>
</Placemark>
<Placemark>
<name>6017</name>
<Point>
<coordinates>16.119228,44.814887</coordinates>
</Point>
</Placemark>
<Placemark>
<name>6018</name>
<Point>
<coordinates>16.119228,44.814887</coordinates>
</Point>
</Placemark>
<Placemark>
<name>6019</name>
<Point>
<coordinates>16.119228,44.814887</coordinates>
</Point>
</Placemark>
<Placemark>
<name>6020</name>
<Point>
<coordinates>16.119250,44.814977</coordinates>
</Point>
</Placemark>
<Placemark>
<name>6021</name>
<Point>
<coordinates>16.119250,44.814977</coordinates>
</Point>
</Placemark>
<Placemark>
<name>6377</name>
<Point>
<coordinates>16.118855,44.816002</coordinates>
</Point>
</Placemark>
<Placemark>
<name>6378</name>
<Point>
<coordinates>16.118855,44.816002</coordinates>
</Point>
</Placemark>
<Placemark>
<name>6379</name>
<Point>
<coordinates>16.118855,44.816002</coordinates>
</Point>
</Placemark>
<Placemark>
<name>6380</name>
<Point>
<coordinates>16.118855,44.816002</coordinates>
</Point>
</Placemark>
<Placemark>
<name>6371</name>
<Point>
<coordinates>16.118855,44.816002</coordinates>
</Point>
</Placemark>
<Placemark>
<name>6372</name>
<Point>
<coordinates>16.118855,44.816002</coordinates>
</Point>
</Placemark>
<Placemark>
<name>6373</name>
<Point>
<coordinates>16.118855,44.816002</coordinates>
</Point>
</Placemark>
<Placemark>
<name>6374</name>
<Point>
<coordinates>16.118855,44.816002</coordinates>
</Point>
</Placemark>
<Placemark>
<name>6375</name>
<Point>
<coordinates>16.118855,44.816002</coordinates>
</Point>
</Placemark>
<Placemark>
<name>6376</name>
<Point>
<coordinates>16.118855,44.816002</coordinates>
</Point>
</Placemark>
<Placemark>
<name>6365</name>
<Point>
<coordinates>16.119247,44.816173</coordinates>
</Point>
</Placemark>
<Placemark>
<name>6366</name>
<Point>
<coordinates>16.119247,44.816173</coordinates>
</Point>
</Placemark>
<Placemark>
<name>6367</name>
<Point>
<coordinates>16.119247,44.816173</coordinates>
</Point>
</Placemark>
<Placemark>
<name>6368</name>
<Point>
<coordinates>16.119247,44.816173</coordinates>
</Point>
</Placemark>
<Placemark>
<name>6369</name>
<Point>
<coordinates>16.118855,44.816002</coordinates>
</Point>
</Placemark>
<Placemark>
<name>6370</name>
<Point>
<coordinates>16.118855,44.816002</coordinates>
</Point>
</Placemark>
<Placemark>
<name>6359</name>
<Point>
<coordinates>16.119247,44.816173</coordinates>
</Point>
</Placemark>
<Placemark>
<name>6360</name>
<Point>
<coordinates>16.119247,44.816173</coordinates>
</Point>
</Placemark>
<Placemark>
<name>6361</name>
<Point>
<coordinates>16.119247,44.816173</coordinates>
</Point>
</Placemark>
<Placemark>
<name>6362</name>
<Point>
<coordinates>16.119247,44.816173</coordinates>
</Point>
</Placemark>
<Placemark>
<name>6363</name>
<Point>
<coordinates>16.119247,44.816173</coordinates>
</Point>
</Placemark>
<Placemark>
<name>6364</name>
<Point>
<coordinates>16.119247,44.816173</coordinates>
</Point>
</Placemark>
<Placemark>
<name>6353</name>
<Point>
<coordinates>16.119247,44.816173</coordinates>
</Point>
</Placemark>
<Placemark>
<name>6354</name>
<Point>
<coordinates>16.119247,44.816173</coordinates>
</Point>
</Placemark>
<Placemark>
<name>6355</name>
<Point>
<coordinates>16.119247,44.816173</coordinates>
</Point>
</Placemark>
<Placemark>
<name>6356</name>
<Point>
<coordinates>16.119247,44.816173</coordinates>
</Point>
</Placemark>
<Placemark>
<name>6357</name>
<Point>
<coordinates>16.119247,44.816173</coordinates>
</Point>
</Placemark>
<Placemark>
<name>6358</name>
<Point>
<coordinates>16.119247,44.816173</coordinates>
</Point>
</Placemark>
<Placemark>
<name>6347</name>
<Point>
<coordinates>16.119088,44.816810</coordinates>
</Point>
</Placemark>
<Placemark>
<name>6348</name>
<Point>
<coordinates>16.119088,44.816810</coordinates>
</Point>
</Placemark>
<Placemark>
<name>6349</name>
<Point>
<coordinates>16.119088,44.816810</coordinates>
</Point>
</Placemark>
<Placemark>
<name>6350</name>
<Point>
<coordinates>16.119088,44.816810</coordinates>
</Point>
</Placemark>
<Placemark>
<name>6351</name>
<Point>
<coordinates>16.119247,44.816173</coordinates>
</Point>
</Placemark>
<Placemark>
<name>6352</name>
<Point>
<coordinates>16.119247,44.816173</coordinates>
</Point>
</Placemark>
<Placemark>
<name>6341</name>
<Point>
<coordinates>16.119088,44.816810</coordinates>
</Point>
</Placemark>
<Placemark>
<name>6342</name>
<Point>
<coordinates>16.119088,44.816810</coordinates>
</Point>
</Placemark>
<Placemark>
<name>6343</name>
<Point>
<coordinates>16.119088,44.816810</coordinates>
</Point>
</Placemark>
<Placemark>
<name>6344</name>
<Point>
<coordinates>16.119088,44.816810</coordinates>
</Point>
</Placemark>
<Placemark>
<name>6345</name>
<Point>
<coordinates>16.119088,44.816810</coordinates>
</Point>
</Placemark>
<Placemark>
<name>6346</name>
<Point>
<coordinates>16.119088,44.816810</coordinates>
</Point>
</Placemark>
<Placemark>
<name>6335</name>
<Point>
<coordinates>16.119368,44.816642</coordinates>
</Point>
</Placemark>
<Placemark>
<name>6336</name>
<Point>
<coordinates>16.119088,44.816810</coordinates>
</Point>
</Placemark>
<Placemark>
<name>6337</name>
<Point>
<coordinates>16.119088,44.816810</coordinates>
</Point>
</Placemark>
<Placemark>
<name>6338</name>
<Point>
<coordinates>16.119088,44.816810</coordinates>
</Point>
</Placemark>
<Placemark>
<name>6339</name>
<Point>
<coordinates>16.119088,44.816810</coordinates>
</Point>
</Placemark>
<Placemark>
<name>6340</name>
<Point>
<coordinates>16.119088,44.816810</coordinates>
</Point>
</Placemark>
<Placemark>
<name>6329</name>
<Point>
<coordinates>16.119400,44.817452</coordinates>
</Point>
</Placemark>
<Placemark>
<name>6330</name>
<Point>
<coordinates>16.119400,44.817452</coordinates>
</Point>
</Placemark>
<Placemark>
<name>6331</name>
<Point>
<coordinates>16.119400,44.817452</coordinates>
</Point>
</Placemark>
<Placemark>
<name>6332</name>
<Point>
<coordinates>16.119400,44.817452</coordinates>
</Point>
</Placemark>
<Placemark>
<name>6333</name>
<Point>
<coordinates>16.119400,44.817452</coordinates>
</Point>
</Placemark>
<Placemark>
<name>6334</name>
<Point>
<coordinates>16.119382,44.816630</coordinates>
</Point>
</Placemark>
<Placemark>
<name>6322</name>
<Point>
<coordinates>16.119400,44.817452</coordinates>
</Point>
</Placemark>
<Placemark>
<name>6323</name>
<Point>
<coordinates>16.119400,44.817452</coordinates>
</Point>
</Placemark>
<Placemark>
<name>6324</name>
<Point>
<coordinates>16.119400,44.817452</coordinates>
</Point>
</Placemark>
<Placemark>
<name>6325</name>
<Point>
<coordinates>16.119400,44.817452</coordinates>
</Point>
</Placemark>
<Placemark>
<name>6326</name>
<Point>
<coordinates>16.119400,44.817452</coordinates>
</Point>
</Placemark>
<Placemark>
<name>6327</name>
<Point>
<coordinates>16.119400,44.817452</coordinates>
</Point>
</Placemark>
<Placemark>
<name>6316</name>
<Point>
<coordinates>16.119400,44.817452</coordinates>
</Point>
</Placemark>
<Placemark>
<name>6317</name>
<Point>
<coordinates>16.119400,44.817452</coordinates>
</Point>
</Placemark>
<Placemark>
<name>6318</name>
<Point>
<coordinates>16.119400,44.817452</coordinates>
</Point>
</Placemark>
<Placemark>
<name>6319</name>
<Point>
<coordinates>16.119400,44.817452</coordinates>
</Point>
</Placemark>
<Placemark>
<name>6320</name>
<Point>
<coordinates>16.119400,44.817452</coordinates>
</Point>
</Placemark>
<Placemark>
<name>6321</name>
<Point>
<coordinates>16.119400,44.817452</coordinates>
</Point>
</Placemark>
<Placemark>
<name>6310</name>
<Point>
<coordinates>16.120245,44.817105</coordinates>
</Point>
</Placemark>
<Placemark>
<name>6311</name>
<Point>
<coordinates>16.120245,44.817105</coordinates>
</Point>
</Placemark>
<Placemark>
<name>6312</name>
<Point>
<coordinates>16.120245,44.817105</coordinates>
</Point>
</Placemark>
<Placemark>
<name>6313</name>
<Point>
<coordinates>16.119400,44.817452</coordinates>
</Point>
</Placemark>
<Placemark>
<name>6314</name>
<Point>
<coordinates>16.119400,44.817452</coordinates>
</Point>
</Placemark>
<Placemark>
<name>6315</name>
<Point>
<coordinates>16.119400,44.817452</coordinates>
</Point>
</Placemark>
<Placemark>
<name>6304</name>
<Point>
<coordinates>16.120245,44.817105</coordinates>
</Point>
</Placemark>
<Placemark>
<name>6305</name>
<Point>
<coordinates>16.120245,44.817105</coordinates>
</Point>
</Placemark>
<Placemark>
<name>6306</name>
<Point>
<coordinates>16.120245,44.817105</coordinates>
</Point>
</Placemark>
<Placemark>
<name>6307</name>
<Point>
<coordinates>16.120245,44.817105</coordinates>
</Point>
</Placemark>
<Placemark>
<name>6308</name>
<Point>
<coordinates>16.120245,44.817105</coordinates>
</Point>
</Placemark>
<Placemark>
<name>6309</name>
<Point>
<coordinates>16.120245,44.817105</coordinates>
</Point>
</Placemark>
<Placemark>
<name>6298</name>
<Point>
<coordinates>16.119862,44.816517</coordinates>
</Point>
</Placemark>
<Placemark>
<name>6299</name>
<Point>
<coordinates>16.119862,44.816517</coordinates>
</Point>
</Placemark>
<Placemark>
<name>6300</name>
<Point>
<coordinates>16.119862,44.816517</coordinates>
</Point>
</Placemark>
<Placemark>
<name>6301</name>
<Point>
<coordinates>16.119862,44.816517</coordinates>
</Point>
</Placemark>
<Placemark>
<name>6302</name>
<Point>
<coordinates>16.119862,44.816517</coordinates>
</Point>
</Placemark>
<Placemark>
<name>6303</name>
<Point>
<coordinates>16.119862,44.816517</coordinates>
</Point>
</Placemark>
<Placemark>
<name>6292</name>
<Point>
<coordinates>16.119862,44.816517</coordinates>
</Point>
</Placemark>
<Placemark>
<name>6293</name>
<Point>
<coordinates>16.119862,44.816517</coordinates>
</Point>
</Placemark>
<Placemark>
<name>6294</name>
<Point>
<coordinates>16.119862,44.816517</coordinates>
</Point>
</Placemark>
<Placemark>
<name>6295</name>
<Point>
<coordinates>16.119862,44.816517</coordinates>
</Point>
</Placemark>
<Placemark>
<name>6296</name>
<Point>
<coordinates>16.119862,44.816517</coordinates>
</Point>
</Placemark>
<Placemark>
<name>6297</name>
<Point>
<coordinates>16.119862,44.816517</coordinates>
</Point>
</Placemark>
<Placemark>
<name>6106</name>
<Point>
<coordinates>16.119862,44.816517</coordinates>
</Point>
</Placemark>
<Placemark>
<name>6107</name>
<Point>
<coordinates>16.119862,44.816517</coordinates>
</Point>
</Placemark>
<Placemark>
<name>6108</name>
<Point>
<coordinates>16.119862,44.816517</coordinates>
</Point>
</Placemark>
<Placemark>
<name>6109</name>
<Point>
<coordinates>16.119862,44.816517</coordinates>
</Point>
</Placemark>
<Placemark>
<name>6110</name>
<Point>
<coordinates>16.119862,44.816517</coordinates>
</Point>
</Placemark>
<Placemark>
<name>6291</name>
<Point>
<coordinates>16.119862,44.816517</coordinates>
</Point>
</Placemark>
<Placemark>
<name>6100</name>
<Point>
<coordinates>16.119878,44.816062</coordinates>
</Point>
</Placemark>
<Placemark>
<name>6101</name>
<Point>
<coordinates>16.119857,44.816155</coordinates>
</Point>
</Placemark>
<Placemark>
<name>6102</name>
<Point>
<coordinates>16.119857,44.816155</coordinates>
</Point>
</Placemark>
<Placemark>
<name>6103</name>
<Point>
<coordinates>16.119808,44.816242</coordinates>
</Point>
</Placemark>
<Placemark>
<name>6104</name>
<Point>
<coordinates>16.119797,44.816332</coordinates>
</Point>
</Placemark>
<Placemark>
<name>6105</name>
<Point>
<coordinates>16.119867,44.816505</coordinates>
</Point>
</Placemark>
<Placemark>
<name>6094</name>
<Point>
<coordinates>16.120032,44.814820</coordinates>
</Point>
</Placemark>
<Placemark>
<name>6095</name>
<Point>
<coordinates>16.119667,44.815777</coordinates>
</Point>
</Placemark>
<Placemark>
<name>6096</name>
<Point>
<coordinates>16.119667,44.815777</coordinates>
</Point>
</Placemark>
<Placemark>
<name>6097</name>
<Point>
<coordinates>16.119667,44.815777</coordinates>
</Point>
</Placemark>
<Placemark>
<name>6098</name>
<Point>
<coordinates>16.119960,44.815985</coordinates>
</Point>
</Placemark>
<Placemark>
<name>6099</name>
<Point>
<coordinates>16.119878,44.816062</coordinates>
</Point>
</Placemark>
<Placemark>
<name>6092</name>
<Point>
<coordinates>16.120032,44.814820</coordinates>
</Point>
</Placemark>
<Placemark>
<name>6093</name>
<Point>
<coordinates>16.120032,44.814820</coordinates>
</Point>
</Placemark>
<Placemark>
<name>6198</name>
<Point>
<coordinates>16.120650,44.814640</coordinates>
</Point>
</Placemark>
<Placemark>
<name>6199</name>
<Point>
<coordinates>16.120650,44.814640</coordinates>
</Point>
</Placemark>
<Placemark>
<name>6200</name>
<Point>
<coordinates>16.120650,44.814640</coordinates>
</Point>
</Placemark>
<Placemark>
<name>6192</name>
<Point>
<coordinates>16.120650,44.814640</coordinates>
</Point>
</Placemark>
<Placemark>
<name>6193</name>
<Point>
<coordinates>16.120650,44.814640</coordinates>
</Point>
</Placemark>
<Placemark>
<name>6194</name>
<Point>
<coordinates>16.120650,44.814640</coordinates>
</Point>
</Placemark>
<Placemark>
<name>6195</name>
<Point>
<coordinates>16.120650,44.814640</coordinates>
</Point>
</Placemark>
<Placemark>
<name>6196</name>
<Point>
<coordinates>16.120650,44.814640</coordinates>
</Point>
</Placemark>
<Placemark>
<name>6197</name>
<Point>
<coordinates>16.120650,44.814640</coordinates>
</Point>
</Placemark>
<Placemark>
<name>6186</name>
<Point>
<coordinates>16.120657,44.814612</coordinates>
</Point>
</Placemark>
<Placemark>
<name>6187</name>
<Point>
<coordinates>16.120650,44.814640</coordinates>
</Point>
</Placemark>
<Placemark>
<name>6188</name>
<Point>
<coordinates>16.120650,44.814640</coordinates>
</Point>
</Placemark>
<Placemark>
<name>6189</name>
<Point>
<coordinates>16.120650,44.814640</coordinates>
</Point>
</Placemark>
<Placemark>
<name>6190</name>
<Point>
<coordinates>16.120650,44.814640</coordinates>
</Point>
</Placemark>
<Placemark>
<name>6191</name>
<Point>
<coordinates>16.120650,44.814640</coordinates>
</Point>
</Placemark>
<Placemark>
<name>6180</name>
<Point>
<coordinates>16.120613,44.814595</coordinates>
</Point>
</Placemark>
<Placemark>
<name>6181</name>
<Point>
<coordinates>16.120657,44.814612</coordinates>
</Point>
</Placemark>
<Placemark>
<name>6182</name>
<Point>
<coordinates>16.120657,44.814612</coordinates>
</Point>
</Placemark>
<Placemark>
<name>6183</name>
<Point>
<coordinates>16.120657,44.814612</coordinates>
</Point>
</Placemark>
<Placemark>
<name>6184</name>
<Point>
<coordinates>16.120657,44.814612</coordinates>
</Point>
</Placemark>
<Placemark>
<name>6185</name>
<Point>
<coordinates>16.120657,44.814612</coordinates>
</Point>
</Placemark>
<Placemark>
<name>6174</name>
<Point>
<coordinates>16.120648,44.814590</coordinates>
</Point>
</Placemark>
<Placemark>
<name>6175</name>
<Point>
<coordinates>16.120648,44.814590</coordinates>
</Point>
</Placemark>
<Placemark>
<name>6176</name>
<Point>
<coordinates>16.120648,44.814590</coordinates>
</Point>
</Placemark>
<Placemark>
<name>6177</name>
<Point>
<coordinates>16.120648,44.814590</coordinates>
</Point>
</Placemark>
<Placemark>
<name>6178</name>
<Point>
<coordinates>16.120613,44.814595</coordinates>
</Point>
</Placemark>
<Placemark>
<name>6179</name>
<Point>
<coordinates>16.120613,44.814595</coordinates>
</Point>
</Placemark>
<Placemark>
<name>5567</name>
<Point>
<coordinates>16.092800,44.802255</coordinates>
</Point>
</Placemark>
<Placemark>
<name>5568</name>
<Point>
<coordinates>16.092800,44.802255</coordinates>
</Point>
</Placemark>
<Placemark>
<name>5569</name>
<Point>
<coordinates>16.092800,44.802255</coordinates>
</Point>
</Placemark>
<Placemark>
<name>5570</name>
<Point>
<coordinates>16.092800,44.802255</coordinates>
</Point>
</Placemark>
<Placemark>
<name>6172</name>
<Point>
<coordinates>16.120648,44.814590</coordinates>
</Point>
</Placemark>
<Placemark>
<name>6173</name>
<Point>
<coordinates>16.120648,44.814590</coordinates>
</Point>
</Placemark>
<Placemark>
<name>5561</name>
<Point>
<coordinates>16.092800,44.802255</coordinates>
</Point>
</Placemark>
<Placemark>
<name>5562</name>
<Point>
<coordinates>16.092800,44.802255</coordinates>
</Point>
</Placemark>
<Placemark>
<name>5563</name>
<Point>
<coordinates>16.092800,44.802255</coordinates>
</Point>
</Placemark>
<Placemark>
<name>5564</name>
<Point>
<coordinates>16.092800,44.802255</coordinates>
</Point>
</Placemark>
<Placemark>
<name>5565</name>
<Point>
<coordinates>16.092800,44.802255</coordinates>
</Point>
</Placemark>
<Placemark>
<name>5566</name>
<Point>
<coordinates>16.092800,44.802255</coordinates>
</Point>
</Placemark>
<Placemark>
<name>5555</name>
<Point>
<coordinates>16.092800,44.802255</coordinates>
</Point>
</Placemark>
<Placemark>
<name>5556</name>
<Point>
<coordinates>16.092800,44.802255</coordinates>
</Point>
</Placemark>
<Placemark>
<name>5557</name>
<Point>
<coordinates>16.092800,44.802255</coordinates>
</Point>
</Placemark>
<Placemark>
<name>5558</name>
<Point>
<coordinates>16.092800,44.802255</coordinates>
</Point>
</Placemark>
<Placemark>
<name>5559</name>
<Point>
<coordinates>16.092800,44.802255</coordinates>
</Point>
</Placemark>
<Placemark>
<name>5560</name>
<Point>
<coordinates>16.092800,44.802255</coordinates>
</Point>
</Placemark>
<Placemark>
<name>5549</name>
<Point>
<coordinates>16.092800,44.802255</coordinates>
</Point>
</Placemark>
<Placemark>
<name>5550</name>
<Point>
<coordinates>16.092800,44.802255</coordinates>
</Point>
</Placemark>
<Placemark>
<name>5551</name>
<Point>
<coordinates>16.092800,44.802255</coordinates>
</Point>
</Placemark>
<Placemark>
<name>5552</name>
<Point>
<coordinates>16.092800,44.802255</coordinates>
</Point>
</Placemark>
<Placemark>
<name>5553</name>
<Point>
<coordinates>16.092800,44.802255</coordinates>
</Point>
</Placemark>
<Placemark>
<name>5554</name>
<Point>
<coordinates>16.092800,44.802255</coordinates>
</Point>
</Placemark>
<Placemark>
<name>5543</name>
<Point>
<coordinates>16.092800,44.802255</coordinates>
</Point>
</Placemark>
<Placemark>
<name>5544</name>
<Point>
<coordinates>16.092800,44.802255</coordinates>
</Point>
</Placemark>
<Placemark>
<name>5545</name>
<Point>
<coordinates>16.092800,44.802255</coordinates>
</Point>
</Placemark>
<Placemark>
<name>5546</name>
<Point>
<coordinates>16.092800,44.802255</coordinates>
</Point>
</Placemark>
<Placemark>
<name>5547</name>
<Point>
<coordinates>16.092800,44.802255</coordinates>
</Point>
</Placemark>
<Placemark>
<name>5548</name>
<Point>
<coordinates>16.092800,44.802255</coordinates>
</Point>
</Placemark>
<Placemark>
<name>6797</name>
<Point>
<coordinates>16.118222,44.816435</coordinates>
</Point>
</Placemark>
<Placemark>
<name>6798</name>
<Point>
<coordinates>16.118222,44.816435</coordinates>
</Point>
</Placemark>
<Placemark>
<name>6799</name>
<Point>
<coordinates>16.118222,44.816435</coordinates>
</Point>
</Placemark>
<Placemark>
<name>6800</name>
<Point>
<coordinates>16.118222,44.816435</coordinates>
</Point>
</Placemark>
<Placemark>
<name>6791</name>
<Point>
<coordinates>16.118222,44.816435</coordinates>
</Point>
</Placemark>
<Placemark>
<name>6792</name>
<Point>
<coordinates>16.118222,44.816435</coordinates>
</Point>
</Placemark>
<Placemark>
<name>6793</name>
<Point>
<coordinates>16.118222,44.816435</coordinates>
</Point>
</Placemark>
<Placemark>
<name>6794</name>
<Point>
<coordinates>16.118222,44.816435</coordinates>
</Point>
</Placemark>
<Placemark>
<name>6795</name>
<Point>
<coordinates>16.118222,44.816435</coordinates>
</Point>
</Placemark>
<Placemark>
<name>6796</name>
<Point>
<coordinates>16.118222,44.816435</coordinates>
</Point>
</Placemark>
<Placemark>
<name>6785</name>
<Point>
<coordinates>16.118350,44.816472</coordinates>
</Point>
</Placemark>
<Placemark>
<name>6786</name>
<Point>
<coordinates>16.118300,44.816485</coordinates>
</Point>
</Placemark>
<Placemark>
<name>6787</name>
<Point>
<coordinates>16.118222,44.816435</coordinates>
</Point>
</Placemark>
<Placemark>
<name>6788</name>
<Point>
<coordinates>16.118222,44.816435</coordinates>
</Point>
</Placemark>
<Placemark>
<name>6789</name>
<Point>
<coordinates>16.118222,44.816435</coordinates>
</Point>
</Placemark>
<Placemark>
<name>6790</name>
<Point>
<coordinates>16.118222,44.816435</coordinates>
</Point>
</Placemark>
<Placemark>
<name>6779</name>
<Point>
<coordinates>16.118733,44.817318</coordinates>
</Point>
</Placemark>
<Placemark>
<name>6780</name>
<Point>
<coordinates>16.118733,44.817318</coordinates>
</Point>
</Placemark>
<Placemark>
<name>6781</name>
<Point>
<coordinates>16.118733,44.817318</coordinates>
</Point>
</Placemark>
<Placemark>
<name>6782</name>
<Point>
<coordinates>16.118733,44.817318</coordinates>
</Point>
</Placemark>
<Placemark>
<name>6783</name>
<Point>
<coordinates>16.118613,44.816560</coordinates>
</Point>
</Placemark>
<Placemark>
<name>6784</name>
<Point>
<coordinates>16.118440,44.816480</coordinates>
</Point>
</Placemark>
<Placemark>
<name>6773</name>
<Point>
<coordinates>16.118733,44.817318</coordinates>
</Point>
</Placemark>
<Placemark>
<name>6774</name>
<Point>
<coordinates>16.118733,44.817318</coordinates>
</Point>
</Placemark>
<Placemark>
<name>6775</name>
<Point>
<coordinates>16.118733,44.817318</coordinates>
</Point>
</Placemark>
<Placemark>
<name>6776</name>
<Point>
<coordinates>16.118733,44.817318</coordinates>
</Point>
</Placemark>
<Placemark>
<name>6777</name>
<Point>
<coordinates>16.118733,44.817318</coordinates>
</Point>
</Placemark>
<Placemark>
<name>6778</name>
<Point>
<coordinates>16.118733,44.817318</coordinates>
</Point>
</Placemark>
<Placemark>
<name>6767</name>
<Point>
<coordinates>16.118120,44.818223</coordinates>
</Point>
</Placemark>
<Placemark>
<name>6768</name>
<Point>
<coordinates>16.118120,44.818223</coordinates>
</Point>
</Placemark>
<Placemark>
<name>6769</name>
<Point>
<coordinates>16.118120,44.818223</coordinates>
</Point>
</Placemark>
<Placemark>
<name>6770</name>
<Point>
<coordinates>16.118120,44.818223</coordinates>
</Point>
</Placemark>
<Placemark>
<name>6771</name>
<Point>
<coordinates>16.118733,44.817318</coordinates>
</Point>
</Placemark>
<Placemark>
<name>6772</name>
<Point>
<coordinates>16.118733,44.817318</coordinates>
</Point>
</Placemark>
<Placemark>
<name>6761</name>
<Point>
<coordinates>16.118120,44.818223</coordinates>
</Point>
</Placemark>
<Placemark>
<name>6762</name>
<Point>
<coordinates>16.118120,44.818223</coordinates>
</Point>
</Placemark>
<Placemark>
<name>6763</name>
<Point>
<coordinates>16.118120,44.818223</coordinates>
</Point>
</Placemark>
<Placemark>
<name>6764</name>
<Point>
<coordinates>16.118120,44.818223</coordinates>
</Point>
</Placemark>
<Placemark>
<name>6765</name>
<Point>
<coordinates>16.118120,44.818223</coordinates>
</Point>
</Placemark>
<Placemark>
<name>6766</name>
<Point>
<coordinates>16.118120,44.818223</coordinates>
</Point>
</Placemark>
<Placemark>
<name>6755</name>
<Point>
<coordinates>16.118120,44.818223</coordinates>
</Point>
</Placemark>
<Placemark>
<name>6756</name>
<Point>
<coordinates>16.118120,44.818223</coordinates>
</Point>
</Placemark>
<Placemark>
<name>6757</name>
<Point>
<coordinates>16.118120,44.818223</coordinates>
</Point>
</Placemark>
<Placemark>
<name>6758</name>
<Point>
<coordinates>16.118120,44.818223</coordinates>
</Point>
</Placemark>
<Placemark>
<name>6759</name>
<Point>
<coordinates>16.118120,44.818223</coordinates>
</Point>
</Placemark>
<Placemark>
<name>6760</name>
<Point>
<coordinates>16.118120,44.818223</coordinates>
</Point>
</Placemark>
<Placemark>
<name>6749</name>
<Point>
<coordinates>16.116797,44.817818</coordinates>
</Point>
</Placemark>
<Placemark>
<name>6750</name>
<Point>
<coordinates>16.116797,44.817818</coordinates>
</Point>
</Placemark>
<Placemark>
<name>6751</name>
<Point>
<coordinates>16.116797,44.817818</coordinates>
</Point>
</Placemark>
<Placemark>
<name>6752</name>
<Point>
<coordinates>16.116797,44.817818</coordinates>
</Point>
</Placemark>
<Placemark>
<name>6753</name>
<Point>
<coordinates>16.116797,44.817818</coordinates>
</Point>
</Placemark>
<Placemark>
<name>6754</name>
<Point>
<coordinates>16.116797,44.817818</coordinates>
</Point>
</Placemark>
<Placemark>
<name>6743</name>
<Point>
<coordinates>16.116797,44.817818</coordinates>
</Point>
</Placemark>
<Placemark>
<name>6744</name>
<Point>
<coordinates>16.116797,44.817818</coordinates>
</Point>
</Placemark>
<Placemark>
<name>6745</name>
<Point>
<coordinates>16.116797,44.817818</coordinates>
</Point>
</Placemark>
<Placemark>
<name>6746</name>
<Point>
<coordinates>16.116797,44.817818</coordinates>
</Point>
</Placemark>
<Placemark>
<name>6747</name>
<Point>
<coordinates>16.116797,44.817818</coordinates>
</Point>
</Placemark>
<Placemark>
<name>6748</name>
<Point>
<coordinates>16.116797,44.817818</coordinates>
</Point>
</Placemark>
<Placemark>
<name>6707</name>
<Point>
<coordinates>16.115652,44.816812</coordinates>
</Point>
</Placemark>
<Placemark>
<name>6708</name>
<Point>
<coordinates>16.116797,44.817818</coordinates>
</Point>
</Placemark>
<Placemark>
<name>6709</name>
<Point>
<coordinates>16.116797,44.817818</coordinates>
</Point>
</Placemark>
<Placemark>
<name>6710</name>
<Point>
<coordinates>16.116797,44.817818</coordinates>
</Point>
</Placemark>
<Placemark>
<name>6741</name>
<Point>
<coordinates>16.116797,44.817818</coordinates>
</Point>
</Placemark>
<Placemark>
<name>6742</name>
<Point>
<coordinates>16.116797,44.817818</coordinates>
</Point>
</Placemark>
<Placemark>
<name>6701</name>
<Point>
<coordinates>16.115652,44.816812</coordinates>
</Point>
</Placemark>
<Placemark>
<name>6702</name>
<Point>
<coordinates>16.115652,44.816812</coordinates>
</Point>
</Placemark>
<Placemark>
<name>6703</name>
<Point>
<coordinates>16.115652,44.816812</coordinates>
</Point>
</Placemark>
<Placemark>
<name>6704</name>
<Point>
<coordinates>16.115652,44.816812</coordinates>
</Point>
</Placemark>
<Placemark>
<name>6705</name>
<Point>
<coordinates>16.115652,44.816812</coordinates>
</Point>
</Placemark>
<Placemark>
<name>6706</name>
<Point>
<coordinates>16.115652,44.816812</coordinates>
</Point>
</Placemark>
<Placemark>
<name>6695</name>
<Point>
<coordinates>16.115652,44.816812</coordinates>
</Point>
</Placemark>
<Placemark>
<name>6696</name>
<Point>
<coordinates>16.115652,44.816812</coordinates>
</Point>
</Placemark>
<Placemark>
<name>6697</name>
<Point>
<coordinates>16.115652,44.816812</coordinates>
</Point>
</Placemark>
<Placemark>
<name>6698</name>
<Point>
<coordinates>16.115652,44.816812</coordinates>
</Point>
</Placemark>
<Placemark>
<name>6699</name>
<Point>
<coordinates>16.115652,44.816812</coordinates>
</Point>
</Placemark>
<Placemark>
<name>6700</name>
<Point>
<coordinates>16.115652,44.816812</coordinates>
</Point>
</Placemark>
<Placemark>
<name>6689</name>
<Point>
<coordinates>16.115652,44.816812</coordinates>
</Point>
</Placemark>
<Placemark>
<name>6690</name>
<Point>
<coordinates>16.115652,44.816812</coordinates>
</Point>
</Placemark>
<Placemark>
<name>6691</name>
<Point>
<coordinates>16.115652,44.816812</coordinates>
</Point>
</Placemark>
<Placemark>
<name>6692</name>
<Point>
<coordinates>16.115652,44.816812</coordinates>
</Point>
</Placemark>
<Placemark>
<name>6693</name>
<Point>
<coordinates>16.115652,44.816812</coordinates>
</Point>
</Placemark>
<Placemark>
<name>6694</name>
<Point>
<coordinates>16.115652,44.816812</coordinates>
</Point>
</Placemark>
<Placemark>
<name>6683</name>
<Point>
<coordinates>16.115652,44.816812</coordinates>
</Point>
</Placemark>
<Placemark>
<name>6684</name>
<Point>
<coordinates>16.115652,44.816812</coordinates>
</Point>
</Placemark>
<Placemark>
<name>6685</name>
<Point>
<coordinates>16.115652,44.816812</coordinates>
</Point>
</Placemark>
<Placemark>
<name>6686</name>
<Point>
<coordinates>16.115652,44.816812</coordinates>
</Point>
</Placemark>
<Placemark>
<name>6687</name>
<Point>
<coordinates>16.115652,44.816812</coordinates>
</Point>
</Placemark>
<Placemark>
<name>6688</name>
<Point>
<coordinates>16.115652,44.816812</coordinates>
</Point>
</Placemark>
<Placemark>
<name>6617</name>
<Point>
<coordinates>16.115652,44.816812</coordinates>
</Point>
</Placemark>
<Placemark>
<name>6618</name>
<Point>
<coordinates>16.115652,44.816812</coordinates>
</Point>
</Placemark>
<Placemark>
<name>6619</name>
<Point>
<coordinates>16.115652,44.816812</coordinates>
</Point>
</Placemark>
<Placemark>
<name>6620</name>
<Point>
<coordinates>16.115652,44.816812</coordinates>
</Point>
</Placemark>
<Placemark>
<name>6681</name>
<Point>
<coordinates>16.115652,44.816812</coordinates>
</Point>
</Placemark>
<Placemark>
<name>6682</name>
<Point>
<coordinates>16.115652,44.816812</coordinates>
</Point>
</Placemark>
<Placemark>
<name>6611</name>
<Point>
<coordinates>16.115652,44.816812</coordinates>
</Point>
</Placemark>
<Placemark>
<name>6612</name>
<Point>
<coordinates>16.115652,44.816812</coordinates>
</Point>
</Placemark>
<Placemark>
<name>6613</name>
<Point>
<coordinates>16.115652,44.816812</coordinates>
</Point>
</Placemark>
<Placemark>
<name>6614</name>
<Point>
<coordinates>16.115652,44.816812</coordinates>
</Point>
</Placemark>
<Placemark>
<name>6615</name>
<Point>
<coordinates>16.115652,44.816812</coordinates>
</Point>
</Placemark>
<Placemark>
<name>6616</name>
<Point>
<coordinates>16.115652,44.816812</coordinates>
</Point>
</Placemark>
<Placemark>
<name>6605</name>
<Point>
<coordinates>16.115652,44.816812</coordinates>
</Point>
</Placemark>
<Placemark>
<name>6606</name>
<Point>
<coordinates>16.115652,44.816812</coordinates>
</Point>
</Placemark>
<Placemark>
<name>6607</name>
<Point>
<coordinates>16.115652,44.816812</coordinates>
</Point>
</Placemark>
<Placemark>
<name>6608</name>
<Point>
<coordinates>16.115652,44.816812</coordinates>
</Point>
</Placemark>
<Placemark>
<name>6609</name>
<Point>
<coordinates>16.115652,44.816812</coordinates>
</Point>
</Placemark>
<Placemark>
<name>6610</name>
<Point>
<coordinates>16.115652,44.816812</coordinates>
</Point>
</Placemark>
<Placemark>
<name>6599</name>
<Point>
<coordinates>16.114090,44.818238</coordinates>
</Point>
</Placemark>
<Placemark>
<name>6600</name>
<Point>
<coordinates>16.114090,44.818238</coordinates>
</Point>
</Placemark>
<Placemark>
<name>6601</name>
<Point>
<coordinates>16.114090,44.818238</coordinates>
</Point>
</Placemark>
<Placemark>
<name>6602</name>
<Point>
<coordinates>16.114090,44.818238</coordinates>
</Point>
</Placemark>
<Placemark>
<name>6603</name>
<Point>
<coordinates>16.114090,44.818238</coordinates>
</Point>
</Placemark>
<Placemark>
<name>6604</name>
<Point>
<coordinates>16.114090,44.818238</coordinates>
</Point>
</Placemark>
<Placemark>
<name>6593</name>
<Point>
<coordinates>16.114090,44.818238</coordinates>
</Point>
</Placemark>
<Placemark>
<name>6594</name>
<Point>
<coordinates>16.114090,44.818238</coordinates>
</Point>
</Placemark>
<Placemark>
<name>6595</name>
<Point>
<coordinates>16.114090,44.818238</coordinates>
</Point>
</Placemark>
<Placemark>
<name>6596</name>
<Point>
<coordinates>16.114090,44.818238</coordinates>
</Point>
</Placemark>
<Placemark>
<name>6597</name>
<Point>
<coordinates>16.114090,44.818238</coordinates>
</Point>
</Placemark>
<Placemark>
<name>6598</name>
<Point>
<coordinates>16.114090,44.818238</coordinates>
</Point>
</Placemark>
<Placemark>
<name>6587</name>
<Point>
<coordinates>16.114090,44.818238</coordinates>
</Point>
</Placemark>
<Placemark>
<name>6588</name>
<Point>
<coordinates>16.114090,44.818238</coordinates>
</Point>
</Placemark>
<Placemark>
<name>6589</name>
<Point>
<coordinates>16.114090,44.818238</coordinates>
</Point>
</Placemark>
<Placemark>
<name>6590</name>
<Point>
<coordinates>16.114090,44.818238</coordinates>
</Point>
</Placemark>
<Placemark>
<name>6591</name>
<Point>
<coordinates>16.114090,44.818238</coordinates>
</Point>
</Placemark>
<Placemark>
<name>6592</name>
<Point>
<coordinates>16.114090,44.818238</coordinates>
</Point>
</Placemark>
<Placemark>
<name>6581</name>
<Point>
<coordinates>16.114090,44.818238</coordinates>
</Point>
</Placemark>
<Placemark>
<name>6582</name>
<Point>
<coordinates>16.114090,44.818238</coordinates>
</Point>
</Placemark>
<Placemark>
<name>6583</name>
<Point>
<coordinates>16.114090,44.818238</coordinates>
</Point>
</Placemark>
<Placemark>
<name>6584</name>
<Point>
<coordinates>16.114090,44.818238</coordinates>
</Point>
</Placemark>
<Placemark>
<name>6585</name>
<Point>
<coordinates>16.114090,44.818238</coordinates>
</Point>
</Placemark>
<Placemark>
<name>6586</name>
<Point>
<coordinates>16.114090,44.818238</coordinates>
</Point>
</Placemark>
<Placemark>
<name>6575</name>
<Point>
<coordinates>16.114090,44.818238</coordinates>
</Point>
</Placemark>
<Placemark>
<name>6576</name>
<Point>
<coordinates>16.114090,44.818238</coordinates>
</Point>
</Placemark>
<Placemark>
<name>6577</name>
<Point>
<coordinates>16.114090,44.818238</coordinates>
</Point>
</Placemark>
<Placemark>
<name>6578</name>
<Point>
<coordinates>16.114090,44.818238</coordinates>
</Point>
</Placemark>
<Placemark>
<name>6579</name>
<Point>
<coordinates>16.114090,44.818238</coordinates>
</Point>
</Placemark>
<Placemark>
<name>6580</name>
<Point>
<coordinates>16.114090,44.818238</coordinates>
</Point>
</Placemark>
<Placemark>
<name>6569</name>
<Point>
<coordinates>16.113688,44.816482</coordinates>
</Point>
</Placemark>
<Placemark>
<name>6570</name>
<Point>
<coordinates>16.113688,44.816482</coordinates>
</Point>
</Placemark>
<Placemark>
<name>6571</name>
<Point>
<coordinates>16.113688,44.816482</coordinates>
</Point>
</Placemark>
<Placemark>
<name>6572</name>
<Point>
<coordinates>16.113688,44.816482</coordinates>
</Point>
</Placemark>
<Placemark>
<name>6573</name>
<Point>
<coordinates>16.114090,44.818238</coordinates>
</Point>
</Placemark>
<Placemark>
<name>6574</name>
<Point>
<coordinates>16.114090,44.818238</coordinates>
</Point>
</Placemark>
<Placemark>
<name>6563</name>
<Point>
<coordinates>16.113688,44.816482</coordinates>
</Point>
</Placemark>
<Placemark>
<name>6564</name>
<Point>
<coordinates>16.113688,44.816482</coordinates>
</Point>
</Placemark>
<Placemark>
<name>6565</name>
<Point>
<coordinates>16.113688,44.816482</coordinates>
</Point>
</Placemark>
<Placemark>
<name>6566</name>
<Point>
<coordinates>16.113688,44.816482</coordinates>
</Point>
</Placemark>
<Placemark>
<name>6567</name>
<Point>
<coordinates>16.113688,44.816482</coordinates>
</Point>
</Placemark>
<Placemark>
<name>6568</name>
<Point>
<coordinates>16.113688,44.816482</coordinates>
</Point>
</Placemark>
<Placemark>
<name>6467</name>
<Point>
<coordinates>16.113688,44.816482</coordinates>
</Point>
</Placemark>
<Placemark>
<name>6468</name>
<Point>
<coordinates>16.113688,44.816482</coordinates>
</Point>
</Placemark>
<Placemark>
<name>6469</name>
<Point>
<coordinates>16.113688,44.816482</coordinates>
</Point>
</Placemark>
<Placemark>
<name>6470</name>
<Point>
<coordinates>16.113688,44.816482</coordinates>
</Point>
</Placemark>
<Placemark>
<name>6561</name>
<Point>
<coordinates>16.113688,44.816482</coordinates>
</Point>
</Placemark>
<Placemark>
<name>6562</name>
<Point>
<coordinates>16.113688,44.816482</coordinates>
</Point>
</Placemark>
<Placemark>
<name>6461</name>
<Point>
<coordinates>16.113688,44.816482</coordinates>
</Point>
</Placemark>
<Placemark>
<name>6462</name>
<Point>
<coordinates>16.113688,44.816482</coordinates>
</Point>
</Placemark>
<Placemark>
<name>6463</name>
<Point>
<coordinates>16.113688,44.816482</coordinates>
</Point>
</Placemark>
<Placemark>
<name>6464</name>
<Point>
<coordinates>16.113688,44.816482</coordinates>
</Point>
</Placemark>
<Placemark>
<name>6465</name>
<Point>
<coordinates>16.113688,44.816482</coordinates>
</Point>
</Placemark>
<Placemark>
<name>6466</name>
<Point>
<coordinates>16.113688,44.816482</coordinates>
</Point>
</Placemark>
<Placemark>
<name>6455</name>
<Point>
<coordinates>16.115257,44.816387</coordinates>
</Point>
</Placemark>
<Placemark>
<name>6456</name>
<Point>
<coordinates>16.115257,44.816387</coordinates>
</Point>
</Placemark>
<Placemark>
<name>6457</name>
<Point>
<coordinates>16.113688,44.816482</coordinates>
</Point>
</Placemark>
<Placemark>
<name>6458</name>
<Point>
<coordinates>16.113688,44.816482</coordinates>
</Point>
</Placemark>
<Placemark>
<name>6459</name>
<Point>
<coordinates>16.113688,44.816482</coordinates>
</Point>
</Placemark>
<Placemark>
<name>6460</name>
<Point>
<coordinates>16.113688,44.816482</coordinates>
</Point>
</Placemark>
<Placemark>
<name>6449</name>
<Point>
<coordinates>16.115257,44.816387</coordinates>
</Point>
</Placemark>
<Placemark>
<name>6450</name>
<Point>
<coordinates>16.115257,44.816387</coordinates>
</Point>
</Placemark>
<Placemark>
<name>6451</name>
<Point>
<coordinates>16.115257,44.816387</coordinates>
</Point>
</Placemark>
<Placemark>
<name>6452</name>
<Point>
<coordinates>16.115257,44.816387</coordinates>
</Point>
</Placemark>
<Placemark>
<name>6453</name>
<Point>
<coordinates>16.115257,44.816387</coordinates>
</Point>
</Placemark>
<Placemark>
<name>6454</name>
<Point>
<coordinates>16.115257,44.816387</coordinates>
</Point>
</Placemark>
<Placemark>
<name>6443</name>
<Point>
<coordinates>16.115257,44.816387</coordinates>
</Point>
</Placemark>
<Placemark>
<name>6444</name>
<Point>
<coordinates>16.115257,44.816387</coordinates>
</Point>
</Placemark>
<Placemark>
<name>6445</name>
<Point>
<coordinates>16.115257,44.816387</coordinates>
</Point>
</Placemark>
<Placemark>
<name>6446</name>
<Point>
<coordinates>16.115257,44.816387</coordinates>
</Point>
</Placemark>
<Placemark>
<name>6447</name>
<Point>
<coordinates>16.115257,44.816387</coordinates>
</Point>
</Placemark>
<Placemark>
<name>6448</name>
<Point>
<coordinates>16.115257,44.816387</coordinates>
</Point>
</Placemark>
<Placemark>
<name>6437</name>
<Point>
<coordinates>16.118097,44.815640</coordinates>
</Point>
</Placemark>
<Placemark>
<name>6438</name>
<Point>
<coordinates>16.118097,44.815640</coordinates>
</Point>
</Placemark>
<Placemark>
<name>6439</name>
<Point>
<coordinates>16.118097,44.815640</coordinates>
</Point>
</Placemark>
<Placemark>
<name>6440</name>
<Point>
<coordinates>16.118097,44.815640</coordinates>
</Point>
</Placemark>
<Placemark>
<name>6441</name>
<Point>
<coordinates>16.115257,44.816387</coordinates>
</Point>
</Placemark>
<Placemark>
<name>6442</name>
<Point>
<coordinates>16.115257,44.816387</coordinates>
</Point>
</Placemark>
<Placemark>
<name>6431</name>
<Point>
<coordinates>16.118097,44.815640</coordinates>
</Point>
</Placemark>
<Placemark>
<name>6432</name>
<Point>
<coordinates>16.118097,44.815640</coordinates>
</Point>
</Placemark>
<Placemark>
<name>6433</name>
<Point>
<coordinates>16.118097,44.815640</coordinates>
</Point>
</Placemark>
<Placemark>
<name>6434</name>
<Point>
<coordinates>16.118097,44.815640</coordinates>
</Point>
</Placemark>
<Placemark>
<name>6435</name>
<Point>
<coordinates>16.118097,44.815640</coordinates>
</Point>
</Placemark>
<Placemark>
<name>6436</name>
<Point>
<coordinates>16.118097,44.815640</coordinates>
</Point>
</Placemark>
<Placemark>
<name>6425</name>
<Point>
<coordinates>16.118097,44.815640</coordinates>
</Point>
</Placemark>
<Placemark>
<name>6426</name>
<Point>
<coordinates>16.118097,44.815640</coordinates>
</Point>
</Placemark>
<Placemark>
<name>6427</name>
<Point>
<coordinates>16.118097,44.815640</coordinates>
</Point>
</Placemark>
<Placemark>
<name>6428</name>
<Point>
<coordinates>16.118097,44.815640</coordinates>
</Point>
</Placemark>
<Placemark>
<name>6429</name>
<Point>
<coordinates>16.118097,44.815640</coordinates>
</Point>
</Placemark>
<Placemark>
<name>6430</name>
<Point>
<coordinates>16.118097,44.815640</coordinates>
</Point>
</Placemark>
<Placemark>
<name>6419</name>
<Point>
<coordinates>16.118097,44.815640</coordinates>
</Point>
</Placemark>
<Placemark>
<name>6420</name>
<Point>
<coordinates>16.118097,44.815640</coordinates>
</Point>
</Placemark>
<Placemark>
<name>6421</name>
<Point>
<coordinates>16.118097,44.815640</coordinates>
</Point>
</Placemark>
<Placemark>
<name>6422</name>
<Point>
<coordinates>16.118097,44.815640</coordinates>
</Point>
</Placemark>
<Placemark>
<name>6423</name>
<Point>
<coordinates>16.118097,44.815640</coordinates>
</Point>
</Placemark>
<Placemark>
<name>6424</name>
<Point>
<coordinates>16.118097,44.815640</coordinates>
</Point>
</Placemark>
<Placemark>
<name>6413</name>
<Point>
<coordinates>16.118097,44.815640</coordinates>
</Point>
</Placemark>
<Placemark>
<name>6414</name>
<Point>
<coordinates>16.118097,44.815640</coordinates>
</Point>
</Placemark>
<Placemark>
<name>6415</name>
<Point>
<coordinates>16.118097,44.815640</coordinates>
</Point>
</Placemark>
<Placemark>
<name>6416</name>
<Point>
<coordinates>16.118097,44.815640</coordinates>
</Point>
</Placemark>
<Placemark>
<name>6417</name>
<Point>
<coordinates>16.118097,44.815640</coordinates>
</Point>
</Placemark>
<Placemark>
<name>6418</name>
<Point>
<coordinates>16.118097,44.815640</coordinates>
</Point>
</Placemark>
<Placemark>
<name>6407</name>
<Point>
<coordinates>16.118097,44.815640</coordinates>
</Point>
</Placemark>
<Placemark>
<name>6408</name>
<Point>
<coordinates>16.118097,44.815640</coordinates>
</Point>
</Placemark>
<Placemark>
<name>6409</name>
<Point>
<coordinates>16.118097,44.815640</coordinates>
</Point>
</Placemark>
<Placemark>
<name>6410</name>
<Point>
<coordinates>16.118097,44.815640</coordinates>
</Point>
</Placemark>
<Placemark>
<name>6411</name>
<Point>
<coordinates>16.118097,44.815640</coordinates>
</Point>
</Placemark>
<Placemark>
<name>6412</name>
<Point>
<coordinates>16.118097,44.815640</coordinates>
</Point>
</Placemark>
<Placemark>
<name>6401</name>
<Point>
<coordinates>16.118097,44.815640</coordinates>
</Point>
</Placemark>
<Placemark>
<name>6402</name>
<Point>
<coordinates>16.118097,44.815640</coordinates>
</Point>
</Placemark>
<Placemark>
<name>6403</name>
<Point>
<coordinates>16.118097,44.815640</coordinates>
</Point>
</Placemark>
<Placemark>
<name>6404</name>
<Point>
<coordinates>16.118097,44.815640</coordinates>
</Point>
</Placemark>
<Placemark>
<name>6405</name>
<Point>
<coordinates>16.118097,44.815640</coordinates>
</Point>
</Placemark>
<Placemark>
<name>6406</name>
<Point>
<coordinates>16.118097,44.815640</coordinates>
</Point>
</Placemark>
<Placemark>
<name>6395</name>
<Point>
<coordinates>16.118097,44.815640</coordinates>
</Point>
</Placemark>
<Placemark>
<name>6396</name>
<Point>
<coordinates>16.118097,44.815640</coordinates>
</Point>
</Placemark>
<Placemark>
<name>6397</name>
<Point>
<coordinates>16.118097,44.815640</coordinates>
</Point>
</Placemark>
<Placemark>
<name>6398</name>
<Point>
<coordinates>16.118097,44.815640</coordinates>
</Point>
</Placemark>
<Placemark>
<name>6399</name>
<Point>
<coordinates>16.118097,44.815640</coordinates>
</Point>
</Placemark>
<Placemark>
<name>6400</name>
<Point>
<coordinates>16.118097,44.815640</coordinates>
</Point>
</Placemark>
<Placemark>
<name>6389</name>
<Point>
<coordinates>16.118097,44.815640</coordinates>
</Point>
</Placemark>
<Placemark>
<name>6390</name>
<Point>
<coordinates>16.118097,44.815640</coordinates>
</Point>
</Placemark>
<Placemark>
<name>6391</name>
<Point>
<coordinates>16.118097,44.815640</coordinates>
</Point>
</Placemark>
<Placemark>
<name>6392</name>
<Point>
<coordinates>16.118097,44.815640</coordinates>
</Point>
</Placemark>
<Placemark>
<name>6393</name>
<Point>
<coordinates>16.118097,44.815640</coordinates>
</Point>
</Placemark>
<Placemark>
<name>6394</name>
<Point>
<coordinates>16.118097,44.815640</coordinates>
</Point>
</Placemark>
<Placemark>
<name>6383</name>
<Point>
<coordinates>16.120607,44.814540</coordinates>
</Point>
</Placemark>
<Placemark>
<name>6384</name>
<Point>
<coordinates>16.120607,44.814540</coordinates>
</Point>
</Placemark>
<Placemark>
<name>6385</name>
<Point>
<coordinates>16.120607,44.814540</coordinates>
</Point>
</Placemark>
<Placemark>
<name>6386</name>
<Point>
<coordinates>16.120607,44.814540</coordinates>
</Point>
</Placemark>
<Placemark>
<name>6387</name>
<Point>
<coordinates>16.118248,44.815638</coordinates>
</Point>
</Placemark>
<Placemark>
<name>6388</name>
<Point>
<coordinates>16.118248,44.815638</coordinates>
</Point>
</Placemark>
<Placemark>
<name>6381</name>
<Point>
<coordinates>16.120607,44.814540</coordinates>
</Point>
</Placemark>
<Placemark>
<name>6382</name>
<Point>
<coordinates>16.120607,44.814540</coordinates>
</Point>
</Placemark>
<Placemark>
<name>6841</name>
<Point>
<coordinates>16.116323,44.816407</coordinates>
</Point>
</Placemark>
<Placemark>
<name>6842</name>
<Point>
<coordinates>16.116323,44.816407</coordinates>
</Point>
</Placemark>
<Placemark>
<name>6835</name>
<Point>
<coordinates>16.116170,44.816712</coordinates>
</Point>
</Placemark>
<Placemark>
<name>6836</name>
<Point>
<coordinates>16.116170,44.816712</coordinates>
</Point>
</Placemark>
<Placemark>
<name>6837</name>
<Point>
<coordinates>16.116432,44.816427</coordinates>
</Point>
</Placemark>
<Placemark>
<name>6838</name>
<Point>
<coordinates>16.116388,44.816333</coordinates>
</Point>
</Placemark>
<Placemark>
<name>6839</name>
<Point>
<coordinates>16.116323,44.816407</coordinates>
</Point>
</Placemark>
<Placemark>
<name>6840</name>
<Point>
<coordinates>16.116323,44.816407</coordinates>
</Point>
</Placemark>
<Placemark>
<name>6829</name>
<Point>
<coordinates>16.116590,44.816835</coordinates>
</Point>
</Placemark>
<Placemark>
<name>6830</name>
<Point>
<coordinates>16.116615,44.816883</coordinates>
</Point>
</Placemark>
<Placemark>
<name>6831</name>
<Point>
<coordinates>16.116568,44.816925</coordinates>
</Point>
</Placemark>
<Placemark>
<name>6832</name>
<Point>
<coordinates>16.116518,44.816915</coordinates>
</Point>
</Placemark>
<Placemark>
<name>6833</name>
<Point>
<coordinates>16.116027,44.816887</coordinates>
</Point>
</Placemark>
<Placemark>
<name>6834</name>
<Point>
<coordinates>16.116120,44.816803</coordinates>
</Point>
</Placemark>
<Placemark>
<name>6823</name>
<Point>
<coordinates>16.116875,44.816633</coordinates>
</Point>
</Placemark>
<Placemark>
<name>6824</name>
<Point>
<coordinates>16.116843,44.816638</coordinates>
</Point>
</Placemark>
<Placemark>
<name>6825</name>
<Point>
<coordinates>16.116853,44.816677</coordinates>
</Point>
</Placemark>
<Placemark>
<name>6826</name>
<Point>
<coordinates>16.116715,44.816652</coordinates>
</Point>
</Placemark>
<Placemark>
<name>6827</name>
<Point>
<coordinates>16.116677,44.816683</coordinates>
</Point>
</Placemark>
<Placemark>
<name>6828</name>
<Point>
<coordinates>16.116610,44.816813</coordinates>
</Point>
</Placemark>
<Placemark>
<name>6817</name>
<Point>
<coordinates>16.117378,44.816822</coordinates>
</Point>
</Placemark>
<Placemark>
<name>6818</name>
<Point>
<coordinates>16.117477,44.816877</coordinates>
</Point>
</Placemark>
<Placemark>
<name>6819</name>
<Point>
<coordinates>16.117403,44.816723</coordinates>
</Point>
</Placemark>
<Placemark>
<name>6820</name>
<Point>
<coordinates>16.117662,44.816677</coordinates>
</Point>
</Placemark>
<Placemark>
<name>6821</name>
<Point>
<coordinates>16.117255,44.816753</coordinates>
</Point>
</Placemark>
<Placemark>
<name>6822</name>
<Point>
<coordinates>16.116965,44.816738</coordinates>
</Point>
</Placemark>
<Placemark>
<name>6811</name>
<Point>
<coordinates>16.116922,44.816932</coordinates>
</Point>
</Placemark>
<Placemark>
<name>6812</name>
<Point>
<coordinates>16.116973,44.816767</coordinates>
</Point>
</Placemark>
<Placemark>
<name>6813</name>
<Point>
<coordinates>16.117153,44.816790</coordinates>
</Point>
</Placemark>
<Placemark>
<name>6814</name>
<Point>
<coordinates>16.117163,44.816818</coordinates>
</Point>
</Placemark>
<Placemark>
<name>6815</name>
<Point>
<coordinates>16.117225,44.816870</coordinates>
</Point>
</Placemark>
<Placemark>
<name>6816</name>
<Point>
<coordinates>16.117343,44.816820</coordinates>
</Point>
</Placemark>
<Placemark>
<name>6805</name>
<Point>
<coordinates>16.117572,44.816975</coordinates>
</Point>
</Placemark>
<Placemark>
<name>6806</name>
<Point>
<coordinates>16.117478,44.816998</coordinates>
</Point>
</Placemark>
<Placemark>
<name>6807</name>
<Point>
<coordinates>16.117357,44.817132</coordinates>
</Point>
</Placemark>
<Placemark>
<name>6808</name>
<Point>
<coordinates>16.117007,44.817115</coordinates>
</Point>
</Placemark>
<Placemark>
<name>6809</name>
<Point>
<coordinates>16.116918,44.817015</coordinates>
</Point>
</Placemark>
<Placemark>
<name>6810</name>
<Point>
<coordinates>16.116800,44.816970</coordinates>
</Point>
</Placemark>
<Placemark>
<name>6739</name>
<Point>
<coordinates>16.117528,44.817242</coordinates>
</Point>
</Placemark>
<Placemark>
<name>6740</name>
<Point>
<coordinates>16.117600,44.817288</coordinates>
</Point>
</Placemark>
<Placemark>
<name>6801</name>
<Point>
<coordinates>16.117695,44.817348</coordinates>
</Point>
</Placemark>
<Placemark>
<name>6802</name>
<Point>
<coordinates>16.117738,44.817215</coordinates>
</Point>
</Placemark>
<Placemark>
<name>6803</name>
<Point>
<coordinates>16.117863,44.817072</coordinates>
</Point>
</Placemark>
<Placemark>
<name>6804</name>
<Point>
<coordinates>16.117548,44.817000</coordinates>
</Point>
</Placemark>
<Placemark>
<name>6733</name>
<Point>
<coordinates>16.117790,44.817488</coordinates>
</Point>
</Placemark>
<Placemark>
<name>6734</name>
<Point>
<coordinates>16.117790,44.817488</coordinates>
</Point>
</Placemark>
<Placemark>
<name>6735</name>
<Point>
<coordinates>16.117527,44.817460</coordinates>
</Point>
</Placemark>
<Placemark>
<name>6736</name>
<Point>
<coordinates>16.117307,44.817430</coordinates>
</Point>
</Placemark>
<Placemark>
<name>6737</name>
<Point>
<coordinates>16.117368,44.817323</coordinates>
</Point>
</Placemark>
<Placemark>
<name>6738</name>
<Point>
<coordinates>16.117493,44.817262</coordinates>
</Point>
</Placemark>
<Placemark>
<name>6727</name>
<Point>
<coordinates>16.117802,44.817557</coordinates>
</Point>
</Placemark>
<Placemark>
<name>6728</name>
<Point>
<coordinates>16.117802,44.817557</coordinates>
</Point>
</Placemark>
<Placemark>
<name>6729</name>
<Point>
<coordinates>16.117887,44.817608</coordinates>
</Point>
</Placemark>
<Placemark>
<name>6730</name>
<Point>
<coordinates>16.117922,44.817568</coordinates>
</Point>
</Placemark>
<Placemark>
<name>6731</name>
<Point>
<coordinates>16.117937,44.817568</coordinates>
</Point>
</Placemark>
<Placemark>
<name>6732</name>
<Point>
<coordinates>16.117955,44.817502</coordinates>
</Point>
</Placemark>
<Placemark>
<name>6721</name>
<Point>
<coordinates>16.117678,44.817790</coordinates>
</Point>
</Placemark>
<Placemark>
<name>6722</name>
<Point>
<coordinates>16.117678,44.817790</coordinates>
</Point>
</Placemark>
<Placemark>
<name>6723</name>
<Point>
<coordinates>16.117678,44.817790</coordinates>
</Point>
</Placemark>
<Placemark>
<name>6724</name>
<Point>
<coordinates>16.117515,44.817733</coordinates>
</Point>
</Placemark>
<Placemark>
<name>6725</name>
<Point>
<coordinates>16.117522,44.817723</coordinates>
</Point>
</Placemark>
<Placemark>
<name>6726</name>
<Point>
<coordinates>16.117648,44.817615</coordinates>
</Point>
</Placemark>
<Placemark>
<name>6715</name>
<Point>
<coordinates>16.117847,44.818267</coordinates>
</Point>
</Placemark>
<Placemark>
<name>6716</name>
<Point>
<coordinates>16.117793,44.818172</coordinates>
</Point>
</Placemark>
<Placemark>
<name>6717</name>
<Point>
<coordinates>16.117747,44.818095</coordinates>
</Point>
</Placemark>
<Placemark>
<name>6718</name>
<Point>
<coordinates>16.117727,44.818083</coordinates>
</Point>
</Placemark>
<Placemark>
<name>6719</name>
<Point>
<coordinates>16.117680,44.817980</coordinates>
</Point>
</Placemark>
<Placemark>
<name>6720</name>
<Point>
<coordinates>16.117727,44.817883</coordinates>
</Point>
</Placemark>
<Placemark>
<name>6679</name>
<Point>
<coordinates>16.117250,44.818208</coordinates>
</Point>
</Placemark>
<Placemark>
<name>6680</name>
<Point>
<coordinates>16.117395,44.818228</coordinates>
</Point>
</Placemark>
<Placemark>
<name>6711</name>
<Point>
<coordinates>16.117488,44.818252</coordinates>
</Point>
</Placemark>
<Placemark>
<name>6712</name>
<Point>
<coordinates>16.117462,44.818305</coordinates>
</Point>
</Placemark>
<Placemark>
<name>6713</name>
<Point>
<coordinates>16.117462,44.818305</coordinates>
</Point>
</Placemark>
<Placemark>
<name>6714</name>
<Point>
<coordinates>16.117618,44.818248</coordinates>
</Point>
</Placemark>
<Placemark>
<name>6673</name>
<Point>
<coordinates>16.116813,44.817565</coordinates>
</Point>
</Placemark>
<Placemark>
<name>6674</name>
<Point>
<coordinates>16.116835,44.817710</coordinates>
</Point>
</Placemark>
<Placemark>
<name>6675</name>
<Point>
<coordinates>16.116877,44.817743</coordinates>
</Point>
</Placemark>
<Placemark>
<name>6676</name>
<Point>
<coordinates>16.116930,44.817780</coordinates>
</Point>
</Placemark>
<Placemark>
<name>6677</name>
<Point>
<coordinates>16.117032,44.818010</coordinates>
</Point>
</Placemark>
<Placemark>
<name>6678</name>
<Point>
<coordinates>16.117130,44.818113</coordinates>
</Point>
</Placemark>
<Placemark>
<name>6667</name>
<Point>
<coordinates>16.116807,44.817180</coordinates>
</Point>
</Placemark>
<Placemark>
<name>6668</name>
<Point>
<coordinates>16.116810,44.817113</coordinates>
</Point>
</Placemark>
<Placemark>
<name>6669</name>
<Point>
<coordinates>16.116883,44.817367</coordinates>
</Point>
</Placemark>
<Placemark>
<name>6670</name>
<Point>
<coordinates>16.117015,44.817590</coordinates>
</Point>
</Placemark>
<Placemark>
<name>6671</name>
<Point>
<coordinates>16.116857,44.817548</coordinates>
</Point>
</Placemark>
<Placemark>
<name>6672</name>
<Point>
<coordinates>16.116813,44.817565</coordinates>
</Point>
</Placemark>
<Placemark>
<name>6661</name>
<Point>
<coordinates>16.116350,44.816933</coordinates>
</Point>
</Placemark>
<Placemark>
<name>6662</name>
<Point>
<coordinates>16.116350,44.816933</coordinates>
</Point>
</Placemark>
<Placemark>
<name>6663</name>
<Point>
<coordinates>16.116458,44.816998</coordinates>
</Point>
</Placemark>
<Placemark>
<name>6664</name>
<Point>
<coordinates>16.116335,44.817118</coordinates>
</Point>
</Placemark>
<Placemark>
<name>6665</name>
<Point>
<coordinates>16.116662,44.817120</coordinates>
</Point>
</Placemark>
<Placemark>
<name>6666</name>
<Point>
<coordinates>16.116705,44.817217</coordinates>
</Point>
</Placemark>
<Placemark>
<name>6655</name>
<Point>
<coordinates>16.115425,44.816508</coordinates>
</Point>
</Placemark>
<Placemark>
<name>6656</name>
<Point>
<coordinates>16.115468,44.816582</coordinates>
</Point>
</Placemark>
<Placemark>
<name>6657</name>
<Point>
<coordinates>16.115962,44.816895</coordinates>
</Point>
</Placemark>
<Placemark>
<name>6658</name>
<Point>
<coordinates>16.116053,44.816828</coordinates>
</Point>
</Placemark>
<Placemark>
<name>6659</name>
<Point>
<coordinates>16.116323,44.816868</coordinates>
</Point>
</Placemark>
<Placemark>
<name>6660</name>
<Point>
<coordinates>16.116322,44.816887</coordinates>
</Point>
</Placemark>
<Placemark>
<name>6649</name>
<Point>
<coordinates>16.114292,44.816825</coordinates>
</Point>
</Placemark>
<Placemark>
<name>6650</name>
<Point>
<coordinates>16.114292,44.816825</coordinates>
</Point>
</Placemark>
<Placemark>
<name>6651</name>
<Point>
<coordinates>16.114330,44.816762</coordinates>
</Point>
</Placemark>
<Placemark>
<name>6652</name>
<Point>
<coordinates>16.114663,44.816557</coordinates>
</Point>
</Placemark>
<Placemark>
<name>6653</name>
<Point>
<coordinates>16.114828,44.816582</coordinates>
</Point>
</Placemark>
<Placemark>
<name>6654</name>
<Point>
<coordinates>16.114828,44.816582</coordinates>
</Point>
</Placemark>
<Placemark>
<name>6643</name>
<Point>
<coordinates>16.114357,44.817118</coordinates>
</Point>
</Placemark>
<Placemark>
<name>6644</name>
<Point>
<coordinates>16.114420,44.817072</coordinates>
</Point>
</Placemark>
<Placemark>
<name>6645</name>
<Point>
<coordinates>16.114420,44.817072</coordinates>
</Point>
</Placemark>
<Placemark>
<name>6646</name>
<Point>
<coordinates>16.114372,44.816968</coordinates>
</Point>
</Placemark>
<Placemark>
<name>6647</name>
<Point>
<coordinates>16.114372,44.816968</coordinates>
</Point>
</Placemark>
<Placemark>
<name>6648</name>
<Point>
<coordinates>16.114287,44.816932</coordinates>
</Point>
</Placemark>
<Placemark>
<name>6637</name>
<Point>
<coordinates>16.114337,44.817413</coordinates>
</Point>
</Placemark>
<Placemark>
<name>6638</name>
<Point>
<coordinates>16.114337,44.817413</coordinates>
</Point>
</Placemark>
<Placemark>
<name>6639</name>
<Point>
<coordinates>16.114438,44.817363</coordinates>
</Point>
</Placemark>
<Placemark>
<name>6640</name>
<Point>
<coordinates>16.114438,44.817363</coordinates>
</Point>
</Placemark>
<Placemark>
<name>6641</name>
<Point>
<coordinates>16.114438,44.817363</coordinates>
</Point>
</Placemark>
<Placemark>
<name>6642</name>
<Point>
<coordinates>16.114347,44.817207</coordinates>
</Point>
</Placemark>
<Placemark>
<name>6631</name>
<Point>
<coordinates>16.113830,44.817793</coordinates>
</Point>
</Placemark>
<Placemark>
<name>6632</name>
<Point>
<coordinates>16.113830,44.817793</coordinates>
</Point>
</Placemark>
<Placemark>
<name>6633</name>
<Point>
<coordinates>16.113830,44.817793</coordinates>
</Point>
</Placemark>
<Placemark>
<name>6634</name>
<Point>
<coordinates>16.113830,44.817793</coordinates>
</Point>
</Placemark>
<Placemark>
<name>6635</name>
<Point>
<coordinates>16.114330,44.817402</coordinates>
</Point>
</Placemark>
<Placemark>
<name>6636</name>
<Point>
<coordinates>16.114337,44.817413</coordinates>
</Point>
</Placemark>
<Placemark>
<name>6625</name>
<Point>
<coordinates>16.113830,44.817793</coordinates>
</Point>
</Placemark>
<Placemark>
<name>6626</name>
<Point>
<coordinates>16.113830,44.817793</coordinates>
</Point>
</Placemark>
<Placemark>
<name>6627</name>
<Point>
<coordinates>16.113830,44.817793</coordinates>
</Point>
</Placemark>
<Placemark>
<name>6628</name>
<Point>
<coordinates>16.113830,44.817793</coordinates>
</Point>
</Placemark>
<Placemark>
<name>6629</name>
<Point>
<coordinates>16.113830,44.817793</coordinates>
</Point>
</Placemark>
<Placemark>
<name>6630</name>
<Point>
<coordinates>16.113830,44.817793</coordinates>
</Point>
</Placemark>
<Placemark>
<name>6558</name>
<Point>
<coordinates>16.114155,44.817068</coordinates>
</Point>
</Placemark>
<Placemark>
<name>6559</name>
<Point>
<coordinates>16.114155,44.817068</coordinates>
</Point>
</Placemark>
<Placemark>
<name>6621</name>
<Point>
<coordinates>16.114155,44.817068</coordinates>
</Point>
</Placemark>
<Placemark>
<name>6622</name>
<Point>
<coordinates>16.114155,44.817068</coordinates>
</Point>
</Placemark>
<Placemark>
<name>6623</name>
<Point>
<coordinates>16.113975,44.817870</coordinates>
</Point>
</Placemark>
<Placemark>
<name>6624</name>
<Point>
<coordinates>16.113830,44.817793</coordinates>
</Point>
</Placemark>
<Placemark>
<name>6552</name>
<Point>
<coordinates>16.113603,44.816562</coordinates>
</Point>
</Placemark>
<Placemark>
<name>6553</name>
<Point>
<coordinates>16.113603,44.816562</coordinates>
</Point>
</Placemark>
<Placemark>
<name>6554</name>
<Point>
<coordinates>16.113603,44.816562</coordinates>
</Point>
</Placemark>
<Placemark>
<name>6555</name>
<Point>
<coordinates>16.113603,44.816562</coordinates>
</Point>
</Placemark>
<Placemark>
<name>6556</name>
<Point>
<coordinates>16.113603,44.816562</coordinates>
</Point>
</Placemark>
<Placemark>
<name>6557</name>
<Point>
<coordinates>16.113603,44.816562</coordinates>
</Point>
</Placemark>
<Placemark>
<name>6546</name>
<Point>
<coordinates>16.113652,44.816435</coordinates>
</Point>
</Placemark>
<Placemark>
<name>6547</name>
<Point>
<coordinates>16.113652,44.816435</coordinates>
</Point>
</Placemark>
<Placemark>
<name>6548</name>
<Point>
<coordinates>16.113603,44.816562</coordinates>
</Point>
</Placemark>
<Placemark>
<name>6549</name>
<Point>
<coordinates>16.113603,44.816562</coordinates>
</Point>
</Placemark>
<Placemark>
<name>6550</name>
<Point>
<coordinates>16.113603,44.816562</coordinates>
</Point>
</Placemark>
<Placemark>
<name>6551</name>
<Point>
<coordinates>16.113603,44.816562</coordinates>
</Point>
</Placemark>
<Placemark>
<name>6540</name>
<Point>
<coordinates>16.113315,44.816113</coordinates>
</Point>
</Placemark>
<Placemark>
<name>6541</name>
<Point>
<coordinates>16.113420,44.816227</coordinates>
</Point>
</Placemark>
<Placemark>
<name>6542</name>
<Point>
<coordinates>16.113490,44.816303</coordinates>
</Point>
</Placemark>
<Placemark>
<name>6543</name>
<Point>
<coordinates>16.113490,44.816303</coordinates>
</Point>
</Placemark>
<Placemark>
<name>6544</name>
<Point>
<coordinates>16.113490,44.816303</coordinates>
</Point>
</Placemark>
<Placemark>
<name>6545</name>
<Point>
<coordinates>16.113490,44.816303</coordinates>
</Point>
</Placemark>
<Placemark>
<name>6230</name>
<Point>
<coordinates>16.117863,44.815717</coordinates>
</Point>
</Placemark>
<Placemark>
<name>6471</name>
<Point>
<coordinates>16.117863,44.815717</coordinates>
</Point>
</Placemark>
<Placemark>
<name>6472</name>
<Point>
<coordinates>16.117863,44.815717</coordinates>
</Point>
</Placemark>
<Placemark>
<name>6473</name>
<Point>
<coordinates>16.117863,44.815717</coordinates>
</Point>
</Placemark>
<Placemark>
<name>6538</name>
<Point>
<coordinates>16.113315,44.816113</coordinates>
</Point>
</Placemark>
<Placemark>
<name>6539</name>
<Point>
<coordinates>16.113315,44.816113</coordinates>
</Point>
</Placemark>
<Placemark>
<name>6224</name>
<Point>
<coordinates>16.117863,44.815717</coordinates>
</Point>
</Placemark>
<Placemark>
<name>6225</name>
<Point>
<coordinates>16.117863,44.815717</coordinates>
</Point>
</Placemark>
<Placemark>
<name>6226</name>
<Point>
<coordinates>16.117863,44.815717</coordinates>
</Point>
</Placemark>
<Placemark>
<name>6227</name>
<Point>
<coordinates>16.117863,44.815717</coordinates>
</Point>
</Placemark>
<Placemark>
<name>6228</name>
<Point>
<coordinates>16.117863,44.815717</coordinates>
</Point>
</Placemark>
<Placemark>
<name>6229</name>
<Point>
<coordinates>16.117863,44.815717</coordinates>
</Point>
</Placemark>
<Placemark>
<name>6218</name>
<Point>
<coordinates>16.118380,44.815495</coordinates>
</Point>
</Placemark>
<Placemark>
<name>6219</name>
<Point>
<coordinates>16.118315,44.815567</coordinates>
</Point>
</Placemark>
<Placemark>
<name>6220</name>
<Point>
<coordinates>16.118200,44.815528</coordinates>
</Point>
</Placemark>
<Placemark>
<name>6221</name>
<Point>
<coordinates>16.118068,44.815588</coordinates>
</Point>
</Placemark>
<Placemark>
<name>6222</name>
<Point>
<coordinates>16.117863,44.815717</coordinates>
</Point>
</Placemark>
<Placemark>
<name>6223</name>
<Point>
<coordinates>16.117863,44.815717</coordinates>
</Point>
</Placemark>
<Placemark>
<name>6212</name>
<Point>
<coordinates>16.118695,44.815465</coordinates>
</Point>
</Placemark>
<Placemark>
<name>6213</name>
<Point>
<coordinates>16.118610,44.815460</coordinates>
</Point>
</Placemark>
<Placemark>
<name>6214</name>
<Point>
<coordinates>16.118535,44.815465</coordinates>
</Point>
</Placemark>
<Placemark>
<name>6215</name>
<Point>
<coordinates>16.118490,44.815522</coordinates>
</Point>
</Placemark>
<Placemark>
<name>6216</name>
<Point>
<coordinates>16.118363,44.815495</coordinates>
</Point>
</Placemark>
<Placemark>
<name>6217</name>
<Point>
<coordinates>16.118397,44.815490</coordinates>
</Point>
</Placemark>
<Placemark>
<name>6206</name>
<Point>
<coordinates>16.119203,44.815130</coordinates>
</Point>
</Placemark>
<Placemark>
<name>6207</name>
<Point>
<coordinates>16.119095,44.815178</coordinates>
</Point>
</Placemark>
<Placemark>
<name>6208</name>
<Point>
<coordinates>16.119078,44.815255</coordinates>
</Point>
</Placemark>
<Placemark>
<name>6209</name>
<Point>
<coordinates>16.119042,44.815427</coordinates>
</Point>
</Placemark>
<Placemark>
<name>6210</name>
<Point>
<coordinates>16.118855,44.815442</coordinates>
</Point>
</Placemark>
<Placemark>
<name>6211</name>
<Point>
<coordinates>16.118855,44.815442</coordinates>
</Point>
</Placemark>
<Placemark>
<name>6201</name>
<Point>
<coordinates>16.120062,44.814815</coordinates>
</Point>
</Placemark>
<Placemark>
<name>6202</name>
<Point>
<coordinates>16.119663,44.815105</coordinates>
</Point>
</Placemark>
<Placemark>
<name>6203</name>
<Point>
<coordinates>16.119450,44.815128</coordinates>
</Point>
</Placemark>
<Placemark>
<name>6204</name>
<Point>
<coordinates>16.119298,44.815130</coordinates>
</Point>
</Placemark>
<Placemark>
<name>6205</name>
<Point>
<coordinates>16.119272,44.815113</coordinates>
</Point>
</Placemark>
<Placemark>
<name>6904</name>
<Point>
<coordinates>16.117125,44.819360</coordinates>
</Point>
</Placemark>
<Placemark>
<name>6898</name>
<Point>
<coordinates>16.117125,44.819360</coordinates>
</Point>
</Placemark>
<Placemark>
<name>6899</name>
<Point>
<coordinates>16.117125,44.819360</coordinates>
</Point>
</Placemark>
<Placemark>
<name>6900</name>
<Point>
<coordinates>16.117125,44.819360</coordinates>
</Point>
</Placemark>
<Placemark>
<name>6901</name>
<Point>
<coordinates>16.117125,44.819360</coordinates>
</Point>
</Placemark>
<Placemark>
<name>6902</name>
<Point>
<coordinates>16.117125,44.819360</coordinates>
</Point>
</Placemark>
<Placemark>
<name>6903</name>
<Point>
<coordinates>16.117125,44.819360</coordinates>
</Point>
</Placemark>
<Placemark>
<name>6892</name>
<Point>
<coordinates>16.116535,44.819645</coordinates>
</Point>
</Placemark>
<Placemark>
<name>6893</name>
<Point>
<coordinates>16.117125,44.819360</coordinates>
</Point>
</Placemark>
<Placemark>
<name>6894</name>
<Point>
<coordinates>16.117125,44.819360</coordinates>
</Point>
</Placemark>
<Placemark>
<name>6895</name>
<Point>
<coordinates>16.117125,44.819360</coordinates>
</Point>
</Placemark>
<Placemark>
<name>6896</name>
<Point>
<coordinates>16.117125,44.819360</coordinates>
</Point>
</Placemark>
<Placemark>
<name>6897</name>
<Point>
<coordinates>16.117125,44.819360</coordinates>
</Point>
</Placemark>
<Placemark>
<name>6886</name>
<Point>
<coordinates>16.116535,44.819645</coordinates>
</Point>
</Placemark>
<Placemark>
<name>6887</name>
<Point>
<coordinates>16.116535,44.819645</coordinates>
</Point>
</Placemark>
<Placemark>
<name>6888</name>
<Point>
<coordinates>16.116535,44.819645</coordinates>
</Point>
</Placemark>
<Placemark>
<name>6889</name>
<Point>
<coordinates>16.116535,44.819645</coordinates>
</Point>
</Placemark>
<Placemark>
<name>6890</name>
<Point>
<coordinates>16.116535,44.819645</coordinates>
</Point>
</Placemark>
<Placemark>
<name>6891</name>
<Point>
<coordinates>16.116535,44.819645</coordinates>
</Point>
</Placemark>
<Placemark>
<name>6880</name>
<Point>
<coordinates>16.116643,44.819612</coordinates>
</Point>
</Placemark>
<Placemark>
<name>6881</name>
<Point>
<coordinates>16.116535,44.819645</coordinates>
</Point>
</Placemark>
<Placemark>
<name>6882</name>
<Point>
<coordinates>16.116535,44.819645</coordinates>
</Point>
</Placemark>
<Placemark>
<name>6883</name>
<Point>
<coordinates>16.116535,44.819645</coordinates>
</Point>
</Placemark>
<Placemark>
<name>6884</name>
<Point>
<coordinates>16.116535,44.819645</coordinates>
</Point>
</Placemark>
<Placemark>
<name>6885</name>
<Point>
<coordinates>16.116535,44.819645</coordinates>
</Point>
</Placemark>
<Placemark>
<name>6874</name>
<Point>
<coordinates>16.117438,44.819655</coordinates>
</Point>
</Placemark>
<Placemark>
<name>6875</name>
<Point>
<coordinates>16.117382,44.819610</coordinates>
</Point>
</Placemark>
<Placemark>
<name>6876</name>
<Point>
<coordinates>16.117333,44.819570</coordinates>
</Point>
</Placemark>
<Placemark>
<name>6877</name>
<Point>
<coordinates>16.117215,44.819535</coordinates>
</Point>
</Placemark>
<Placemark>
<name>6878</name>
<Point>
<coordinates>16.116993,44.819505</coordinates>
</Point>
</Placemark>
<Placemark>
<name>6879</name>
<Point>
<coordinates>16.116778,44.819633</coordinates>
</Point>
</Placemark>
<Placemark>
<name>6868</name>
<Point>
<coordinates>16.118128,44.819407</coordinates>
</Point>
</Placemark>
<Placemark>
<name>6869</name>
<Point>
<coordinates>16.118128,44.819407</coordinates>
</Point>
</Placemark>
<Placemark>
<name>6870</name>
<Point>
<coordinates>16.118128,44.819407</coordinates>
</Point>
</Placemark>
<Placemark>
<name>6871</name>
<Point>
<coordinates>16.118128,44.819407</coordinates>
</Point>
</Placemark>
<Placemark>
<name>6872</name>
<Point>
<coordinates>16.118128,44.819407</coordinates>
</Point>
</Placemark>
<Placemark>
<name>6873</name>
<Point>
<coordinates>16.118128,44.819407</coordinates>
</Point>
</Placemark>
<Placemark>
<name>6862</name>
<Point>
<coordinates>16.119318,44.819020</coordinates>
</Point>
</Placemark>
<Placemark>
<name>6863</name>
<Point>
<coordinates>16.119318,44.819020</coordinates>
</Point>
</Placemark>
<Placemark>
<name>6864</name>
<Point>
<coordinates>16.119318,44.819020</coordinates>
</Point>
</Placemark>
<Placemark>
<name>6865</name>
<Point>
<coordinates>16.119318,44.819020</coordinates>
</Point>
</Placemark>
<Placemark>
<name>6866</name>
<Point>
<coordinates>16.118128,44.819407</coordinates>
</Point>
</Placemark>
<Placemark>
<name>6867</name>
<Point>
<coordinates>16.118128,44.819407</coordinates>
</Point>
</Placemark>
<Placemark>
<name>6856</name>
<Point>
<coordinates>16.119318,44.819020</coordinates>
</Point>
</Placemark>
<Placemark>
<name>6857</name>
<Point>
<coordinates>16.119318,44.819020</coordinates>
</Point>
</Placemark>
<Placemark>
<name>6858</name>
<Point>
<coordinates>16.119318,44.819020</coordinates>
</Point>
</Placemark>
<Placemark>
<name>6859</name>
<Point>
<coordinates>16.119318,44.819020</coordinates>
</Point>
</Placemark>
<Placemark>
<name>6860</name>
<Point>
<coordinates>16.119318,44.819020</coordinates>
</Point>
</Placemark>
<Placemark>
<name>6861</name>
<Point>
<coordinates>16.119318,44.819020</coordinates>
</Point>
</Placemark>
<Placemark>
<name>6850</name>
<Point>
<coordinates>16.119657,44.818982</coordinates>
</Point>
</Placemark>
<Placemark>
<name>6851</name>
<Point>
<coordinates>16.119318,44.819020</coordinates>
</Point>
</Placemark>
<Placemark>
<name>6852</name>
<Point>
<coordinates>16.119318,44.819020</coordinates>
</Point>
</Placemark>
<Placemark>
<name>6853</name>
<Point>
<coordinates>16.119318,44.819020</coordinates>
</Point>
</Placemark>
<Placemark>
<name>6854</name>
<Point>
<coordinates>16.119318,44.819020</coordinates>
</Point>
</Placemark>
<Placemark>
<name>6855</name>
<Point>
<coordinates>16.119318,44.819020</coordinates>
</Point>
</Placemark>
<Placemark>
<name>6844</name>
<Point>
<coordinates>16.120393,44.818428</coordinates>
</Point>
</Placemark>
<Placemark>
<name>6845</name>
<Point>
<coordinates>16.120393,44.818428</coordinates>
</Point>
</Placemark>
<Placemark>
<name>6846</name>
<Point>
<coordinates>16.120393,44.818428</coordinates>
</Point>
</Placemark>
<Placemark>
<name>6847</name>
<Point>
<coordinates>16.120393,44.818428</coordinates>
</Point>
</Placemark>
<Placemark>
<name>6848</name>
<Point>
<coordinates>16.120393,44.818428</coordinates>
</Point>
</Placemark>
<Placemark>
<name>6849</name>
<Point>
<coordinates>16.119657,44.818982</coordinates>
</Point>
</Placemark>
<Placemark>
<name>6843</name>
<Point>
<coordinates>16.120602,44.814607</coordinates>
</Point>
</Placemark>
<Placemark>
<name>068/2 Risovac-Krupa</name>
<description><![CDATA[
<b>Porijeklo:</b><br/>BA-387 (F BIH): ŠPD Unsko-sanske šume (Odjel: 068/2 Risovac-Krupa)
]]></description>
<styleUrl>#polygonStyle</styleUrl>
<Polygon><outerBoundaryIs><LinearRing><coordinates>
16.092800,44.802255
16.120675,44.814425
16.125042,44.818688
16.125913,44.819795
16.125853,44.820078
16.125790,44.820160
16.122093,44.820298
16.116535,44.819645
16.114090,44.818238
16.092800,44.802255
</coordinates></LinearRing></outerBoundaryIs></Polygon>
</Placemark>
<Placemark>
<name>BA-387 (F BIH): ŠPD Unsko-sanske šume (Odjel: 068/2 Risovac-Krupa)</name>
<styleUrl>#polygonLabel</styleUrl>
<Point>
<coordinates>16.118755,44.817065</coordinates>
</Point>
</Placemark>
</Document></kml>
